weekendingdate,jurisdiction,numinptbeds,numinptbedsadult,numinptbedsped,numinptbedsocc,numinptbedsoccadult,numinptbedsoccped,numicubeds,numicubedsadult,numicubedsped,numicubedsocc,numicubedsoccadult,numicubedsoccped,numconfc19hosppatsadult,numconfc19hosppatsped,totalconfc19hosppats,numconffluhosppatsadult,numconffluhosppatsped,totalconffluhosppats,numconfrsvhosppatsadult,numconfrsvhosppatsped,totalconfrsvhosppats,numconfc19icupatsadult,numconfc19icupatsped,totalconfc19icupats,numconffluicupatsadult,numconffluicupatsped,totalconffluicupats,numconfrsvicupatsadult,numconfrsvicupatsped,totalconfrsvicupats,numconfc19newadmped0to4,numconfc19newadmped5to17,totalconfc19newadmped,numconfc19newadmadult18to49,numconfc19newadmadult50to64,numconfc19newadmadult65to74,numconfc19newadmadult75plus,totalconfc19newadmadult,numconfc19newadmunk,totalconfc19newadm,numconfflunewadmped0to4,numconfflunewadmped5to17,totalconfflunewadmped,numconfflunewadmadult18to49,numconfflunewadmadult50to64,numconfflunewadmadult65to74,numconfflunewadmadult75plus,totalconfflunewadmadult,numconfflunewadmunk,totalconfflunewadm,numconfrsvnewadmped0to4,numconfrsvnewadmped5to17,totalconfrsvnewadmped,numconfrsvnewadmadult18to49,numconfrsvnewadmadult50to64,numconfrsvnewadmadult65to74,numconfrsvnewadmadult75plus,totalconfrsvnewadmadult,numconfrsvnewadmunk,totalconfrsvnewadm,pctinptbedsocc,pctconfc19inptbeds,pctconffluinptbeds,pctconfrsvinptbeds,pcticubedsocc,pctconfc19icubeds,pctconffluicubeds,pctconfrsvicubeds,pctconfc19newadmadult,pctconfc19newadmped,pctconfflunewadmadult,pctconfflunewadmped,pctconfrsvnewadmadult,pctconfrsvnewadmped,numinptbedshosprep,numinptbedsocchosprep,numicubedshosprep,numicubedsocchosprep,totalconfc19hosppatshosprep,totalconffluhosppatshosprep,totalconfrsvhosppatshosprep,totalconfc19icupatshosprep,totalconffluicupatshosprep,totalconfrsvicupatshosprep,totalconfc19newadmpedhosprep,totalconfc19newadmadulthosprep,totalconfc19newadmhosprep,totalconfflunewadmpedhosprep,totalconfflunewadmadulthosprep,totalconfflunewadmhosprep,totalconfrsvnewadmpedhosprep,totalconfrsvnewadmadulthosprep,totalconfrsvnewadmhosprep,pctinptbedsocchosprep,pcticubedsocchosprep,pctconfc19inptbedshosprep,pctconffluinptbedshosprep,pctconfrsvinptbedshosprep,pctconfc19icubedshosprep,pctconffluicubedshosprep,pctconfrsvicubedshosprep,numinptbedsperchosprep,numinptbedsoccperchosprep,numicubedsperchosprep,numicubedsoccperchosprep,totalconfc19hosppatsperc,totalconffluhosppatsperc,totalconfrsvhosppatsperc,totalconfc19icupatsperchosprep,totalconffluicupatsperchosprep,totalconfrsvicupatsperchosprep,totalconfc19newadmpedper,totalconfc19newadmadultp,totalconfc19newadmperchosprep,totalconfflunewadmpedper,totalconfflunewadmadultp,totalconfflunewadmperchosprep,totalconfrsvnewadmpedper,totalconfrsvnewadmadultp,totalconfrsvnewadmperchosprep,pctinptbedsoccperchosprep,pcticubedsoccperchosprep,pctconfc19inptbedsperchosprep,pctconffluinptbedsperchosprep,pctconfrsvinptbedsperchosprep,pctconfc19icubedsperchosprep,pctconffluicubedsperchosprep,pctconfrsvicubedsperchosprep,numinptbedsperchosprepabschg,numinptbedsoccperchospre,numicubedsperchosprepabschg,numicubedsoccperchosprepabschg,totalconfc19hosppatsperc_1,totalconffluhosppatsperc_1,totalconfrsvhosppatsperc_1,totalconfc19icupatsperch,totalconffluicupatsperch,totalconfrsvicupatsperch,totalconfc19newadmpedper_1,totalconfc19newadmadultp_1,totalconfc19newadmpercho,totalconfflunewadmpedper_1,totalconfflunewadmadultp_1,totalconfflunewadmpercho,totalconfrsvnewadmpedper_1,totalconfrsvnewadmadultp_1,totalconfrsvnewadmpercho,pctinptbedsoccperchospre,pcticubedsoccperchosprepabschg,pctconfc19inptbedspercho,pctconffluinptbedspercho,pctconfrsvinptbedspercho,pctconfc19icubedsperchos,pctconffluicubedsperchos,pctconfrsvicubedsperchos,numconfc19newadmped0to4per100k,numconfc19newadmped5to17per100k,totalconfc19newadmpedper100k,numconfc19newadmadult18to49per100k,numconfc19newadmadult50to64per100k,numconfc19newadmadult65to74per100k,numconfc19newadmadult75plusper100k,totalconfc19newadmadultper100k,totalconfc19newadmper100k,numconfflunewadmped0to4per100k,numconfflunewadmped5to17per100k,totalconfflunewadmpedper100k,numconfflunewadmadult18to49per100k,numconfflunewadmadult50to64per100k,numconfflunewadmadult65to74per100k,numconfflunewadmadult75plusper100k,totalconfflunewadmadultper100k,totalconfflunewadmper100k,numconfrsvnewadmped0to4per100k,numconfrsvnewadmped5to17per100k,totalconfrsvnewadmpedper100k,numconfrsvnewadmadult18to49per100k,numconfrsvnewadmadult50to64per100k,numconfrsvnewadmadult65to74per100k,numconfrsvnewadmadult75plusper100k,totalconfrsvnewadmadultper100k,totalconfrsvnewadmper100k,totalconfc19newadmperchosprepabove80pct,totalconfc19newadmperchosprepabove90pct,totalconfflunewadmperchosprepabove80pct,totalconfflunewadmperchosprepabove90pct,totalconfrsvnewadmperchosprepabove80pct,totalconfrsvnewadmperchosprepabove90pct,pctinptbedsoccadult,pctinptbedsoccped,pcticubedsoccadult,pcticubedsoccped,pctconfc19inptbedsadult,pctconfc19inptbedsped,pctconfc19icubedsadult,pctconfc19icubedsped,pctconffluinptbedsadult,pctconffluinptbedsped,pctconffluicubedsadult,pctconffluicubedsped,pctconfrsvinptbedsadult,pctconfrsvinptbedsped,pctconfrsvicubedsadult,pctconfrsvicubedsped,pctconfc19hosppatsicu,pctconfc19hosppatsicuadult,pctconfc19hosppatsicuped,pctconffluhosppatsicu,pctconffluhosppatsicuadult,pctconffluhosppatsicuped,pctconfrsvhosppatsicu,pctconfrsvhosppatsicuadult,pctconfrsvhosppatsicuped,numconfc19newadmped0to4pctchg,numconfc19newadmped5to17pctchg,totalconfc19newadmpedpctchg,numconfc19newadmadult18to49pctchg,numconfc19newadmadult50to64pctchg,numconfc19newadmadult65to74pctchg,numconfc19newadmadult75pluspctchg,totalconfc19newadmadultpctchg,totalconfc19newadmpctchg,numconfflunewadmped0to4pctchg,numconfflunewadmped5to17pctchg,totalconfflunewadmpedpctchg,numconfflunewadmadult18to49pctchg,numconfflunewadmadult50to64pctchg,numconfflunewadmadult65to74pctchg,numconfflunewadmadult75pluspctchg,totalconfflunewadmadultpctchg,totalconfflunewadmpctchg,numconfrsvnewadmped0to4pctchg,numconfrsvnewadmped5to17pctchg,totalconfrsvnewadmpedpctchg,numconfrsvnewadmadult18to49pctchg,numconfrsvnewadmadult50to64pctchg,numconfrsvnewadmadult65to74pctchg,numconfrsvnewadmadult75pluspctchg,totalconfrsvnewadmadultpctchg,totalconfrsvnewadmpctchg,pctinptbedsoccadulthosprep,pctinptbedsoccpedhosprep,pcticubedsoccadulthosprep,pcticubedsoccpedhosprep,pctconfc19inptbedsadulthosprep,pctconfc19inptbedspedhosprep,pctconfc19icubedsadulthosprep,pctconfc19icubedspedhosprep,pctconffluinptbedsadulthosprep,pctconffluinptbedspedhosprep,pctconffluicubedsadulthosprep,pctconffluicubedspedhosprep,pctconfrsvinptbedsadulthosprep,pctconfrsvinptbedspedhosprep,pctconfrsvicubedsadulthosprep,pctconfrsvicubedspedhosprep,pctconfc19hosppatsicuhosprep,pctconfc19hosppatsicuadulthosprep,pctconfc19hosppatsicupedhosprep,pctconffluhosppatsicuhosprep,pctconffluhosppatsicuadulthosprep,pctconffluhosppatsicupedhosprep,pctconfrsvhosppatsicuhosprep,pctconfrsvhosppatsicuadulthosprep,pctconfrsvhosppatsicupedhosprep,pctinptbedsoccadultperchosprep,pctinptbedsoccpedperchosprep,pcticubedsoccadultperchosprep,pcticubedsoccpedperchosprep,pctconfc19inptbedsadultperchosprep,pctconfc19inptbedspedperchosprep,pctconfc19icubedsadultperchosprep,pctconfc19icubedspedperchosprep,pctconffluinptbedsadultperchosprep,pctconffluinptbedspedperchosprep,pctconffluicubedsadultperchosprep,pctconffluicubedspedperchosprep,pctconfrsvinptbedsadultperchosprep,pctconfrsvinptbedspedperchosprep,pctconfrsvicubedsadultperchosprep,pctconfrsvicubedspedperchosprep,pctconfc19hosppatsicuperchosprep,pctconfc19hosppatsicuadultperchosprep,pctconfc19hosppatsicupedperchosprep,pctconffluhosppatsicuperchosprep,pctconffluhosppatsicuadultperchosprep,pctconffluhosppatsicupedperchosprep,pctconfrsvhosppatsicuperchosprep,pctconfrsvhosppatsicuadultperchosprep,pctconfrsvhosppatsicupedperchosprep,pctinptbedsoccadultperchosprepabschg,pctinptbedsoccpedperchosprepabschg,pcticubedsoccadultperchosprepabschg,pcticubedsoccpedperchosprepabschg,pctconfc19inptbedsadultperchosprepabschg,pctconfc19inptbedspedperchosprepabschg,pctconfc19icubedsadultperchosprepabschg,pctconfc19icubedspedperchosprepabschg,pctconffluinptbedsadultperchosprepabschg,pctconffluinptbedspedperchosprepabschg,pctconffluicubedsadultperchosprepabschg,pctconffluicubedspedperchosprepabschg,pctconfrsvinptbedsadultperchosprepabschg,pctconfrsvinptbedspedperchosprepabschg,pctconfrsvicubedsadultperchosprepabschg,pctconfrsvicubedspedperchosprepabschg,pctconfc19hosppatsicuperchosprepabschg,pctconfc19hosppatsicuadultperchosprepabschg,pctconfc19hosppatsicupedperchosprepabschg,pctconffluhosppatsicuperchosprepabschg,pctconffluhosppatsicuadultperchosprepabschg,pctconffluhosppatsicupedperchosprepabschg,pctconfrsvhosppatsicuperchosprepabschg,pctconfrsvhosppatsicuadultperchosprepabschg,pctconfrsvhosppatsicupedperchosprepabschg,respseason,totalconfc19newadmcumulativeseasonalsum,totalconfflunewadmcumulativeseasonalsum,totalconfrsvnewadmcumulativeseasonalsum,totalconfnewadmcumulativeseasonalsum
2020-08-08T00:00:00.000,CA,59989.27,55640.19,4439.63,42660.14,40191.52,2538.98,18281.57,7278.63,1618.1,12607.14,5364.63,803.15,11635.84,76.01,11711.86,,,,,,,1810.74,17.05,1827.8,,,,,,,,,121.0,1318.0,,,,4715.0,19.0,4836.0,,,,,,,,,,,,,,,,,,,,,71.11,19.52,,,68.96,10.0,,,97.5,2.5,,,,,378,378,379,379,378,0,0,370,0,0,342,360,360,0,0,0,0,0,0,378,379,377,0,0,370,0,0,94.74,94.74,94.99,94.99,94.74,0.0,0.0,92.73,0.0,0.0,85.71,90.23,90.23,0.0,0.0,0.0,0.0,0.0,0.0,94.74,94.99,94.49,0.0,0.0,92.73,0.0,0.0,0.0,0.0,0.0,0.0,0.0,0.0,0.0,0.0,0.0,0.0,0.0,0.0,0.0,0.0,0.0,0.0,0.0,0.0,0.0,0.0,0.0,0.0,0.0,0.0,0.0,0.0,0.0,,,1.43,7.78,,,,15.52,12.45,,,,,,,,,,,,,,,,,,,1,1,0,0,0,0,72.23,57.19,73.7,49.64,20.91,1.71,24.88,1.05,,,,,,,,,15.61,15.56,22.43,,,,,,,,,,,,,,,,,,,,,,,,,,,,,,,,,,376,376,368,368,377,375,366,366,0,0,0,0,0,0,0,0,370,370,370,0,0,0,0,0,0,94.24,94.24,92.23,92.23,94.49,93.98,91.73,91.73,0.0,0.0,0.0,0.0,0.0,0.0,0.0,0.0,92.73,92.73,92.73,0.0,0.0,0.0,0.0,0.0,0.0,0.0,0.0,0.0,0.0,0.0,0.0,0.0,0.0,0.0,0.0,0.0,0.0,0.0,0.0,0.0,0.0,0.0,0.0,0.0,0.0,0.0,0.0,0.0,0.0,0.0,2019-2020,4836.0,0.0,0.0,4836.0
2020-08-15T00:00:00.000,CA,59968.38,55704.37,4275.18,42555.2,40125.77,2469.18,16628.5,7292.57,1524.58,11382.23,5287.85,708.28,9993.58,57.78,10051.36,,,,,,,1678.09,9.66,1687.75,,,,,,,,,105.0,1059.0,,,,4168.0,12.0,4273.0,,,,,,,,,,,,,,,,,,,,,70.96,16.76,,,68.45,10.15,,,97.54,2.46,,,,,378,378,379,379,378,0,0,371,0,0,363,378,378,0,0,0,0,0,0,378,379,377,0,0,371,0,0,94.74,94.74,94.99,94.99,94.74,0.0,0.0,92.98,0.0,0.0,90.98,94.74,94.74,0.0,0.0,0.0,0.0,0.0,0.0,94.74,94.99,94.49,0.0,0.0,92.98,0.0,0.0,0.0,0.0,0.0,0.0,0.0,0.0,0.0,0.25,0.0,0.0,5.26,4.51,4.51,0.0,0.0,0.0,0.0,0.0,0.0,0.0,0.0,0.0,0.0,0.0,0.25,0.0,0.0,,,1.24,6.25,,,,13.72,11.0,,,,,,,,,,,,,,,,,,,1,1,0,0,0,0,72.03,57.76,72.51,46.46,17.94,1.35,23.01,0.63,,,,,,,,,16.79,16.79,16.72,,,,,,,,,-13.22,-19.65,,,,-11.6,-11.64,,,,,,,,,,,,,,,,,,,376,376,368,368,377,375,367,367,0,0,0,0,0,0,0,0,371,371,371,0,0,0,0,0,0,94.24,94.24,92.23,92.23,94.49,93.98,91.98,91.98,0.0,0.0,0.0,0.0,0.0,0.0,0.0,0.0,92.98,92.98,92.98,0.0,0.0,0.0,0.0,0.0,0.0,0.0,0.0,0.0,0.0,0.0,0.0,0.25,0.25,0.0,0.0,0.0,0.0,0.0,0.0,0.0,0.0,0.25,0.25,0.25,0.0,0.0,0.0,0.0,0.0,0.0,2019-2020,9109.0,0.0,0.0,9109.0
2020-08-22T00:00:00.000,CA,61904.16,57459.89,4500.5,44020.5,41593.62,2473.32,16644.84,7421.74,1545.39,11493.84,5475.07,745.17,9533.5,61.51,9595.02,,,,,,,1562.55,11.76,1574.31,,,,,,,,,58.0,856.0,,,,3440.0,9.0,3498.0,,,,,,,,,,,,,,,,,,,,,71.11,15.5,,,69.05,9.46,,,98.34,1.66,,,,,386,386,387,387,386,0,0,379,0,0,364,386,386,0,0,0,0,0,0,386,387,385,0,0,379,0,0,96.74,96.74,96.99,96.99,96.74,0.0,0.0,94.99,0.0,0.0,91.23,96.74,96.74,0.0,0.0,0.0,0.0,0.0,0.0,96.74,96.99,96.49,0.0,0.0,94.99,0.0,0.0,2.01,2.01,2.01,2.01,2.01,0.0,0.0,2.01,0.0,0.0,0.25,2.01,2.01,0.0,0.0,0.0,0.0,0.0,0.0,2.01,2.01,2.01,0.0,0.0,2.01,0.0,0.0,,,0.69,5.05,,,,11.32,9.01,,,,,,,,,,,,,,,,,,,1,1,0,0,0,0,72.39,54.96,73.77,48.22,16.59,1.37,21.05,0.76,,,,,,,,,16.41,16.39,19.12,,,,,,,,,-44.76,-19.17,,,,-17.47,-18.14,,,,,,,,,,,,,,,,,,,384,376,376,368,385,376,375,367,0,0,0,0,0,0,0,0,379,379,371,0,0,0,0,0,0,96.24,94.24,94.24,92.23,96.49,94.24,93.98,91.98,0.0,0.0,0.0,0.0,0.0,0.0,0.0,0.0,94.99,94.99,92.98,0.0,0.0,0.0,0.0,0.0,0.0,2.01,0.0,2.01,0.0,2.01,0.25,2.01,0.0,0.0,0.0,0.0,0.0,0.0,0.0,0.0,0.0,2.01,2.01,0.0,0.0,0.0,0.0,0.0,0.0,0.0,2019-2020,12607.0,0.0,0.0,12607.0
2020-08-29T00:00:00.000,CA,62118.85,57667.68,4522.84,43560.24,40979.31,2581.36,13674.43,7460.87,1553.56,9330.76,5346.23,751.49,7110.63,51.65,7162.28,,,,,,,1353.36,15.3,1368.66,,,,,,,,,52.0,809.0,,,,3048.0,1.0,3100.0,,,,,,,,,,,,,,,,,,,,,70.12,11.53,,,68.24,10.01,,,98.32,1.68,,,,,386,386,387,387,386,0,0,379,0,0,365,386,386,0,0,0,0,0,0,386,387,385,0,0,379,0,0,96.74,96.74,96.99,96.99,96.74,0.0,0.0,94.99,0.0,0.0,91.48,96.74,96.74,0.0,0.0,0.0,0.0,0.0,0.0,96.74,96.99,96.49,0.0,0.0,94.99,0.0,0.0,0.0,0.0,0.0,0.0,0.0,0.0,0.0,0.0,0.0,0.0,0.25,0.0,0.0,0.0,0.0,0.0,0.0,0.0,0.0,0.0,0.0,0.0,0.0,0.0,0.0,0.0,0.0,,,0.62,4.77,,,,10.03,7.98,,,,,,,,,,,,,,,,,,,1,1,0,0,0,0,71.06,57.07,71.66,48.37,12.33,1.14,18.14,0.98,,,,,,,,,19.11,19.03,29.62,,,,,,,,,-10.34,-5.49,,,,-11.4,-11.38,,,,,,,,,,,,,,,,,,,384,376,376,368,385,375,375,367,0,0,0,0,0,0,0,0,379,379,370,0,0,0,0,0,0,96.24,94.24,94.24,92.23,96.49,93.98,93.98,91.98,0.0,0.0,0.0,0.0,0.0,0.0,0.0,0.0,94.99,94.99,92.73,0.0,0.0,0.0,0.0,0.0,0.0,0.0,0.0,0.0,0.0,0.0,-0.25,0.0,0.0,0.0,0.0,0.0,0.0,0.0,0.0,0.0,0.0,0.0,0.0,-0.25,0.0,0.0,0.0,0.0,0.0,0.0,2019-2020,15707.0,0.0,0.0,15707.0
2020-09-05T00:00:00.000,CA,61549.26,57095.5,4509.74,42793.33,40311.72,2539.49,13751.01,7396.63,1545.86,9250.23,5182.88,749.94,6527.05,40.32,6567.36,,,,,,,1157.55,8.77,1166.32,,,,,,,,,44.0,717.0,,,,2844.0,8.0,2888.0,,,,,,,,,,,,,,,,,,,,,69.53,10.67,,,67.27,8.48,,,98.48,1.52,,,,,385,385,387,387,386,0,0,377,0,0,365,385,385,0,0,0,0,0,0,385,387,384,0,0,377,0,0,96.49,96.49,96.99,96.99,96.74,0.0,0.0,94.49,0.0,0.0,91.48,96.49,96.49,0.0,0.0,0.0,0.0,0.0,0.0,96.49,96.99,96.24,0.0,0.0,94.49,0.0,0.0,-0.25,-0.25,0.0,0.0,0.0,0.0,0.0,-0.5,0.0,0.0,0.0,-0.25,-0.25,0.0,0.0,0.0,0.0,0.0,0.0,-0.25,0.0,-0.25,0.0,0.0,-0.5,0.0,0.0,,,0.52,4.23,,,,9.36,7.44,,,,,,,,,,,,,,,,,,,1,1,0,0,0,0,70.6,56.31,70.07,48.51,11.43,0.89,15.65,0.57,,,,,,,,,17.76,17.73,21.74,,,,,,,,,-15.38,-11.37,,,,-6.69,-6.84,,,,,,,,,,,,,,,,,,,383,375,375,367,384,375,373,365,0,0,0,0,0,0,0,0,377,377,369,0,0,0,0,0,0,95.99,93.98,93.98,91.98,96.24,93.98,93.48,91.48,0.0,0.0,0.0,0.0,0.0,0.0,0.0,0.0,94.49,94.49,92.48,0.0,0.0,0.0,0.0,0.0,0.0,-0.25,-0.25,-0.25,-0.25,-0.25,0.0,-0.5,-0.5,0.0,0.0,0.0,0.0,0.0,0.0,0.0,0.0,-0.5,-0.5,-0.25,0.0,0.0,0.0,0.0,0.0,0.0,2019-2020,18595.0,0.0,0.0,18595.0
2020-09-12T00:00:00.000,CA,61312.76,56883.16,4429.6,42671.11,40190.81,2480.3,8977.98,7390.89,1531.1,5983.96,5167.95,754.81,3175.05,29.71,3204.77,,,,,,,1057.1,7.52,1064.62,,,,,,,,,36.0,652.0,,,,2536.0,8.0,2572.0,,,,,,,,,,,,,,,,,,,,,69.6,5.23,,,66.65,11.86,,,98.6,1.4,,,,,386,386,384,384,383,0,0,379,0,0,366,386,386,0,0,0,0,0,0,386,384,383,0,0,377,0,0,96.74,96.74,96.24,96.24,95.99,0.0,0.0,94.99,0.0,0.0,91.73,96.74,96.74,0.0,0.0,0.0,0.0,0.0,0.0,96.74,96.24,95.99,0.0,0.0,94.49,0.0,0.0,0.25,0.25,-0.75,-0.75,-0.75,0.0,0.0,0.5,0.0,0.0,0.25,0.25,0.25,0.0,0.0,0.0,0.0,0.0,0.0,0.25,-0.75,-0.25,0.0,0.0,0.0,0.0,0.0,,,0.43,3.85,,,,8.35,6.62,,,,,,,,,,,,,,,,,,,1,1,0,0,0,0,70.66,55.99,69.92,49.3,5.58,0.67,14.3,0.49,,,,,,,,,33.22,33.29,25.32,,,,,,,,,-18.18,-9.07,,,,-10.83,-10.94,,,,,,,,,,,,,,,,,,,384,376,376,368,383,375,375,367,0,0,0,0,0,0,0,0,379,379,371,0,0,0,0,0,0,96.24,94.24,94.24,92.23,95.99,93.98,93.98,91.98,0.0,0.0,0.0,0.0,0.0,0.0,0.0,0.0,94.99,94.99,92.98,0.0,0.0,0.0,0.0,0.0,0.0,0.25,0.25,0.25,0.25,-0.25,0.0,0.5,0.5,0.0,0.0,0.0,0.0,0.0,0.0,0.0,0.0,0.5,0.5,0.5,0.0,0.0,0.0,0.0,0.0,0.0,2019-2020,21167.0,0.0,0.0,21167.0
2020-09-19T00:00:00.000,CA,61321.67,56848.95,4483.27,42666.0,40239.27,2436.63,8958.73,7364.95,1538.64,5855.95,5039.21,760.83,2725.72,30.89,2756.61,,,,,,,879.85,6.72,886.57,,,,,,,,,49.0,566.0,,,,2204.0,12.0,2253.0,,,,,,,,,,,,,,,,,,,,,69.58,4.5,,,65.37,9.9,,,97.83,2.17,,,,,384,384,382,382,382,0,0,377,0,0,364,384,384,0,0,0,0,0,0,384,382,382,0,0,375,0,0,96.24,96.24,95.74,95.74,95.74,0.0,0.0,94.49,0.0,0.0,91.23,96.24,96.24,0.0,0.0,0.0,0.0,0.0,0.0,96.24,95.74,95.74,0.0,0.0,93.98,0.0,0.0,-0.5,-0.5,-0.5,-0.5,-0.25,0.0,0.0,-0.5,0.0,0.0,-0.5,-0.5,-0.5,0.0,0.0,0.0,0.0,0.0,0.0,-0.5,-0.5,-0.25,0.0,0.0,-0.5,0.0,0.0,,,0.58,3.34,,,,7.25,5.8,,,,,,,,,,,,,,,,,,,1,1,0,0,0,0,70.78,54.35,68.42,49.45,4.79,0.69,11.95,0.44,,,,,,,,,32.16,32.28,21.77,,,,,,,,,36.11,-13.19,,,,-13.09,-12.4,,,,,,,,,,,,,,,,,,,382,374,374,366,382,374,374,366,0,0,0,0,0,0,0,0,377,377,369,0,0,0,0,0,0,95.74,93.73,93.73,91.73,95.74,93.73,93.73,91.73,0.0,0.0,0.0,0.0,0.0,0.0,0.0,0.0,94.49,94.49,92.48,0.0,0.0,0.0,0.0,0.0,0.0,-0.5,-0.5,-0.5,-0.5,-0.25,-0.25,-0.25,-0.25,0.0,0.0,0.0,0.0,0.0,0.0,0.0,0.0,-0.5,-0.5,-0.5,0.0,0.0,0.0,0.0,0.0,0.0,2019-2020,23420.0,0.0,0.0,23420.0
2020-09-26T00:00:00.000,CA,61661.76,57151.26,4510.5,42961.86,40538.99,2445.37,8945.02,7359.22,1534.83,5783.39,5009.87,718.32,2513.27,26.55,2539.82,,,,,,,789.16,4.31,793.47,,,,,,,,,37.0,590.0,,,,2154.0,7.0,2191.0,,,,,,,,,,,,,,,,,,,,,69.67,4.12,,,64.65,8.87,,,98.31,1.69,,,,,386,386,384,384,383,0,0,379,0,0,367,386,386,0,0,0,0,0,0,386,384,383,0,0,377,0,0,96.74,96.74,96.24,96.24,95.99,0.0,0.0,94.99,0.0,0.0,91.98,96.74,96.74,0.0,0.0,0.0,0.0,0.0,0.0,96.74,96.24,95.99,0.0,0.0,94.49,0.0,0.0,0.5,0.5,0.5,0.5,0.25,0.0,0.0,0.5,0.0,0.0,0.75,0.5,0.5,0.0,0.0,0.0,0.0,0.0,0.0,0.5,0.5,0.25,0.0,0.0,0.5,0.0,0.0,,,0.44,3.48,,,,7.09,5.64,,,,,,,,,,,,,,,,,,,1,1,0,0,0,0,70.93,54.22,68.08,46.8,4.4,0.59,10.72,0.28,,,,,,,,,31.24,31.4,16.23,,,,,,,,,-24.49,4.24,,,,-2.27,-2.75,,,,,,,,,,,,,,,,,,,385,377,377,369,383,375,376,368,0,0,0,0,0,0,0,0,379,379,371,0,0,0,0,0,0,96.49,94.49,94.49,92.48,95.99,93.98,94.24,92.23,0.0,0.0,0.0,0.0,0.0,0.0,0.0,0.0,94.99,94.99,92.98,0.0,0.0,0.0,0.0,0.0,0.0,0.75,0.75,0.75,0.75,0.25,0.25,0.5,0.5,0.0,0.0,0.0,0.0,0.0,0.0,0.0,0.0,0.5,0.5,0.5,0.0,0.0,0.0,0.0,0.0,0.0,2019-2020,25611.0,0.0,0.0,25611.0
2020-10-03T00:00:00.000,CA,61517.63,57080.13,4452.17,43005.67,40594.74,2420.45,8927.45,7332.79,1540.52,5762.45,5005.19,699.81,2344.3,26.6,2370.9,,,,,,,697.16,3.86,701.02,,,,,,,,,28.0,542.0,,,,2148.0,6.0,2176.0,,,,,,,,,,,,,,,,,,,,,69.91,3.85,,,64.55,7.85,,,98.71,1.29,,,,,386,386,386,386,384,0,0,381,0,0,369,386,386,0,0,0,0,0,0,386,386,384,0,0,381,0,0,96.74,96.74,96.74,96.74,96.24,0.0,0.0,95.49,0.0,0.0,92.48,96.74,96.74,0.0,0.0,0.0,0.0,0.0,0.0,96.74,96.74,96.24,0.0,0.0,95.49,0.0,0.0,0.0,0.0,0.5,0.5,0.25,0.0,0.0,0.5,0.0,0.0,0.5,0.0,0.0,0.0,0.0,0.0,0.0,0.0,0.0,0.0,0.5,0.25,0.0,0.0,1.0,0.0,0.0,,,0.33,3.2,,,,7.07,5.6,,,,,,,,,,,,,,,,,,,1,1,0,0,0,0,71.12,54.37,68.26,45.43,4.11,0.6,9.51,0.25,,,,,,,,,29.57,29.74,14.5,,,,,,,,,-24.32,-8.14,,,,-0.28,-0.68,,,,,,,,,,,,,,,,,,,385,377,381,373,384,376,380,372,0,0,0,0,0,0,0,0,381,381,373,0,0,0,0,0,0,96.49,94.49,95.49,93.48,96.24,94.24,95.24,93.23,0.0,0.0,0.0,0.0,0.0,0.0,0.0,0.0,95.49,95.49,93.48,0.0,0.0,0.0,0.0,0.0,0.0,0.0,0.0,1.0,1.0,0.25,0.25,1.0,1.0,0.0,0.0,0.0,0.0,0.0,0.0,0.0,0.0,0.5,0.5,0.5,0.0,0.0,0.0,0.0,0.0,0.0,2020-2021,2176.0,0.0,0.0,2176.0
2020-10-10T00:00:00.000,CA,61949.71,57440.26,4526.2,43345.86,40806.74,2548.31,8980.79,7342.23,1582.84,5812.71,5006.8,745.41,2299.98,19.49,2319.47,,,,,,,659.28,3.76,663.04,,,,,,,,,33.0,512.0,,,,2190.0,8.0,2223.0,,,,,,,,,,,,,,,,,,,,,69.97,3.74,,,64.72,7.38,,,98.52,1.48,,,,,385,385,385,385,384,0,0,380,0,0,371,385,385,0,0,0,0,0,0,385,385,384,0,0,380,0,0,96.49,96.49,96.49,96.49,96.24,0.0,0.0,95.24,0.0,0.0,92.98,96.49,96.49,0.0,0.0,0.0,0.0,0.0,0.0,96.49,96.49,96.24,0.0,0.0,95.24,0.0,0.0,-0.25,-0.25,-0.25,-0.25,0.0,0.0,0.0,-0.25,0.0,0.0,0.5,-0.25,-0.25,0.0,0.0,0.0,0.0,0.0,0.0,-0.25,-0.25,0.0,0.0,0.0,-0.25,0.0,0.0,,,0.39,3.02,,,,7.21,5.73,,,,,,,,,,,,,,,,,,,1,1,0,0,0,0,71.04,56.3,68.19,47.09,4.0,0.43,8.98,0.24,,,,,,,,,28.59,28.66,19.31,,,,,,,,,17.86,-5.54,,,,1.96,2.16,,,,,,,,,,,,,,,,,,,384,376,380,372,384,376,379,371,0,0,0,0,0,0,0,0,380,380,372,0,0,0,0,0,0,96.24,94.24,95.24,93.23,96.24,94.24,94.99,92.98,0.0,0.0,0.0,0.0,0.0,0.0,0.0,0.0,95.24,95.24,93.23,0.0,0.0,0.0,0.0,0.0,0.0,-0.25,-0.25,-0.25,-0.25,0.0,0.0,-0.25,-0.25,0.0,0.0,0.0,0.0,0.0,0.0,0.0,0.0,-0.25,-0.25,-0.25,0.0,0.0,0.0,0.0,0.0,0.0,2020-2021,4399.0,0.0,0.0,4399.0
2020-10-17T00:00:00.000,CA,61444.85,56704.38,4594.6,43272.58,40739.96,2539.33,9031.07,7285.55,1690.4,5776.59,4958.78,771.19,2227.29,21.14,2248.43,,,0.0,,,,625.15,3.57,628.72,,,0.0,,,,,,34.0,615.0,,,,2256.0,10.0,2290.0,,,,,,,,,,0.0,,,,,,,,,,,70.43,3.66,0.0,,63.96,6.96,0.0,,98.52,1.48,,,,,386,386,386,386,384,1,0,381,1,0,374,386,386,0,0,1,0,0,0,386,386,384,1,0,381,1,0,96.74,96.74,96.74,96.74,96.24,0.25,0.0,95.49,0.25,0.0,93.73,96.74,96.74,0.0,0.0,0.25,0.0,0.0,0.0,96.74,96.74,96.24,0.25,0.0,95.49,0.25,0.0,0.25,0.25,0.25,0.25,0.0,0.25,0.0,0.25,0.25,0.0,0.75,0.25,0.25,0.0,0.0,0.25,0.0,0.0,0.0,0.25,0.25,0.0,0.25,0.0,0.25,0.25,0.0,,,0.4,3.63,,,,7.43,5.9,,,,,,,,,0.0,,,,,,,,,,1,1,0,0,0,0,71.85,55.27,68.06,45.62,3.93,0.46,8.58,0.21,,,,,,,,,27.96,28.07,16.89,,,,,,,,,3.03,20.12,,,,3.01,3.01,,,,,,,,,,,,,,,,,,,384,376,382,374,383,375,380,372,0,0,0,0,0,0,0,0,381,381,373,1,0,0,0,0,0,96.24,94.24,95.74,93.73,95.99,93.98,95.24,93.23,0.0,0.0,0.0,0.0,0.0,0.0,0.0,0.0,95.49,95.49,93.48,0.25,0.0,0.0,0.0,0.0,0.0,0.0,0.0,0.5,0.5,-0.25,-0.25,0.25,0.25,0.0,0.0,0.0,0.0,0.0,0.0,0.0,0.0,0.25,0.25,0.25,0.25,0.0,0.0,0.0,0.0,0.0,2020-2021,6689.0,0.0,0.0,6689.0
2020-10-24T00:00:00.000,CA,68779.04,63794.04,4991.07,43581.07,40905.0,2679.38,10307.84,7450.8,2879.24,6703.02,5072.75,1647.58,2318.68,21.93,2340.6,,,30.9,,,,658.68,4.97,663.65,,,6.17,,,,,,25.0,658.0,,,,2339.0,8.0,2364.0,,,,,,,,,,9.0,,,,,,,,,,,63.36,3.4,0.04,,65.03,6.44,0.06,,98.94,1.06,,,,,386,386,386,386,384,348,0,383,348,0,376,386,386,0,0,348,0,0,0,386,386,384,348,0,383,348,0,96.74,96.74,96.74,96.74,96.24,87.22,0.0,95.99,87.22,0.0,94.24,96.74,96.74,0.0,0.0,87.22,0.0,0.0,0.0,96.74,96.74,96.24,87.22,0.0,95.99,87.22,0.0,0.0,0.0,0.0,0.0,0.0,86.97,0.0,0.5,86.97,0.0,0.5,0.0,0.0,0.0,0.0,86.97,0.0,0.0,0.0,0.0,0.0,0.0,86.97,0.0,0.5,86.97,0.0,,,0.3,3.88,,,,7.7,6.09,,,,,,,,,0.02,,,,,,,,,,1,1,1,0,0,0,64.12,53.68,68.08,57.22,3.63,0.44,8.84,0.17,,,,,,,,,28.35,28.41,22.67,19.96,,,,,,,,-26.47,6.99,,,,3.68,3.23,,,,,,,,,,,,,,,,,,,385,377,385,377,384,376,383,372,0,0,0,0,0,0,0,0,383,383,372,348,0,0,0,0,0,96.49,94.49,96.49,94.49,96.24,94.24,95.99,93.23,0.0,0.0,0.0,0.0,0.0,0.0,0.0,0.0,95.99,95.99,93.23,87.22,0.0,0.0,0.0,0.0,0.0,0.25,0.25,0.75,0.75,0.25,0.25,0.75,0.0,0.0,0.0,0.0,0.0,0.0,0.0,0.0,0.0,0.5,0.5,-0.25,86.97,0.0,0.0,0.0,0.0,0.0,2020-2021,9053.0,9.0,0.0,9062.0
2020-10-31T00:00:00.000,CA,69531.43,64080.92,5476.68,43376.26,40475.1,2922.02,10895.1,7441.26,3456.12,7160.71,5087.25,2074.83,2398.55,19.17,2417.72,,,50.07,,,,678.54,0.25,678.79,,,5.2,,,,,,35.0,644.0,,,,2488.0,12.0,2523.0,,,,,,,,,,30.0,,,,,,,,,,,62.38,3.48,0.07,,65.72,6.23,0.05,,98.61,1.39,,,,,385,385,385,385,383,287,0,383,288,0,375,385,385,0,0,287,0,0,0,385,385,383,287,0,383,288,0,96.49,96.49,96.49,96.49,95.99,71.93,0.0,95.99,72.18,0.0,93.98,96.49,96.49,0.0,0.0,71.93,0.0,0.0,0.0,96.49,96.49,95.99,71.93,0.0,95.99,72.18,0.0,-0.25,-0.25,-0.25,-0.25,-0.25,-15.29,0.0,0.0,-15.04,0.0,-0.25,-0.25,-0.25,0.0,0.0,-15.29,0.0,0.0,0.0,-0.25,-0.25,-0.25,-15.29,0.0,0.0,-15.04,0.0,,,0.41,3.8,,,,8.19,6.5,,,,,,,,,0.08,,,,,,,,,,1,1,0,0,0,0,63.16,53.35,68.37,60.03,3.74,0.35,9.12,0.01,,,,,,,,,28.08,28.29,1.3,10.39,,,,,,,,40.0,-2.13,,,,6.37,6.73,,,,,,,,,233.33,,,,,,,,,,384,376,384,376,383,373,383,38,0,0,0,0,0,0,0,0,383,383,38,287,0,0,0,0,0,96.24,94.24,96.24,94.24,95.99,93.48,95.99,9.52,0.0,0.0,0.0,0.0,0.0,0.0,0.0,0.0,95.99,95.99,9.52,71.93,0.0,0.0,0.0,0.0,0.0,-0.25,-0.25,-0.25,-0.25,-0.25,-0.75,0.0,-83.71,0.0,0.0,0.0,0.0,0.0,0.0,0.0,0.0,0.0,0.0,-83.71,-15.29,0.0,0.0,0.0,0.0,0.0,2020-2021,11576.0,39.0,0.0,11615.0
2020-11-07T00:00:00.000,CA,62970.68,57239.72,5730.95,44247.8,41154.72,3093.07,10944.31,7471.02,3473.29,7232.07,5164.75,2067.32,2717.66,26.05,2743.7,,,43.54,,,,786.96,,786.96,,,6.17,,,,,,34.0,748.0,,,,2847.0,8.0,2881.0,,,,,,,,,,27.0,,,,,,,,,,,70.27,4.36,0.07,,66.08,7.19,0.06,,98.82,1.18,,,,,385,385,385,385,383,348,0,383,349,0,376,385,385,0,0,348,0,0,0,385,385,383,348,0,383,349,0,96.49,96.49,96.49,96.49,95.99,87.22,0.0,95.99,87.47,0.0,94.24,96.49,96.49,0.0,0.0,87.22,0.0,0.0,0.0,96.49,96.49,95.99,87.22,0.0,95.99,87.47,0.0,0.0,0.0,0.0,0.0,0.0,15.29,0.0,0.0,15.29,0.0,0.25,0.0,0.0,0.0,0.0,15.29,0.0,0.0,0.0,0.0,0.0,0.0,15.29,0.0,0.0,15.29,0.0,,,0.4,4.41,,,,9.37,7.42,,,,,,,,,0.07,,,,,,,,,,1,1,1,0,0,0,71.9,53.97,69.13,59.52,4.75,0.45,10.53,,,,,,,,,,28.68,28.96,,14.16,,,,,,,,-2.86,16.15,,,,14.43,14.19,,,,,,,,,-10.0,,,,,,,,,,384,376,384,376,383,373,383,0,0,0,0,0,0,0,0,0,383,383,0,348,0,0,0,0,0,96.24,94.24,96.24,94.24,95.99,93.48,95.99,0.0,0.0,0.0,0.0,0.0,0.0,0.0,0.0,0.0,95.99,95.99,0.0,87.22,0.0,0.0,0.0,0.0,0.0,0.0,0.0,0.0,0.0,0.0,0.0,0.0,-9.52,0.0,0.0,0.0,0.0,0.0,0.0,0.0,0.0,0.0,0.0,-9.52,15.29,0.0,0.0,0.0,0.0,0.0,2020-2021,14457.0,66.0,0.0,14523.0
2020-11-14T00:00:00.000,CA,63475.6,57686.31,5793.71,44960.13,41972.11,2989.45,10986.57,7491.86,3495.29,7313.26,5312.4,2001.0,3334.26,34.29,3368.54,,,49.0,,,,922.85,,922.85,,,8.71,,,,,,40.0,913.0,,,,3427.0,4.0,3467.0,,,,,,,,,,41.0,,,,,,,,,,,70.83,5.31,0.08,,66.57,8.4,0.08,,98.85,1.15,,,,,385,385,385,385,383,352,0,383,353,0,376,385,385,0,0,352,0,0,0,385,385,383,352,0,383,353,0,96.49,96.49,96.49,96.49,95.99,88.22,0.0,95.99,88.47,0.0,94.24,96.49,96.49,0.0,0.0,88.22,0.0,0.0,0.0,96.49,96.49,95.99,88.22,0.0,95.99,88.47,0.0,0.0,0.0,0.0,0.0,0.0,1.0,0.0,0.0,1.0,0.0,0.0,0.0,0.0,0.0,0.0,1.0,0.0,0.0,0.0,0.0,0.0,0.0,1.0,0.0,0.0,1.0,0.0,,,0.47,5.39,,,,11.28,8.93,,,,,,,,,0.11,,,,,,,,,,1,1,1,0,0,0,72.76,51.6,70.91,57.25,5.78,0.59,12.32,,,,,,,,,,27.4,27.68,,17.78,,,,,,,,17.65,22.06,,,,20.37,20.34,,,,,,,,,51.85,,,,,,,,,,384,376,384,376,383,373,383,0,0,0,0,0,0,0,0,0,383,383,0,352,0,0,0,0,0,96.24,94.24,96.24,94.24,95.99,93.48,95.99,0.0,0.0,0.0,0.0,0.0,0.0,0.0,0.0,0.0,95.99,95.99,0.0,88.22,0.0,0.0,0.0,0.0,0.0,0.0,0.0,0.0,0.0,0.0,0.0,0.0,0.0,0.0,0.0,0.0,0.0,0.0,0.0,0.0,0.0,0.0,0.0,0.0,1.0,0.0,0.0,0.0,0.0,0.0,2020-2021,17924.0,107.0,0.0,18031.0
2020-11-21T00:00:00.000,CA,63779.43,58006.6,5772.83,45822.33,42790.43,3031.9,11064.69,7527.4,3537.29,7547.77,5538.06,2009.71,4566.14,43.64,4609.78,,,50.57,,,,1200.0,,1200.0,,,10.14,,,,,,61.0,1202.0,,,,4803.0,8.0,4864.0,,,,,,,,,,39.0,,,,,,,,,,,71.85,7.23,0.08,,68.21,10.85,0.09,,98.75,1.25,,,,,384,384,384,384,383,357,0,383,357,0,375,384,384,0,0,357,0,0,0,384,384,383,357,0,383,357,0,96.24,96.24,96.24,96.24,95.99,89.47,0.0,95.99,89.47,0.0,93.98,96.24,96.24,0.0,0.0,89.47,0.0,0.0,0.0,96.24,96.24,95.99,89.47,0.0,95.99,89.47,0.0,-0.25,-0.25,-0.25,-0.25,0.0,1.25,0.0,0.0,1.0,0.0,-0.25,-0.25,-0.25,0.0,0.0,1.25,0.0,0.0,0.0,-0.25,-0.25,0.0,1.25,0.0,0.0,1.0,0.0,,,0.72,7.09,,,,15.81,12.53,,,,,,,,,0.1,,,,,,,,,,1,1,1,0,0,0,73.77,52.52,73.57,56.82,7.87,0.76,15.94,,,,,,,,,,26.03,26.28,,20.06,,,,,,,,52.5,31.65,,,,40.15,40.29,,,,,,,,,-4.88,,,,,,,,,,383,375,383,375,383,373,383,0,0,0,0,0,0,0,0,0,383,383,0,357,0,0,0,0,0,95.99,93.98,95.99,93.98,95.99,93.48,95.99,0.0,0.0,0.0,0.0,0.0,0.0,0.0,0.0,0.0,95.99,95.99,0.0,89.47,0.0,0.0,0.0,0.0,0.0,-0.25,-0.25,-0.25,-0.25,0.0,0.0,0.0,0.0,0.0,0.0,0.0,0.0,0.0,0.0,0.0,0.0,0.0,0.0,0.0,1.25,0.0,0.0,0.0,0.0,0.0,2020-2021,22788.0,146.0,0.0,22934.0
2020-11-28T00:00:00.000,CA,63611.0,57880.86,5730.14,44465.52,41668.52,2797.0,11099.93,7544.64,3555.29,7600.62,5595.77,2004.86,6452.26,58.0,6510.26,,,69.33,,,,1550.99,,1550.99,,,15.71,,,,,,68.0,1658.0,,,,6760.0,18.0,6828.0,,,,,,,,,,76.0,,,,,,,,,,,69.9,10.23,0.11,,68.47,13.97,0.14,,99.0,1.0,,,,,384,384,384,384,383,358,0,383,358,0,375,384,384,0,0,358,0,0,0,384,384,383,358,0,383,358,0,96.24,96.24,96.24,96.24,95.99,89.72,0.0,95.99,89.72,0.0,93.98,96.24,96.24,0.0,0.0,89.72,0.0,0.0,0.0,96.24,96.24,95.99,89.72,0.0,95.99,89.72,0.0,0.0,0.0,0.0,0.0,0.0,0.25,0.0,0.0,0.25,0.0,0.0,0.0,0.0,0.0,0.0,0.25,0.0,0.0,0.0,0.0,0.0,0.0,0.25,0.0,0.0,0.25,0.0,,,0.81,9.78,,,,22.25,17.59,,,,,,,,,0.2,,,,,,,,,,1,1,1,0,0,0,71.99,48.81,74.17,56.39,11.15,1.01,20.56,,,,,,,,,,23.82,24.04,,22.66,,,,,,,,11.48,37.94,,,,40.75,40.38,,,,,,,,,94.87,,,,,,,,,,383,375,383,375,383,375,383,0,0,0,0,0,0,0,0,0,383,383,0,358,0,0,0,0,0,95.99,93.98,95.99,93.98,95.99,93.98,95.99,0.0,0.0,0.0,0.0,0.0,0.0,0.0,0.0,0.0,95.99,95.99,0.0,89.72,0.0,0.0,0.0,0.0,0.0,0.0,0.0,0.0,0.0,0.0,0.5,0.0,0.0,0.0,0.0,0.0,0.0,0.0,0.0,0.0,0.0,0.0,0.0,0.0,0.25,0.0,0.0,0.0,0.0,0.0,2020-2021,29616.0,222.0,0.0,29838.0
2020-12-05T00:00:00.000,CA,64205.36,58487.21,5718.14,47066.45,44168.83,2897.62,11226.83,7630.26,3596.57,8049.46,5977.72,2071.74,8825.52,80.83,8906.35,,,94.14,,,,2089.86,,2089.86,,,13.43,,,,,,112.0,2064.0,,,,8771.0,20.0,8883.0,,,,,,,,,,47.0,,,,,,,,,,,73.31,13.87,0.15,,71.7,18.61,0.12,,98.74,1.26,,,,,385,385,385,385,384,361,0,384,361,0,376,385,385,0,0,361,0,0,0,385,385,384,361,0,384,361,0,96.49,96.49,96.49,96.49,96.24,90.48,0.0,96.24,90.48,0.0,94.24,96.49,96.49,0.0,0.0,90.48,0.0,0.0,0.0,96.49,96.49,96.24,90.48,0.0,96.24,90.48,0.0,0.25,0.25,0.25,0.25,0.25,0.75,0.0,0.25,0.75,0.0,0.25,0.25,0.25,0.0,0.0,0.75,0.0,0.0,0.0,0.25,0.25,0.25,0.75,0.0,0.25,0.75,0.0,,,1.33,12.18,,,,28.87,22.88,,,,,,,,,0.12,,,,,,,,,,1,1,1,1,0,0,75.52,50.67,78.34,57.6,15.09,1.41,27.39,,,,,,,,,,23.46,23.68,,14.26,,,,,,,,64.71,24.49,,,,29.75,30.1,,,,,,,,,-38.16,,,,,,,,,,384,376,384,376,384,376,384,0,0,0,0,0,0,0,0,0,384,384,0,361,0,0,0,0,0,96.24,94.24,96.24,94.24,96.24,94.24,96.24,0.0,0.0,0.0,0.0,0.0,0.0,0.0,0.0,0.0,96.24,96.24,0.0,90.48,0.0,0.0,0.0,0.0,0.0,0.25,0.25,0.25,0.25,0.25,0.25,0.25,0.0,0.0,0.0,0.0,0.0,0.0,0.0,0.0,0.0,0.25,0.25,0.0,0.75,0.0,0.0,0.0,0.0,0.0,2020-2021,38499.0,269.0,0.0,38768.0
2020-12-12T00:00:00.000,CA,64138.0,58588.05,5564.71,48655.28,45770.33,2893.14,11364.1,7726.98,3639.71,8436.69,6332.28,2106.4,11517.46,93.86,11611.31,,,91.29,,,,2630.28,,2630.28,,,14.0,,,,,,140.0,2687.0,,,,11483.0,21.0,11623.0,,,,,,,,,,54.0,,,,,,,,,,,75.86,18.1,0.14,,74.24,23.15,0.12,,98.8,1.2,,,,,385,385,385,385,384,361,0,384,361,0,376,385,385,0,0,361,0,0,0,385,385,384,361,0,384,361,0,96.49,96.49,96.49,96.49,96.24,90.48,0.0,96.24,90.48,0.0,94.24,96.49,96.49,0.0,0.0,90.48,0.0,0.0,0.0,96.49,96.49,96.24,90.48,0.0,96.24,90.48,0.0,0.0,0.0,0.0,0.0,0.0,0.0,0.0,0.0,0.0,0.0,0.0,0.0,0.0,0.0,0.0,0.0,0.0,0.0,0.0,0.0,0.0,0.0,0.0,0.0,0.0,0.0,0.0,,,1.66,15.85,,,,37.79,29.93,,,,,,,,,0.14,,,,,,,,,,1,1,1,1,0,0,78.12,51.99,81.95,57.87,19.66,1.69,34.04,,,,,,,,,,22.65,22.84,,15.34,,,,,,,,25.0,30.18,,,,30.92,30.85,,,,,,,,,14.89,,,,,,,,,,384,376,384,376,384,376,384,0,0,0,0,0,0,0,0,0,384,384,0,361,0,0,0,0,0,96.24,94.24,96.24,94.24,96.24,94.24,96.24,0.0,0.0,0.0,0.0,0.0,0.0,0.0,0.0,0.0,96.24,96.24,0.0,90.48,0.0,0.0,0.0,0.0,0.0,0.0,0.0,0.0,0.0,0.0,0.0,0.0,0.0,0.0,0.0,0.0,0.0,0.0,0.0,0.0,0.0,0.0,0.0,0.0,0.0,0.0,0.0,0.0,0.0,0.0,2020-2021,50122.0,323.0,0.0,50445.0
2020-12-19T00:00:00.000,CA,64401.52,59023.81,5434.57,49898.74,47078.31,2852.29,11737.86,7983.29,3761.29,8889.93,6794.07,2100.57,15397.39,127.57,15524.96,,,101.05,,,,3348.67,,3348.67,,,20.43,,,,,,163.0,3256.0,,,,14728.0,17.0,14891.0,,,,,,,,,,53.0,,,,,,,,,,,77.48,24.11,0.16,,75.74,28.53,0.17,,98.91,1.09,,,,,384,384,384,384,384,376,0,384,376,0,376,384,384,0,0,376,0,0,0,384,384,384,376,0,384,376,0,96.24,96.24,96.24,96.24,96.24,94.24,0.0,96.24,94.24,0.0,94.24,96.24,96.24,0.0,0.0,94.24,0.0,0.0,0.0,96.24,96.24,96.24,94.24,0.0,96.24,94.24,0.0,-0.25,-0.25,-0.25,-0.25,0.0,3.76,0.0,0.0,3.76,0.0,0.0,-0.25,-0.25,0.0,0.0,3.76,0.0,0.0,0.0,-0.25,-0.25,0.0,3.76,0.0,0.0,3.76,0.0,,,1.93,19.21,,,,48.48,38.35,,,,,,,,,0.14,,,,,,,,,,1,1,1,1,0,0,79.76,52.48,85.1,55.85,26.09,2.35,41.95,,,,,,,,,,21.57,21.75,,20.22,,,,,,,,16.43,21.18,,,,28.26,28.12,,,,,,,,,-1.85,,,,,,,,,,384,376,384,376,384,376,384,0,0,0,0,0,0,0,0,0,384,384,0,376,0,0,0,0,0,96.24,94.24,96.24,94.24,96.24,94.24,96.24,0.0,0.0,0.0,0.0,0.0,0.0,0.0,0.0,0.0,96.24,96.24,0.0,94.24,0.0,0.0,0.0,0.0,0.0,0.0,0.0,0.0,0.0,0.0,0.0,0.0,0.0,0.0,0.0,0.0,0.0,0.0,0.0,0.0,0.0,0.0,0.0,0.0,3.76,0.0,0.0,0.0,0.0,0.0,2020-2021,65013.0,376.0,0.0,65389.0
2020-12-26T00:00:00.000,CA,64409.05,59100.43,5329.79,49760.45,47100.69,2672.21,11980.19,8289.26,3695.67,9040.07,7035.24,2006.57,18522.29,128.86,18651.14,,,149.29,,,,3961.38,,3961.38,,,25.71,,,,,,143.0,3216.0,,,,15275.0,19.0,15418.0,,,,,,,,,,70.0,,,,,,,,,,,77.26,28.96,0.23,,75.46,33.07,0.21,,99.07,0.93,,,,,383,383,383,383,383,375,0,383,375,0,375,383,383,0,0,375,0,0,0,383,383,383,375,0,383,375,0,95.99,95.99,95.99,95.99,95.99,93.98,0.0,95.99,93.98,0.0,93.98,95.99,95.99,0.0,0.0,93.98,0.0,0.0,0.0,95.99,95.99,95.99,93.98,0.0,95.99,93.98,0.0,-0.25,-0.25,-0.25,-0.25,-0.25,-0.25,0.0,-0.25,-0.25,0.0,-0.25,-0.25,-0.25,0.0,0.0,-0.25,0.0,0.0,0.0,-0.25,-0.25,-0.25,-0.25,0.0,-0.25,-0.25,0.0,,,1.69,18.98,,,,50.28,39.71,,,,,,,,,0.18,,,,,,,,,,1,1,1,1,0,0,79.7,50.14,84.87,54.3,31.34,2.42,47.79,,,,,,,,,,21.24,21.39,,17.22,,,,,,,,-12.27,-1.23,,,,3.71,3.54,,,,,,,,,32.08,,,,,,,,,,383,375,383,375,383,375,383,0,0,0,0,0,0,0,0,0,383,383,0,375,0,0,0,0,0,95.99,93.98,95.99,93.98,95.99,93.98,95.99,0.0,0.0,0.0,0.0,0.0,0.0,0.0,0.0,0.0,95.99,95.99,0.0,93.98,0.0,0.0,0.0,0.0,0.0,-0.25,-0.25,-0.25,-0.25,-0.25,-0.25,-0.25,0.0,0.0,0.0,0.0,0.0,0.0,0.0,0.0,0.0,-0.25,-0.25,0.0,-0.25,0.0,0.0,0.0,0.0,0.0,2020-2021,80431.0,446.0,0.0,80877.0
2021-01-02T00:00:00.000,CA,65528.45,60212.45,5325.43,51197.48,48566.19,2637.5,12397.67,8662.1,3736.86,9553.1,7532.52,2021.26,20452.54,136.57,20589.11,,,141.71,,,,4481.12,,4481.12,,,26.57,,,,,,177.0,3286.0,,,,15756.0,38.0,15933.0,,,,,,,,,,51.0,,,,,,,,,,,78.13,31.42,0.22,,77.06,36.14,0.21,,98.89,1.11,,,,,383,383,383,383,383,375,0,383,375,0,375,383,383,0,0,375,0,0,0,383,383,383,375,0,383,375,0,95.99,95.99,95.99,95.99,95.99,93.98,0.0,95.99,93.98,0.0,93.98,95.99,95.99,0.0,0.0,93.98,0.0,0.0,0.0,95.99,95.99,95.99,93.98,0.0,95.99,93.98,0.0,0.0,0.0,0.0,0.0,0.0,0.0,0.0,0.0,0.0,0.0,0.0,0.0,0.0,0.0,0.0,0.0,0.0,0.0,0.0,0.0,0.0,0.0,0.0,0.0,0.0,0.0,0.0,,,2.1,19.39,,,,51.86,41.03,,,,,,,,,0.13,,,,,,,,,,1,1,1,1,0,0,80.66,49.53,86.96,54.09,33.97,2.56,51.73,,,,,,,,,,21.76,21.91,,18.75,,,,,,,,23.78,2.18,,,,3.15,3.34,,,,,,,,,-27.14,,,,,,,,,,383,375,383,375,383,375,383,0,0,0,0,0,0,0,0,0,383,383,0,375,0,0,0,0,0,95.99,93.98,95.99,93.98,95.99,93.98,95.99,0.0,0.0,0.0,0.0,0.0,0.0,0.0,0.0,0.0,95.99,95.99,0.0,93.98,0.0,0.0,0.0,0.0,0.0,0.0,0.0,0.0,0.0,0.0,0.0,0.0,0.0,0.0,0.0,0.0,0.0,0.0,0.0,0.0,0.0,0.0,0.0,0.0,0.0,0.0,0.0,0.0,0.0,0.0,2020-2021,96364.0,497.0,0.0,96861.0
2021-01-09T00:00:00.000,CA,66042.05,60736.77,5350.0,53060.78,50307.47,2778.31,12720.28,9010.7,3713.57,10034.46,7981.01,2057.16,21612.16,168.86,21781.02,,,156.14,,,,4781.66,,4781.66,,,33.71,,,,,,200.0,3631.0,,,,16521.0,29.0,16721.0,,,,,,,,,,75.0,,,,,,,,,,,80.34,32.98,0.24,,78.89,37.59,0.27,,98.8,1.2,,,,,383,383,383,383,383,375,0,383,375,0,375,383,383,0,0,375,0,0,0,383,383,383,375,0,383,375,0,95.99,95.99,95.99,95.99,95.99,93.98,0.0,95.99,93.98,0.0,93.98,95.99,95.99,0.0,0.0,93.98,0.0,0.0,0.0,95.99,95.99,95.99,93.98,0.0,95.99,93.98,0.0,0.0,0.0,0.0,0.0,0.0,0.0,0.0,0.0,0.0,0.0,0.0,0.0,0.0,0.0,0.0,0.0,0.0,0.0,0.0,0.0,0.0,0.0,0.0,0.0,0.0,0.0,0.0,,,2.37,21.42,,,,54.38,43.06,,,,,,,,,0.19,,,,,,,,,,1,1,1,1,0,0,82.83,51.93,88.57,55.4,35.58,3.16,53.07,,,,,,,,,,21.95,22.12,,21.59,,,,,,,,12.99,10.5,,,,4.86,4.95,,,,,,,,,47.06,,,,,,,,,,383,375,383,375,383,375,383,0,0,0,0,0,0,0,0,0,383,383,0,375,0,0,0,0,0,95.99,93.98,95.99,93.98,95.99,93.98,95.99,0.0,0.0,0.0,0.0,0.0,0.0,0.0,0.0,0.0,95.99,95.99,0.0,93.98,0.0,0.0,0.0,0.0,0.0,0.0,0.0,0.0,0.0,0.0,0.0,0.0,0.0,0.0,0.0,0.0,0.0,0.0,0.0,0.0,0.0,0.0,0.0,0.0,0.0,0.0,0.0,0.0,0.0,0.0,2020-2021,113085.0,572.0,0.0,113657.0
2021-01-16T00:00:00.000,CA,65956.0,60590.43,5384.43,53942.0,51054.0,2896.86,12795.71,9214.71,3583.57,10247.71,8234.43,2014.71,22357.0,165.0,22522.0,,,98.71,,,,4847.29,,4847.29,,,23.14,,,,,,178.0,3101.0,,,,14548.0,31.0,14726.0,,,,,,,,,,45.0,,,,,,,,,,,81.78,34.15,0.15,,80.09,37.88,0.18,,98.79,1.21,,,,,383,383,383,383,383,375,0,383,375,0,375,383,383,0,0,375,0,0,0,383,383,383,375,0,383,375,0,95.99,95.99,95.99,95.99,95.99,93.98,0.0,95.99,93.98,0.0,93.98,95.99,95.99,0.0,0.0,93.98,0.0,0.0,0.0,95.99,95.99,95.99,93.98,0.0,95.99,93.98,0.0,0.0,0.0,0.0,0.0,0.0,0.0,0.0,0.0,0.0,0.0,0.0,0.0,0.0,0.0,0.0,0.0,0.0,0.0,0.0,0.0,0.0,0.0,0.0,0.0,0.0,0.0,0.0,,,2.11,18.3,,,,47.88,37.93,,,,,,,,,0.12,,,,,,,,,,1,1,1,1,0,0,84.26,53.8,89.36,56.22,36.9,3.06,52.6,,,,,,,,,,21.52,21.68,,23.44,,,,,,,,-11.0,-14.6,,,,-11.94,-11.93,,,,,,,,,-40.0,,,,,,,,,,383,375,383,375,383,375,383,0,0,0,0,0,0,0,0,0,383,383,0,375,0,0,0,0,0,95.99,93.98,95.99,93.98,95.99,93.98,95.99,0.0,0.0,0.0,0.0,0.0,0.0,0.0,0.0,0.0,95.99,95.99,0.0,93.98,0.0,0.0,0.0,0.0,0.0,0.0,0.0,0.0,0.0,0.0,0.0,0.0,0.0,0.0,0.0,0.0,0.0,0.0,0.0,0.0,0.0,0.0,0.0,0.0,0.0,0.0,0.0,0.0,0.0,0.0,2020-2021,127811.0,617.0,0.0,128428.0
2021-01-23T00:00:00.000,CA,65261.07,59931.69,5341.57,53063.46,50181.84,2895.67,12492.28,8976.38,3524.57,10086.76,8070.43,2023.98,19300.66,166.29,19466.94,,,54.57,,,,4675.89,,4675.89,,,14.14,,,,,,178.0,2677.0,,,,12860.0,92.0,13038.0,,,,,,,,,,40.0,,,,,,,,,,,81.31,29.83,0.08,,80.74,37.43,0.11,,98.63,1.37,,,,,383,383,383,383,383,375,0,383,375,0,375,383,383,0,0,375,0,0,0,383,383,383,375,0,383,375,0,95.99,95.99,95.99,95.99,95.99,93.98,0.0,95.99,93.98,0.0,93.98,95.99,95.99,0.0,0.0,93.98,0.0,0.0,0.0,95.99,95.99,95.99,93.98,0.0,95.99,93.98,0.0,0.0,0.0,0.0,0.0,0.0,0.0,0.0,0.0,0.0,0.0,0.0,0.0,0.0,0.0,0.0,0.0,0.0,0.0,0.0,0.0,0.0,0.0,0.0,0.0,0.0,0.0,0.0,,,2.11,15.8,,,,42.33,33.58,,,,,,,,,0.1,,,,,,,,,,1,1,1,1,0,0,83.73,54.21,89.91,57.42,32.2,3.11,52.09,,,,,,,,,,24.02,24.23,,25.92,,,,,,,,0.0,-13.67,,,,-11.6,-11.46,,,,,,,,,-11.11,,,,,,,,,,383,375,383,375,383,375,383,0,0,0,0,0,0,0,0,0,383,383,0,375,0,0,0,0,0,95.99,93.98,95.99,93.98,95.99,93.98,95.99,0.0,0.0,0.0,0.0,0.0,0.0,0.0,0.0,0.0,95.99,95.99,0.0,93.98,0.0,0.0,0.0,0.0,0.0,0.0,0.0,0.0,0.0,0.0,0.0,0.0,0.0,0.0,0.0,0.0,0.0,0.0,0.0,0.0,0.0,0.0,0.0,0.0,0.0,0.0,0.0,0.0,0.0,0.0,2020-2021,140849.0,657.0,0.0,141506.0
2021-01-30T00:00:00.000,CA,64545.36,59101.07,5451.29,51612.49,48628.2,2987.29,12354.76,8823.05,3532.29,9884.29,7828.71,2056.14,16150.9,145.71,16296.62,,,37.0,,,,4216.86,,4216.86,,,14.43,,,,,,154.0,2347.0,,,,10410.0,23.0,10564.0,,,,,,,,,,24.0,,,,,,,,,,,79.96,25.25,0.06,,80.0,34.13,0.12,,98.54,1.46,,,,,383,383,383,383,383,375,0,383,375,0,375,383,383,0,0,375,0,0,0,383,383,383,375,0,383,375,0,95.99,95.99,95.99,95.99,95.99,93.98,0.0,95.99,93.98,0.0,93.98,95.99,95.99,0.0,0.0,93.98,0.0,0.0,0.0,95.99,95.99,95.99,93.98,0.0,95.99,93.98,0.0,0.0,0.0,0.0,0.0,0.0,0.0,0.0,0.0,0.0,0.0,0.0,0.0,0.0,0.0,0.0,0.0,0.0,0.0,0.0,0.0,0.0,0.0,0.0,0.0,0.0,0.0,0.0,,,1.82,13.85,,,,34.26,27.21,,,,,,,,,0.06,,,,,,,,,,1,1,1,1,0,0,82.28,54.8,88.73,58.21,27.33,2.67,47.79,,,,,,,,,,25.88,26.11,,39.0,,,,,,,,-13.48,-12.33,,,,-19.05,-18.98,,,,,,,,,-40.0,,,,,,,,,,383,375,383,375,383,375,383,0,0,0,0,0,0,0,0,0,383,383,0,375,0,0,0,0,0,95.99,93.98,95.99,93.98,95.99,93.98,95.99,0.0,0.0,0.0,0.0,0.0,0.0,0.0,0.0,0.0,95.99,95.99,0.0,93.98,0.0,0.0,0.0,0.0,0.0,0.0,0.0,0.0,0.0,0.0,0.0,0.0,0.0,0.0,0.0,0.0,0.0,0.0,0.0,0.0,0.0,0.0,0.0,0.0,0.0,0.0,0.0,0.0,0.0,0.0,2020-2021,151413.0,681.0,0.0,152094.0
2021-02-06T00:00:00.000,CA,63350.17,57940.88,5409.29,49922.02,46855.45,3066.57,11992.02,8468.88,3523.14,9336.17,7305.6,2066.86,13188.62,124.43,13313.05,,,36.86,,,,3591.93,,3591.93,,,11.71,,,,,,152.0,1960.0,,,,8285.0,32.0,8437.0,,,,,,,,,,18.0,,,,,,,,,,,78.8,21.02,0.06,,77.85,29.95,0.1,,98.2,1.8,,,,,383,383,383,383,383,375,0,383,375,0,375,383,383,0,0,375,0,0,0,383,383,383,375,0,383,375,0,95.99,95.99,95.99,95.99,95.99,93.98,0.0,95.99,93.98,0.0,93.98,95.99,95.99,0.0,0.0,93.98,0.0,0.0,0.0,95.99,95.99,95.99,93.98,0.0,95.99,93.98,0.0,0.0,0.0,0.0,0.0,0.0,0.0,0.0,0.0,0.0,0.0,0.0,0.0,0.0,0.0,0.0,0.0,0.0,0.0,0.0,0.0,0.0,0.0,0.0,0.0,0.0,0.0,0.0,,,1.8,11.56,,,,27.27,21.73,,,,,,,,,0.05,,,,,,,,,,1,1,1,1,0,0,80.87,56.69,86.26,58.67,22.76,2.3,42.41,,,,,,,,,,26.98,27.24,,31.78,,,,,,,,-1.3,-16.49,,,,-20.41,-20.13,,,,,,,,,-25.0,,,,,,,,,,383,375,383,375,383,375,383,0,0,0,0,0,0,0,0,0,383,383,0,375,0,0,0,0,0,95.99,93.98,95.99,93.98,95.99,93.98,95.99,0.0,0.0,0.0,0.0,0.0,0.0,0.0,0.0,0.0,95.99,95.99,0.0,93.98,0.0,0.0,0.0,0.0,0.0,0.0,0.0,0.0,0.0,0.0,0.0,0.0,0.0,0.0,0.0,0.0,0.0,0.0,0.0,0.0,0.0,0.0,0.0,0.0,0.0,0.0,0.0,0.0,0.0,0.0,2020-2021,159850.0,699.0,0.0,160549.0
2021-02-13T00:00:00.000,CA,62280.28,56841.28,5434.1,48128.3,45063.98,3061.39,11645.9,8126.61,3509.93,8838.32,6840.63,1984.21,10345.09,119.0,10464.09,,,32.43,,,,2937.47,,2937.47,,,8.57,,,,,,147.0,1599.0,,,,6225.0,15.0,6372.0,,,,,,,,,,24.0,,,,,,,,,,,77.28,16.8,0.05,,75.89,25.22,0.07,,97.69,2.31,,,,,383,383,383,383,383,375,0,383,375,0,375,383,383,0,0,375,0,0,0,383,383,383,375,0,383,375,0,95.99,95.99,95.99,95.99,95.99,93.98,0.0,95.99,93.98,0.0,93.98,95.99,95.99,0.0,0.0,93.98,0.0,0.0,0.0,95.99,95.99,95.99,93.98,0.0,95.99,93.98,0.0,0.0,0.0,0.0,0.0,0.0,0.0,0.0,0.0,0.0,0.0,0.0,0.0,0.0,0.0,0.0,0.0,0.0,0.0,0.0,0.0,0.0,0.0,0.0,0.0,0.0,0.0,0.0,,,1.74,9.43,,,,20.49,16.41,,,,,,,,,0.06,,,,,,,,,,1,1,1,1,0,0,79.28,56.34,84.18,56.53,18.2,2.19,36.15,,,,,,,,,,28.07,28.39,,26.43,,,,,,,,-3.29,-18.42,,,,-24.86,-24.48,,,,,,,,,33.33,,,,,,,,,,383,375,383,375,383,375,383,0,0,0,0,0,0,0,0,0,383,383,0,375,0,0,0,0,0,95.99,93.98,95.99,93.98,95.99,93.98,95.99,0.0,0.0,0.0,0.0,0.0,0.0,0.0,0.0,0.0,95.99,95.99,0.0,93.98,0.0,0.0,0.0,0.0,0.0,0.0,0.0,0.0,0.0,0.0,0.0,0.0,0.0,0.0,0.0,0.0,0.0,0.0,0.0,0.0,0.0,0.0,0.0,0.0,0.0,0.0,0.0,0.0,0.0,0.0,2020-2021,166222.0,723.0,0.0,166945.0
2021-02-20T00:00:00.000,CA,61265.33,55933.76,5391.21,46050.31,43188.87,2916.44,11385.1,7884.48,3511.74,8339.38,6312.52,2035.91,7737.53,101.89,7839.42,,,24.43,,,,2295.84,,2295.84,,,8.43,,,,,,110.0,1331.0,,,,4732.0,8.0,4842.0,,,,,,,,,,16.0,,,,,,,,,,,75.17,12.8,0.04,,73.25,20.17,0.07,,97.73,2.27,,,,,383,383,383,383,383,375,0,383,375,0,375,383,383,0,0,375,0,0,0,383,383,383,375,0,383,375,0,95.99,95.99,95.99,95.99,95.99,93.98,0.0,95.99,93.98,0.0,93.98,95.99,95.99,0.0,0.0,93.98,0.0,0.0,0.0,95.99,95.99,95.99,93.98,0.0,95.99,93.98,0.0,0.0,0.0,0.0,0.0,0.0,0.0,0.0,0.0,0.0,0.0,0.0,0.0,0.0,0.0,0.0,0.0,0.0,0.0,0.0,0.0,0.0,0.0,0.0,0.0,0.0,0.0,0.0,,,1.3,7.85,,,,15.57,12.47,,,,,,,,,0.04,,,,,,,,,,1,1,1,1,0,0,77.21,54.1,80.06,57.97,13.83,1.89,29.12,,,,,,,,,,29.29,29.67,,34.5,,,,,,,,-25.17,-16.76,,,,-23.98,-24.01,,,,,,,,,-33.33,,,,,,,,,,383,375,383,375,383,375,383,0,0,0,0,0,0,0,0,0,383,383,0,375,0,0,0,0,0,95.99,93.98,95.99,93.98,95.99,93.98,95.99,0.0,0.0,0.0,0.0,0.0,0.0,0.0,0.0,0.0,95.99,95.99,0.0,93.98,0.0,0.0,0.0,0.0,0.0,0.0,0.0,0.0,0.0,0.0,0.0,0.0,0.0,0.0,0.0,0.0,0.0,0.0,0.0,0.0,0.0,0.0,0.0,0.0,0.0,0.0,0.0,0.0,0.0,0.0,2020-2021,171064.0,739.0,0.0,171803.0
2021-02-27T00:00:00.000,CA,60960.43,55517.67,5442.76,45486.45,42408.83,3077.62,11276.43,7721.57,3554.86,8004.17,5941.71,2062.45,5808.76,86.9,5895.67,,,20.86,,,,1694.9,,1694.9,,,5.71,,,,,,108.0,1072.0,,,,3721.0,8.0,3829.0,,,,,,,,,,22.0,,,,,,,,,,,74.62,9.67,0.03,,70.98,15.03,0.05,,97.18,2.82,,,,,383,383,383,383,383,375,0,383,375,0,375,383,383,0,0,375,0,0,0,383,383,383,375,0,383,375,0,95.99,95.99,95.99,95.99,95.99,93.98,0.0,95.99,93.98,0.0,93.98,95.99,95.99,0.0,0.0,93.98,0.0,0.0,0.0,95.99,95.99,95.99,93.98,0.0,95.99,93.98,0.0,0.0,0.0,0.0,0.0,0.0,0.0,0.0,0.0,0.0,0.0,0.0,0.0,0.0,0.0,0.0,0.0,0.0,0.0,0.0,0.0,0.0,0.0,0.0,0.0,0.0,0.0,0.0,,,1.28,6.33,,,,12.25,9.86,,,,,,,,,0.06,,,,,,,,,,1,1,1,1,0,0,76.39,56.55,76.95,58.02,10.46,1.6,21.95,,,,,,,,,,28.75,29.18,,27.4,,,,,,,,-1.82,-19.46,,,,-21.37,-20.92,,,,,,,,,37.5,,,,,,,,,,383,375,383,375,383,375,383,0,0,0,0,0,0,0,0,0,383,383,0,375,0,0,0,0,0,95.99,93.98,95.99,93.98,95.99,93.98,95.99,0.0,0.0,0.0,0.0,0.0,0.0,0.0,0.0,0.0,95.99,95.99,0.0,93.98,0.0,0.0,0.0,0.0,0.0,0.0,0.0,0.0,0.0,0.0,0.0,0.0,0.0,0.0,0.0,0.0,0.0,0.0,0.0,0.0,0.0,0.0,0.0,0.0,0.0,0.0,0.0,0.0,0.0,0.0,2020-2021,174893.0,761.0,0.0,175654.0
2021-03-06T00:00:00.000,CA,60469.4,55035.49,5433.9,44590.47,41563.11,3027.36,11123.21,7551.4,3571.81,7671.02,5585.64,2085.38,4349.12,61.6,4410.71,,,14.36,,,,1264.3,,1264.3,,,1.17,,,,,,76.0,1012.0,,,,3063.0,6.0,3139.0,,,,,,,,,,14.0,,,,,,,,,,,73.74,7.29,0.02,,68.96,11.37,0.01,,97.58,2.42,,,,,383,383,383,383,383,375,0,383,375,0,375,383,383,0,0,375,0,0,0,383,383,383,375,0,383,375,0,95.99,95.99,95.99,95.99,95.99,93.98,0.0,95.99,93.98,0.0,93.98,95.99,95.99,0.0,0.0,93.98,0.0,0.0,0.0,95.99,95.99,95.99,93.98,0.0,95.99,93.98,0.0,0.0,0.0,0.0,0.0,0.0,0.0,0.0,0.0,0.0,0.0,0.0,0.0,0.0,0.0,0.0,0.0,0.0,0.0,0.0,0.0,0.0,0.0,0.0,0.0,0.0,0.0,0.0,,,0.9,5.97,,,,10.08,8.08,,,,,,,,,0.04,,,,,,,,,,1,1,1,1,0,0,75.52,55.71,73.97,58.38,7.9,1.13,16.74,,,,,,,,,,28.66,29.07,,8.13,,,,,,,,-29.63,-5.6,,,,-17.68,-18.02,,,,,,,,,-36.36,,,,,,,,,,383,375,383,375,383,375,383,0,0,0,0,0,0,0,0,0,383,383,0,375,0,0,0,0,0,95.99,93.98,95.99,93.98,95.99,93.98,95.99,0.0,0.0,0.0,0.0,0.0,0.0,0.0,0.0,0.0,95.99,95.99,0.0,93.98,0.0,0.0,0.0,0.0,0.0,0.0,0.0,0.0,0.0,0.0,0.0,0.0,0.0,0.0,0.0,0.0,0.0,0.0,0.0,0.0,0.0,0.0,0.0,0.0,0.0,0.0,0.0,0.0,0.0,0.0,2020-2021,178032.0,775.0,0.0,178807.0
2021-03-13T00:00:00.000,CA,60155.77,54683.62,5470.29,44026.62,41003.31,3023.52,10971.62,7384.21,3593.4,7443.38,5349.21,2097.67,3473.48,54.83,3528.31,,,7.57,,,,978.74,,978.74,,,2.71,,,,,,58.0,867.0,,,,2554.0,2.0,2612.0,,,,,,,,,,14.0,,,,,,,,,,,73.19,5.87,0.01,,67.84,8.92,0.02,,97.78,2.22,,,,,383,383,383,383,383,375,0,383,375,0,375,383,383,0,0,375,0,0,0,383,383,383,375,0,383,375,0,95.99,95.99,95.99,95.99,95.99,93.98,0.0,95.99,93.98,0.0,93.98,95.99,95.99,0.0,0.0,93.98,0.0,0.0,0.0,95.99,95.99,95.99,93.98,0.0,95.99,93.98,0.0,0.0,0.0,0.0,0.0,0.0,0.0,0.0,0.0,0.0,0.0,0.0,0.0,0.0,0.0,0.0,0.0,0.0,0.0,0.0,0.0,0.0,0.0,0.0,0.0,0.0,0.0,0.0,,,0.69,5.12,,,,8.41,6.73,,,,,,,,,0.04,,,,,,,,,,1,1,1,1,0,0,74.98,55.27,72.44,58.38,6.35,1.0,13.25,,,,,,,,,,27.74,28.18,,35.85,,,,,,,,-23.68,-14.33,,,,-16.62,-16.79,,,,,,,,,0.0,,,,,,,,,,383,375,383,375,383,375,383,0,0,0,0,0,0,0,0,0,383,383,0,375,0,0,0,0,0,95.99,93.98,95.99,93.98,95.99,93.98,95.99,0.0,0.0,0.0,0.0,0.0,0.0,0.0,0.0,0.0,95.99,95.99,0.0,93.98,0.0,0.0,0.0,0.0,0.0,0.0,0.0,0.0,0.0,0.0,0.0,0.0,0.0,0.0,0.0,0.0,0.0,0.0,0.0,0.0,0.0,0.0,0.0,0.0,0.0,0.0,0.0,0.0,0.0,0.0,2020-2021,180644.0,789.0,0.0,181433.0
2021-03-20T00:00:00.000,CA,60155.71,54650.0,5512.71,44164.14,41076.86,3089.14,10887.14,7266.86,3620.86,7327.86,5218.14,2110.29,2894.14,49.57,2943.71,,,10.14,,,,772.14,,772.14,,,2.86,,,,,,57.0,817.0,,,,2408.0,1.0,2465.0,,,,,,,,,,10.0,,,,,,,,,,,73.42,4.89,0.02,,67.31,7.09,0.03,,97.69,2.31,,,,,383,383,383,383,383,375,0,383,375,0,375,383,383,0,0,375,0,0,0,383,383,383,375,0,383,375,0,95.99,95.99,95.99,95.99,95.99,93.98,0.0,95.99,93.98,0.0,93.98,95.99,95.99,0.0,0.0,93.98,0.0,0.0,0.0,95.99,95.99,95.99,93.98,0.0,95.99,93.98,0.0,0.0,0.0,0.0,0.0,0.0,0.0,0.0,0.0,0.0,0.0,0.0,0.0,0.0,0.0,0.0,0.0,0.0,0.0,0.0,0.0,0.0,0.0,0.0,0.0,0.0,0.0,0.0,,,0.67,4.82,,,,7.93,6.35,,,,,,,,,0.03,,,,,,,,,,1,1,1,1,0,0,75.16,56.04,71.81,58.28,5.3,0.9,10.63,,,,,,,,,,26.23,26.68,,28.17,,,,,,,,-1.72,-5.77,,,,-5.72,-5.63,,,,,,,,,-28.57,,,,,,,,,,383,375,383,375,383,375,383,0,0,0,0,0,0,0,0,0,383,383,0,375,0,0,0,0,0,95.99,93.98,95.99,93.98,95.99,93.98,95.99,0.0,0.0,0.0,0.0,0.0,0.0,0.0,0.0,0.0,95.99,95.99,0.0,93.98,0.0,0.0,0.0,0.0,0.0,0.0,0.0,0.0,0.0,0.0,0.0,0.0,0.0,0.0,0.0,0.0,0.0,0.0,0.0,0.0,0.0,0.0,0.0,0.0,0.0,0.0,0.0,0.0,0.0,0.0,2020-2021,183109.0,799.0,0.0,183908.0
2021-03-27T00:00:00.000,CA,60203.57,54694.93,5508.64,44398.85,41281.61,3117.24,10833.36,7186.19,3647.17,7161.64,5072.45,2089.19,2423.46,40.36,2463.81,,,16.14,,,,610.34,,610.34,,,2.0,,,,,,57.0,780.0,,,,2063.0,3.0,2120.0,,,,,,,,,,16.0,,,,,,,,,,,73.75,4.09,0.03,,66.11,5.63,0.02,,97.31,2.69,,,,,383,383,383,383,383,375,0,383,375,0,375,383,383,0,0,375,0,0,0,383,383,383,375,0,383,375,0,95.99,95.99,95.99,95.99,95.99,93.98,0.0,95.99,93.98,0.0,93.98,95.99,95.99,0.0,0.0,93.98,0.0,0.0,0.0,95.99,95.99,95.99,93.98,0.0,95.99,93.98,0.0,0.0,0.0,0.0,0.0,0.0,0.0,0.0,0.0,0.0,0.0,0.0,0.0,0.0,0.0,0.0,0.0,0.0,0.0,0.0,0.0,0.0,0.0,0.0,0.0,0.0,0.0,0.0,,,0.67,4.6,,,,6.79,5.46,,,,,,,,,0.04,,,,,,,,,,1,1,1,1,0,0,75.48,56.59,70.59,57.28,4.43,0.73,8.49,,,,,,,,,,24.77,25.18,,12.39,,,,,,,,0.0,-4.53,,,,-14.33,-14.0,,,,,,,,,60.0,,,,,,,,,,383,375,383,375,383,375,383,0,0,0,0,0,0,0,0,0,383,383,0,375,0,0,0,0,0,95.99,93.98,95.99,93.98,95.99,93.98,95.99,0.0,0.0,0.0,0.0,0.0,0.0,0.0,0.0,0.0,95.99,95.99,0.0,93.98,0.0,0.0,0.0,0.0,0.0,0.0,0.0,0.0,0.0,0.0,0.0,0.0,0.0,0.0,0.0,0.0,0.0,0.0,0.0,0.0,0.0,0.0,0.0,0.0,0.0,0.0,0.0,0.0,0.0,0.0,2020-2021,185229.0,815.0,0.0,186044.0
2021-04-03T00:00:00.000,CA,60094.81,54554.55,5540.26,44024.92,40979.75,3045.17,10781.15,7131.96,3649.19,7095.71,5018.4,2077.31,2140.76,37.1,2177.86,,,13.29,,,,552.48,,552.48,,,1.86,,,,,,49.0,723.0,,,,1928.0,15.0,1977.0,,,,,,,,,,4.0,,,,,,,,,,,73.26,3.62,0.02,,65.82,5.12,0.02,,97.52,2.48,,,,,383,383,383,383,383,375,0,383,375,0,375,383,383,0,0,375,0,0,0,383,383,383,375,0,383,375,0,95.99,95.99,95.99,95.99,95.99,93.98,0.0,95.99,93.98,0.0,93.98,95.99,95.99,0.0,0.0,93.98,0.0,0.0,0.0,95.99,95.99,95.99,93.98,0.0,95.99,93.98,0.0,0.0,0.0,0.0,0.0,0.0,0.0,0.0,0.0,0.0,0.0,0.0,0.0,0.0,0.0,0.0,0.0,0.0,0.0,0.0,0.0,0.0,0.0,0.0,0.0,0.0,0.0,0.0,,,0.58,4.27,,,,6.35,5.09,,,,,,,,,0.01,,,,,,,,,,1,1,1,1,0,0,75.12,54.96,70.37,56.93,3.92,0.67,7.75,,,,,,,,,,25.37,25.81,,13.98,,,,,,,,-14.04,-7.31,,,,-6.54,-6.75,,,,,,,,,-75.0,,,,,,,,,,383,375,383,375,383,375,383,0,0,0,0,0,0,0,0,0,383,383,0,375,0,0,0,0,0,95.99,93.98,95.99,93.98,95.99,93.98,95.99,0.0,0.0,0.0,0.0,0.0,0.0,0.0,0.0,0.0,95.99,95.99,0.0,93.98,0.0,0.0,0.0,0.0,0.0,0.0,0.0,0.0,0.0,0.0,0.0,0.0,0.0,0.0,0.0,0.0,0.0,0.0,0.0,0.0,0.0,0.0,0.0,0.0,0.0,0.0,0.0,0.0,0.0,0.0,2020-2021,187206.0,819.0,0.0,188025.0
2021-04-10T00:00:00.000,CA,59668.48,54126.05,5562.71,43330.24,40268.12,3079.4,10688.62,7050.19,3640.71,6884.55,4842.79,2043.62,1893.31,36.6,1929.9,,,13.86,,,,471.64,,471.64,,,1.14,,,,,,37.0,664.0,,,,1716.0,2.0,1753.0,,,,,,,,,,7.0,,,,,,,,,,,72.62,3.23,0.02,,64.41,4.41,0.01,,97.89,2.11,,,,,383,383,383,383,383,375,0,383,375,0,375,383,383,0,0,375,0,0,0,383,383,383,375,0,383,375,0,95.99,95.99,95.99,95.99,95.99,93.98,0.0,95.99,93.98,0.0,93.98,95.99,95.99,0.0,0.0,93.98,0.0,0.0,0.0,95.99,95.99,95.99,93.98,0.0,95.99,93.98,0.0,0.0,0.0,0.0,0.0,0.0,0.0,0.0,0.0,0.0,0.0,0.0,0.0,0.0,0.0,0.0,0.0,0.0,0.0,0.0,0.0,0.0,0.0,0.0,0.0,0.0,0.0,0.0,,,0.44,3.92,,,,5.65,4.51,,,,,,,,,0.02,,,,,,,,,,1,1,1,1,0,0,74.4,55.36,68.69,56.13,3.5,0.66,6.69,,,,,,,,,,24.44,24.91,,8.25,,,,,,,,-24.49,-8.16,,,,-11.0,-11.33,,,,,,,,,75.0,,,,,,,,,,383,375,383,375,383,375,383,0,0,0,0,0,0,0,0,0,383,383,0,375,0,0,0,0,0,95.99,93.98,95.99,93.98,95.99,93.98,95.99,0.0,0.0,0.0,0.0,0.0,0.0,0.0,0.0,0.0,95.99,95.99,0.0,93.98,0.0,0.0,0.0,0.0,0.0,0.0,0.0,0.0,0.0,0.0,0.0,0.0,0.0,0.0,0.0,0.0,0.0,0.0,0.0,0.0,0.0,0.0,0.0,0.0,0.0,0.0,0.0,0.0,0.0,0.0,2020-2021,188959.0,826.0,0.0,189785.0
2021-04-17T00:00:00.000,CA,59965.97,54408.54,5564.43,44078.64,40994.17,3086.33,10960.86,7313.0,3648.43,7101.14,4974.52,2127.19,1805.67,35.71,1841.38,,,14.29,,,,443.62,,443.62,,,1.29,,,,,,71.0,704.0,,,,1833.0,1.0,1904.0,,,,,,,,,,11.0,,,,,,,,,,,73.51,3.07,0.02,,64.79,4.05,0.01,,96.27,3.73,,,,,383,383,383,383,383,375,0,383,375,0,375,383,383,0,0,375,0,0,0,383,383,383,375,0,383,375,0,95.99,95.99,95.99,95.99,95.99,93.98,0.0,95.99,93.98,0.0,93.98,95.99,95.99,0.0,0.0,93.98,0.0,0.0,0.0,95.99,95.99,95.99,93.98,0.0,95.99,93.98,0.0,0.0,0.0,0.0,0.0,0.0,0.0,0.0,0.0,0.0,0.0,0.0,0.0,0.0,0.0,0.0,0.0,0.0,0.0,0.0,0.0,0.0,0.0,0.0,0.0,0.0,0.0,0.0,,,0.84,4.15,,,,6.03,4.9,,,,,,,,,0.03,,,,,,,,,,1,1,1,1,0,0,75.35,55.47,68.02,58.3,3.32,0.64,6.07,,,,,,,,,,24.09,24.57,,9.0,,,,,,,,91.89,6.02,,,,6.82,8.61,,,,,,,,,57.14,,,,,,,,,,383,375,383,375,383,375,383,0,0,0,0,0,0,0,0,0,383,383,0,375,0,0,0,0,0,95.99,93.98,95.99,93.98,95.99,93.98,95.99,0.0,0.0,0.0,0.0,0.0,0.0,0.0,0.0,0.0,95.99,95.99,0.0,93.98,0.0,0.0,0.0,0.0,0.0,0.0,0.0,0.0,0.0,0.0,0.0,0.0,0.0,0.0,0.0,0.0,0.0,0.0,0.0,0.0,0.0,0.0,0.0,0.0,0.0,0.0,0.0,0.0,0.0,0.0,2020-2021,190863.0,837.0,0.0,191700.0
2021-04-24T00:00:00.000,CA,60045.64,54219.79,5825.86,44186.85,41082.07,3104.79,10628.86,6986.57,3642.29,6896.36,4820.5,2075.86,1738.64,33.29,1771.92,,,10.6,,,,412.76,,412.76,,,0.86,,,,,,47.0,606.0,,,,1631.0,3.0,1678.0,,,,,,,,,,13.0,,,,,,,,,,,73.59,2.95,0.02,,64.88,3.88,0.01,,97.2,2.8,,,,,382,382,382,382,382,374,0,382,374,0,374,382,382,0,0,374,0,0,0,382,382,382,374,0,382,374,0,95.74,95.74,95.74,95.74,95.74,93.73,0.0,95.74,93.73,0.0,93.73,95.74,95.74,0.0,0.0,93.73,0.0,0.0,0.0,95.74,95.74,95.74,93.73,0.0,95.74,93.73,0.0,-0.25,-0.25,-0.25,-0.25,-0.25,-0.25,0.0,-0.25,-0.25,0.0,-0.25,-0.25,-0.25,0.0,0.0,-0.25,0.0,0.0,0.0,-0.25,-0.25,-0.25,-0.25,0.0,-0.25,-0.25,0.0,,,0.56,3.58,,,,5.37,4.32,,,,,,,,,0.03,,,,,,,,,,1,1,1,1,0,0,75.77,53.29,69.0,56.99,3.21,0.57,5.91,,,,,,,,,,23.29,23.74,,8.09,,,,,,,,-33.8,-13.92,,,,-11.02,-11.87,,,,,,,,,18.18,,,,,,,,,,382,374,382,374,382,374,382,0,0,0,0,0,0,0,0,0,382,382,0,374,0,0,0,0,0,95.74,93.73,95.74,93.73,95.74,93.73,95.74,0.0,0.0,0.0,0.0,0.0,0.0,0.0,0.0,0.0,95.74,95.74,0.0,93.73,0.0,0.0,0.0,0.0,0.0,-0.25,-0.25,-0.25,-0.25,-0.25,-0.25,-0.25,0.0,0.0,0.0,0.0,0.0,0.0,0.0,0.0,0.0,-0.25,-0.25,0.0,-0.25,0.0,0.0,0.0,0.0,0.0,2020-2021,192541.0,850.0,0.0,193391.0
2021-05-01T00:00:00.000,CA,59835.86,54298.14,5544.71,44020.71,40947.86,3074.71,10649.29,7003.14,3646.71,6907.64,4819.93,2088.29,1687.05,35.14,1722.19,,,11.14,,,,394.29,,394.29,,,0.71,,,,,,47.0,647.0,,,,1649.0,2.0,1696.0,,,,,,,,,,8.0,,,,,,,,,,,73.57,2.88,0.02,,64.86,3.7,0.01,,97.23,2.77,,,,,383,383,383,383,383,375,0,383,375,0,375,383,383,0,0,375,0,0,0,383,383,383,375,0,383,375,0,95.99,95.99,95.99,95.99,95.99,93.98,0.0,95.99,93.98,0.0,93.98,95.99,95.99,0.0,0.0,93.98,0.0,0.0,0.0,95.99,95.99,95.99,93.98,0.0,95.99,93.98,0.0,0.25,0.25,0.25,0.25,0.25,0.25,0.0,0.25,0.25,0.0,0.25,0.25,0.25,0.0,0.0,0.25,0.0,0.0,0.0,0.25,0.25,0.25,0.25,0.0,0.25,0.25,0.0,,,0.56,3.82,,,,5.43,4.37,,,,,,,,,0.02,,,,,,,,,,1,1,1,1,0,0,75.41,55.45,68.83,57.26,3.11,0.63,5.63,,,,,,,,,,22.89,23.37,,6.41,,,,,,,,0.0,6.77,,,,1.1,1.07,,,,,,,,,-38.46,,,,,,,,,,383,375,383,375,383,375,383,0,0,0,0,0,0,0,0,0,383,383,0,375,0,0,0,0,0,95.99,93.98,95.99,93.98,95.99,93.98,95.99,0.0,0.0,0.0,0.0,0.0,0.0,0.0,0.0,0.0,95.99,95.99,0.0,93.98,0.0,0.0,0.0,0.0,0.0,0.25,0.25,0.25,0.25,0.25,0.25,0.25,0.0,0.0,0.0,0.0,0.0,0.0,0.0,0.0,0.0,0.25,0.25,0.0,0.25,0.0,0.0,0.0,0.0,0.0,2020-2021,194237.0,858.0,0.0,195095.0
2021-05-08T00:00:00.000,CA,59900.14,54364.14,5530.41,44434.9,41344.88,3085.91,10653.76,7020.62,3632.43,6916.95,4819.83,2087.98,1544.81,35.52,1580.33,,,17.43,,,,386.95,,386.95,,,0.71,,,,,,41.0,581.0,,,,1485.0,15.0,1526.0,,,,,,,,,,13.0,,,,,,,,,,,74.18,2.64,0.03,,64.92,3.63,0.01,,97.31,2.69,,,,,383,383,383,383,383,375,0,383,375,0,375,383,383,0,0,375,0,0,0,383,383,383,375,0,383,375,0,95.99,95.99,95.99,95.99,95.99,93.98,0.0,95.99,93.98,0.0,93.98,95.99,95.99,0.0,0.0,93.98,0.0,0.0,0.0,95.99,95.99,95.99,93.98,0.0,95.99,93.98,0.0,0.0,0.0,0.0,0.0,0.0,0.0,0.0,0.0,0.0,0.0,0.0,0.0,0.0,0.0,0.0,0.0,0.0,0.0,0.0,0.0,0.0,0.0,0.0,0.0,0.0,0.0,0.0,,,0.49,3.43,,,,4.89,3.93,,,,,,,,,0.03,,,,,,,,,,1,1,1,1,0,0,76.05,55.8,68.65,57.48,2.84,0.64,5.51,,,,,,,,,,24.49,25.05,,4.1,,,,,,,,-12.77,-10.2,,,,-9.95,-10.02,,,,,,,,,62.5,,,,,,,,,,383,375,383,375,383,375,383,0,0,0,0,0,0,0,0,0,383,383,0,375,0,0,0,0,0,95.99,93.98,95.99,93.98,95.99,93.98,95.99,0.0,0.0,0.0,0.0,0.0,0.0,0.0,0.0,0.0,95.99,95.99,0.0,93.98,0.0,0.0,0.0,0.0,0.0,0.0,0.0,0.0,0.0,0.0,0.0,0.0,0.0,0.0,0.0,0.0,0.0,0.0,0.0,0.0,0.0,0.0,0.0,0.0,0.0,0.0,0.0,0.0,0.0,0.0,2020-2021,195763.0,871.0,0.0,196634.0
2021-05-15T00:00:00.000,CA,58517.02,53002.17,5542.0,43177.86,40117.33,3080.0,10477.9,6852.48,3628.86,6809.47,4676.0,2136.34,1410.62,33.0,1443.62,,,8.86,,,,343.12,,343.12,,,0.0,,,,,,39.0,529.0,,,,1294.0,3.0,1333.0,,,,,,,,,,5.0,,,,,,,,,,,73.79,2.47,0.02,,64.99,3.27,0.0,,97.07,2.93,,,,,377,377,377,377,377,369,0,377,369,0,369,377,377,0,0,369,0,0,0,377,377,377,369,0,377,369,0,94.49,94.49,94.49,94.49,94.49,92.48,0.0,94.49,92.48,0.0,92.48,94.49,94.49,0.0,0.0,92.48,0.0,0.0,0.0,94.49,94.49,94.49,92.48,0.0,94.49,92.48,0.0,-1.5,-1.5,-1.5,-1.5,-1.5,-1.5,0.0,-1.5,-1.5,0.0,-1.5,-1.5,-1.5,0.0,0.0,-1.5,0.0,0.0,0.0,-1.5,-1.5,-1.5,-1.5,0.0,-1.5,-1.5,0.0,,,0.46,3.12,,,,4.26,3.43,,,,,,,,,0.01,,,,,,,,,,1,1,1,1,0,0,75.69,55.58,68.24,58.87,2.66,0.6,5.01,,,,,,,,,,23.77,24.32,,0.0,,,,,,,,-4.88,-8.95,,,,-12.86,-12.65,,,,,,,,,-61.54,,,,,,,,,,377,369,377,369,377,369,377,0,0,0,0,0,0,0,0,0,377,377,0,369,0,0,0,0,0,94.49,92.48,94.49,92.48,94.49,92.48,94.49,0.0,0.0,0.0,0.0,0.0,0.0,0.0,0.0,0.0,94.49,94.49,0.0,92.48,0.0,0.0,0.0,0.0,0.0,-1.5,-1.5,-1.5,-1.5,-1.5,-1.5,-1.5,0.0,0.0,0.0,0.0,0.0,0.0,0.0,0.0,0.0,-1.5,-1.5,0.0,-1.5,0.0,0.0,0.0,0.0,0.0,2020-2021,197096.0,876.0,0.0,197972.0
2021-05-22T00:00:00.000,CA,59673.67,54128.38,5545.29,44145.0,40997.24,3147.76,10598.12,6974.4,3623.71,6902.9,4754.0,2148.9,1320.29,29.71,1350.0,,,7.14,,,,325.57,,325.57,,,0.43,,,,,,35.0,515.0,,,,1288.0,2.0,1323.0,,,,,,,,,,13.0,,,,,,,,,,,73.98,2.26,0.01,,65.13,3.07,0.0,,97.35,2.65,,,,,382,382,382,382,382,374,0,382,374,0,374,382,382,0,0,374,0,0,0,382,382,382,374,0,382,374,0,95.74,95.74,95.74,95.74,95.74,93.73,0.0,95.74,93.73,0.0,93.73,95.74,95.74,0.0,0.0,93.73,0.0,0.0,0.0,95.74,95.74,95.74,93.73,0.0,95.74,93.73,0.0,1.25,1.25,1.25,1.25,1.25,1.25,0.0,1.25,1.25,0.0,1.25,1.25,1.25,0.0,0.0,1.25,0.0,0.0,0.0,1.25,1.25,1.25,1.25,0.0,1.25,1.25,0.0,,,0.41,3.04,,,,4.24,3.41,,,,,,,,,0.03,,,,,,,,,,1,1,1,1,0,0,75.74,56.76,68.16,59.3,2.44,0.54,4.67,,,,,,,,,,24.12,24.66,,6.0,,,,,,,,-10.26,-2.65,,,,-0.46,-0.75,,,,,,,,,160.0,,,,,,,,,,382,374,382,374,382,374,382,0,0,0,0,0,0,0,0,0,382,382,0,374,0,0,0,0,0,95.74,93.73,95.74,93.73,95.74,93.73,95.74,0.0,0.0,0.0,0.0,0.0,0.0,0.0,0.0,0.0,95.74,95.74,0.0,93.73,0.0,0.0,0.0,0.0,0.0,1.25,1.25,1.25,1.25,1.25,1.25,1.25,0.0,0.0,0.0,0.0,0.0,0.0,0.0,0.0,0.0,1.25,1.25,0.0,1.25,0.0,0.0,0.0,0.0,0.0,2020-2021,198419.0,889.0,0.0,199308.0
2021-05-29T00:00:00.000,CA,59794.45,54216.02,5573.64,44108.92,40976.19,3133.61,10606.86,6960.58,3646.67,6819.53,4686.8,2133.3,1154.04,24.29,1178.33,,,7.62,,,,277.01,,277.01,,,0.0,,,,,,44.0,425.0,,,,1076.0,3.0,1120.0,,,,,,,,,,9.0,,,,,,,,,,,73.77,1.97,0.01,,64.29,2.61,0.0,,96.07,3.93,,,,,382,382,382,382,382,374,0,382,374,0,374,382,382,0,0,374,0,0,0,382,382,382,374,0,382,374,0,95.74,95.74,95.74,95.74,95.74,93.73,0.0,95.74,93.73,0.0,93.73,95.74,95.74,0.0,0.0,93.73,0.0,0.0,0.0,95.74,95.74,95.74,93.73,0.0,95.74,93.73,0.0,0.0,0.0,0.0,0.0,0.0,0.0,0.0,0.0,0.0,0.0,0.0,0.0,0.0,0.0,0.0,0.0,0.0,0.0,0.0,0.0,0.0,0.0,0.0,0.0,0.0,0.0,0.0,,,0.52,2.51,,,,3.54,2.88,,,,,,,,,0.02,,,,,,,,,,1,1,1,1,0,0,75.58,56.22,67.33,58.5,2.13,0.44,3.98,,,,,,,,,,23.51,24.0,,0.0,,,,,,,,25.71,-17.48,,,,-16.46,-15.34,,,,,,,,,-30.77,,,,,,,,,,382,374,382,374,382,374,382,0,0,0,0,0,0,0,0,0,382,382,0,374,0,0,0,0,0,95.74,93.73,95.74,93.73,95.74,93.73,95.74,0.0,0.0,0.0,0.0,0.0,0.0,0.0,0.0,0.0,95.74,95.74,0.0,93.73,0.0,0.0,0.0,0.0,0.0,0.0,0.0,0.0,0.0,0.0,0.0,0.0,0.0,0.0,0.0,0.0,0.0,0.0,0.0,0.0,0.0,0.0,0.0,0.0,0.0,0.0,0.0,0.0,0.0,0.0,2020-2021,199539.0,898.0,0.0,200437.0
2021-06-05T00:00:00.000,CA,59654.6,54074.98,5604.86,43887.43,40835.62,3069.36,10550.4,6899.55,3657.38,6787.85,4663.78,2126.0,1045.86,20.43,1066.29,,,7.29,,,,255.4,,255.4,,,0.0,,,,,,28.0,454.0,,,,1076.0,8.0,1104.0,,,,,,,,,,3.0,,,,,,,,,,,73.57,1.79,0.01,,64.34,2.42,0.0,,97.46,2.54,,,,,382,382,382,382,382,374,0,382,374,0,374,382,382,0,0,374,0,0,0,382,382,382,374,0,382,374,0,95.74,95.74,95.74,95.74,95.74,93.73,0.0,95.74,93.73,0.0,93.73,95.74,95.74,0.0,0.0,93.73,0.0,0.0,0.0,95.74,95.74,95.74,93.73,0.0,95.74,93.73,0.0,0.0,0.0,0.0,0.0,0.0,0.0,0.0,0.0,0.0,0.0,0.0,0.0,0.0,0.0,0.0,0.0,0.0,0.0,0.0,0.0,0.0,0.0,0.0,0.0,0.0,0.0,0.0,,,0.33,2.68,,,,3.54,2.84,,,,,,,,,0.01,,,,,,,,,,1,1,1,1,0,0,75.52,54.76,67.6,58.13,1.93,0.36,3.7,,,,,,,,,,23.95,24.42,,0.0,,,,,,,,-36.36,6.82,,,,0.0,-1.43,,,,,,,,,-66.67,,,,,,,,,,382,374,382,374,382,374,382,0,0,0,0,0,0,0,0,0,382,382,0,374,0,0,0,0,0,95.74,93.73,95.74,93.73,95.74,93.73,95.74,0.0,0.0,0.0,0.0,0.0,0.0,0.0,0.0,0.0,95.74,95.74,0.0,93.73,0.0,0.0,0.0,0.0,0.0,0.0,0.0,0.0,0.0,0.0,0.0,0.0,0.0,0.0,0.0,0.0,0.0,0.0,0.0,0.0,0.0,0.0,0.0,0.0,0.0,0.0,0.0,0.0,0.0,0.0,2020-2021,200643.0,901.0,0.0,201544.0
2021-06-12T00:00:00.000,CA,60004.14,54389.0,5612.14,44462.55,41295.4,3167.14,10594.14,6907.95,3689.33,6870.26,4676.83,2193.43,972.26,20.0,992.26,,,5.14,,,,231.76,,231.76,,,0.0,,,,,,26.0,386.0,,,,978.0,3.0,1004.0,,,,,,,,,,3.0,,,,,,,,,,,74.1,1.65,0.01,,64.85,2.19,0.0,,97.41,2.59,,,,,382,382,382,382,382,361,0,382,361,0,374,382,382,0,0,361,0,0,0,382,382,382,361,0,382,361,0,95.74,95.74,95.74,95.74,95.74,90.48,0.0,95.74,90.48,0.0,93.73,95.74,95.74,0.0,0.0,90.48,0.0,0.0,0.0,95.74,95.74,95.74,90.48,0.0,95.74,90.48,0.0,0.0,0.0,0.0,0.0,0.0,-3.26,0.0,0.0,-3.26,0.0,0.0,0.0,0.0,0.0,0.0,-3.26,0.0,0.0,0.0,0.0,0.0,0.0,-3.26,0.0,0.0,-3.26,0.0,,,0.31,2.28,,,,3.22,2.59,,,,,,,,,0.01,,,,,,,,,,1,1,1,1,0,0,75.93,56.43,67.7,59.45,1.79,0.36,3.36,,,,,,,,,,23.36,23.84,,0.0,,,,,,,,-7.14,-14.98,,,,-9.11,-9.06,,,,,,,,,0.0,,,,,,,,,,382,374,382,374,382,374,382,0,0,0,0,0,0,0,0,0,382,382,0,361,0,0,0,0,0,95.74,93.73,95.74,93.73,95.74,93.73,95.74,0.0,0.0,0.0,0.0,0.0,0.0,0.0,0.0,0.0,95.74,95.74,0.0,90.48,0.0,0.0,0.0,0.0,0.0,0.0,0.0,0.0,0.0,0.0,0.0,0.0,0.0,0.0,0.0,0.0,0.0,0.0,0.0,0.0,0.0,0.0,0.0,0.0,-3.26,0.0,0.0,0.0,0.0,0.0,2020-2021,201647.0,904.0,0.0,202551.0
2021-06-19T00:00:00.000,CA,59755.36,54157.5,5609.43,45085.42,41865.61,3219.81,10660.62,6955.02,3708.17,6927.15,4706.89,2221.7,941.62,15.0,956.62,,,8.86,,,,239.44,,239.44,,,0.0,,,,,,15.0,370.0,,,,921.0,2.0,936.0,,,,,,,,,,9.0,,,,,,,,,,,75.45,1.6,0.01,,64.98,2.25,0.0,,98.4,1.6,,,,,382,382,382,382,382,339,0,382,339,0,374,382,382,0,0,339,0,0,0,382,382,382,339,0,382,339,0,95.74,95.74,95.74,95.74,95.74,84.96,0.0,95.74,84.96,0.0,93.73,95.74,95.74,0.0,0.0,84.96,0.0,0.0,0.0,95.74,95.74,95.74,84.96,0.0,95.74,84.96,0.0,0.0,0.0,0.0,0.0,0.0,-5.51,0.0,0.0,-5.51,0.0,0.0,0.0,0.0,0.0,0.0,-5.51,0.0,0.0,0.0,0.0,0.0,0.0,-5.51,0.0,0.0,-5.51,0.0,,,0.18,2.18,,,,3.03,2.41,,,,,,,,,0.02,,,,,,,,,,1,1,1,0,0,0,77.3,57.4,67.68,59.91,1.74,0.27,3.44,,,,,,,,,,25.03,25.43,,0.0,,,,,,,,-42.31,-4.15,,,,-5.83,-6.77,,,,,,,,,200.0,,,,,,,,,,382,374,382,374,382,374,382,0,0,0,0,0,0,0,0,0,382,382,0,339,0,0,0,0,0,95.74,93.73,95.74,93.73,95.74,93.73,95.74,0.0,0.0,0.0,0.0,0.0,0.0,0.0,0.0,0.0,95.74,95.74,0.0,84.96,0.0,0.0,0.0,0.0,0.0,0.0,0.0,0.0,0.0,0.0,0.0,0.0,0.0,0.0,0.0,0.0,0.0,0.0,0.0,0.0,0.0,0.0,0.0,0.0,-5.51,0.0,0.0,0.0,0.0,0.0,2020-2021,202583.0,913.0,0.0,203496.0
2021-06-26T00:00:00.000,CA,60086.14,54456.52,5634.05,45003.86,41816.16,3184.17,10649.79,6932.51,3717.86,6927.51,4717.17,2210.33,937.01,20.71,957.73,,,7.71,,,,260.23,,260.23,,,0.0,,,,,,88.0,363.0,,,,938.0,3.0,1026.0,,,,,,,,,,6.0,,,,,,,,,,,74.9,1.59,0.01,,65.05,2.44,0.0,,91.42,8.58,,,,,382,382,382,382,381,338,0,381,338,0,373,382,382,0,0,338,0,0,0,382,382,381,338,0,381,338,0,95.74,95.74,95.74,95.74,95.49,84.71,0.0,95.49,84.71,0.0,93.48,95.74,95.74,0.0,0.0,84.71,0.0,0.0,0.0,95.74,95.74,95.49,84.71,0.0,95.49,84.71,0.0,0.0,0.0,0.0,0.0,-0.25,-0.25,0.0,-0.25,-0.25,0.0,-0.25,0.0,0.0,0.0,0.0,-0.25,0.0,0.0,0.0,0.0,0.0,-0.25,-0.25,0.0,-0.25,-0.25,0.0,,,1.04,2.14,,,,3.09,2.64,,,,,,,,,0.02,,,,,,,,,,1,1,1,0,0,0,76.79,56.52,68.04,59.45,1.72,0.37,3.75,,,,,,,,,,27.17,27.77,,0.0,,,,,,,,486.67,-1.89,,,,1.85,9.62,,,,,,,,,-33.33,,,,,,,,,,382,374,381,373,381,373,381,0,0,0,0,0,0,0,0,0,381,381,0,338,0,0,0,0,0,95.74,93.73,95.49,93.48,95.49,93.48,95.49,0.0,0.0,0.0,0.0,0.0,0.0,0.0,0.0,0.0,95.49,95.49,0.0,84.71,0.0,0.0,0.0,0.0,0.0,0.0,0.0,-0.25,-0.25,-0.25,-0.25,-0.25,0.0,0.0,0.0,0.0,0.0,0.0,0.0,0.0,0.0,-0.25,-0.25,0.0,-0.25,0.0,0.0,0.0,0.0,0.0,2020-2021,203609.0,919.0,0.0,204528.0
2021-07-03T00:00:00.000,CA,60047.88,54367.02,5680.86,44898.36,41649.4,3248.95,10634.26,6897.0,3737.26,6933.9,4714.0,2219.9,1058.55,25.12,1083.67,,,6.71,,,,285.81,,285.81,,,0.14,,,,,,29.0,464.0,,,,1160.0,2.0,1189.0,,,,,,,,,,5.0,,,,,,,,,,,74.77,1.8,0.01,,65.2,2.69,0.0,,97.56,2.44,,,,,382,382,382,382,381,338,0,381,338,0,373,382,382,0,0,338,0,0,0,382,382,381,338,0,381,338,0,95.74,95.74,95.74,95.74,95.49,84.71,0.0,95.49,84.71,0.0,93.48,95.74,95.74,0.0,0.0,84.71,0.0,0.0,0.0,95.74,95.74,95.49,84.71,0.0,95.49,84.71,0.0,0.0,0.0,0.0,0.0,0.0,0.0,0.0,0.0,0.0,0.0,0.0,0.0,0.0,0.0,0.0,0.0,0.0,0.0,0.0,0.0,0.0,0.0,0.0,0.0,0.0,0.0,0.0,,,0.34,2.74,,,,3.82,3.06,,,,,,,,,0.01,,,,,,,,,,1,1,1,0,0,0,76.61,57.19,68.35,59.4,1.95,0.44,4.14,,,,,,,,,,26.37,27.0,,2.13,,,,,,,,-67.05,27.82,,,,23.67,15.89,,,,,,,,,-16.67,,,,,,,,,,382,374,381,373,381,373,381,0,0,0,0,0,0,0,0,0,381,381,0,338,0,0,0,0,0,95.74,93.73,95.49,93.48,95.49,93.48,95.49,0.0,0.0,0.0,0.0,0.0,0.0,0.0,0.0,0.0,95.49,95.49,0.0,84.71,0.0,0.0,0.0,0.0,0.0,0.0,0.0,0.0,0.0,0.0,0.0,0.0,0.0,0.0,0.0,0.0,0.0,0.0,0.0,0.0,0.0,0.0,0.0,0.0,0.0,0.0,0.0,0.0,0.0,0.0,2020-2021,204798.0,924.0,0.0,205722.0
2021-07-10T00:00:00.000,CA,59832.07,54200.64,5631.43,44276.79,41117.93,3158.86,10571.29,6831.86,3739.43,6832.4,4617.55,2214.86,1262.55,24.57,1287.12,,,7.43,,,,307.98,,307.98,,,0.71,,,,,,31.0,557.0,,,,1379.0,6.0,1410.0,,,,,,,,,,8.0,,,,,,,,,,,74.0,2.15,0.01,,64.63,2.91,0.01,,97.8,2.2,,,,,383,383,383,383,382,339,0,382,339,0,374,383,383,0,0,339,0,0,0,383,383,382,339,0,382,339,0,95.99,95.99,95.99,95.99,95.74,84.96,0.0,95.74,84.96,0.0,93.73,95.99,95.99,0.0,0.0,84.96,0.0,0.0,0.0,95.99,95.99,95.74,84.96,0.0,95.74,84.96,0.0,0.25,0.25,0.25,0.25,0.25,0.25,0.0,0.25,0.25,0.0,0.25,0.25,0.25,0.0,0.0,0.25,0.0,0.0,0.0,0.25,0.25,0.25,0.25,0.0,0.25,0.25,0.0,,,0.37,3.29,,,,4.54,3.63,,,,,,,,,0.02,,,,,,,,,,1,1,1,0,0,0,75.86,56.09,67.59,59.23,2.33,0.44,4.51,,,,,,,,,,23.93,24.39,,9.62,,,,,,,,6.9,20.04,,,,18.88,18.59,,,,,,,,,60.0,,,,,,,,,,383,375,382,374,382,374,382,0,0,0,0,0,0,0,0,0,382,382,0,339,0,0,0,0,0,95.99,93.98,95.74,93.73,95.74,93.73,95.74,0.0,0.0,0.0,0.0,0.0,0.0,0.0,0.0,0.0,95.74,95.74,0.0,84.96,0.0,0.0,0.0,0.0,0.0,0.25,0.25,0.25,0.25,0.25,0.25,0.25,0.0,0.0,0.0,0.0,0.0,0.0,0.0,0.0,0.0,0.25,0.25,0.0,0.25,0.0,0.0,0.0,0.0,0.0,2020-2021,206208.0,932.0,0.0,207140.0
2021-07-17T00:00:00.000,CA,60425.71,54503.93,5921.64,45863.31,42567.88,3295.59,10568.45,6850.17,3718.29,7057.9,4815.07,2242.83,1714.16,26.05,1740.2,,,8.14,,,,393.91,,393.91,,,0.29,,,,,,42.0,777.0,,,,1885.0,6.0,1927.0,,,,,,,,,,7.0,,,,,,,,,,,75.9,2.88,0.01,,66.78,3.73,0.0,,97.82,2.18,,,,,382,382,382,382,381,334,0,381,334,0,373,382,382,0,0,334,0,0,0,382,382,381,334,0,381,334,0,95.74,95.74,95.74,95.74,95.49,83.71,0.0,95.49,83.71,0.0,93.48,95.74,95.74,0.0,0.0,83.71,0.0,0.0,0.0,95.74,95.74,95.49,83.71,0.0,95.49,83.71,0.0,-0.25,-0.25,-0.25,-0.25,-0.25,-1.25,0.0,-0.25,-1.25,0.0,-0.25,-0.25,-0.25,0.0,0.0,-1.25,0.0,0.0,0.0,-0.25,-0.25,-0.25,-1.25,0.0,-0.25,-1.25,0.0,,,0.5,4.58,,,,6.2,4.96,,,,,,,,,0.02,,,,,,,,,,1,1,1,0,0,0,78.1,55.65,70.29,60.32,3.15,0.44,5.75,,,,,,,,,,22.64,22.98,,3.51,,,,,,,,35.48,39.5,,,,36.69,36.67,,,,,,,,,-12.5,,,,,,,,,,382,374,381,373,381,373,381,0,0,0,0,0,0,0,0,0,381,381,0,334,0,0,0,0,0,95.74,93.73,95.49,93.48,95.49,93.48,95.49,0.0,0.0,0.0,0.0,0.0,0.0,0.0,0.0,0.0,95.49,95.49,0.0,83.71,0.0,0.0,0.0,0.0,0.0,-0.25,-0.25,-0.25,-0.25,-0.25,-0.25,-0.25,0.0,0.0,0.0,0.0,0.0,0.0,0.0,0.0,0.0,-0.25,-0.25,0.0,-1.25,0.0,0.0,0.0,0.0,0.0,2020-2021,208135.0,939.0,0.0,209074.0
2021-07-24T00:00:00.000,CA,60494.42,54799.09,5695.33,46294.59,43010.11,3284.48,10561.59,6864.23,3697.36,7084.55,4872.07,2212.48,2397.15,37.86,2435.01,,,9.86,,,,565.1,,565.1,,,0.57,,,,,,63.0,1205.0,,,,2755.0,9.0,2818.0,,,,,,,,,,8.0,,,,,,,,,,,76.53,4.03,0.02,,67.08,5.35,0.01,,97.76,2.24,,,,,382,382,382,382,381,334,0,381,334,0,373,382,382,0,0,334,0,0,0,382,382,381,334,0,381,334,0,95.74,95.74,95.74,95.74,95.49,83.71,0.0,95.49,83.71,0.0,93.48,95.74,95.74,0.0,0.0,83.71,0.0,0.0,0.0,95.74,95.74,95.49,83.71,0.0,95.49,83.71,0.0,0.0,0.0,0.0,0.0,0.0,0.0,0.0,0.0,0.0,0.0,0.0,0.0,0.0,0.0,0.0,0.0,0.0,0.0,0.0,0.0,0.0,0.0,0.0,0.0,0.0,0.0,0.0,,,0.75,7.11,,,,9.07,7.26,,,,,,,,,0.02,,,,,,,,,,1,1,1,0,0,0,78.49,57.67,70.98,59.84,4.37,0.66,8.23,,,,,,,,,,23.21,23.57,,5.8,,,,,,,,50.0,55.08,,,,46.15,46.24,,,,,,,,,14.29,,,,,,,,,,382,374,381,373,381,373,381,0,0,0,0,0,0,0,0,0,381,381,0,334,0,0,0,0,0,95.74,93.73,95.49,93.48,95.49,93.48,95.49,0.0,0.0,0.0,0.0,0.0,0.0,0.0,0.0,0.0,95.49,95.49,0.0,83.71,0.0,0.0,0.0,0.0,0.0,0.0,0.0,0.0,0.0,0.0,0.0,0.0,0.0,0.0,0.0,0.0,0.0,0.0,0.0,0.0,0.0,0.0,0.0,0.0,0.0,0.0,0.0,0.0,0.0,0.0,2020-2021,210953.0,947.0,0.0,211900.0
2021-07-31T00:00:00.000,CA,60568.26,54893.26,5675.0,46739.34,43400.94,3338.4,10656.66,6949.37,3707.29,7241.2,5030.51,2210.7,3574.7,62.02,3636.73,,,6.29,,,,808.06,,808.06,,,1.29,,,,,,92.0,1585.0,,,,3883.0,13.0,3975.0,,,,,,,,,,6.0,,,,,,,,,,,77.17,6.0,0.01,,67.95,7.58,0.01,,97.69,2.31,,,,,382,382,382,382,381,332,0,381,332,0,373,382,382,0,0,332,0,0,0,382,382,381,332,0,381,332,0,95.74,95.74,95.74,95.74,95.49,83.21,0.0,95.49,83.21,0.0,93.48,95.74,95.74,0.0,0.0,83.21,0.0,0.0,0.0,95.74,95.74,95.49,83.21,0.0,95.49,83.21,0.0,0.0,0.0,0.0,0.0,0.0,-0.5,0.0,0.0,-0.5,0.0,0.0,0.0,0.0,0.0,0.0,-0.5,0.0,0.0,0.0,0.0,0.0,0.0,-0.5,0.0,0.0,-0.5,0.0,,,1.09,9.35,,,,12.78,10.24,,,,,,,,,0.02,,,,,,,,,,1,1,1,0,0,0,79.06,58.83,72.39,59.63,6.51,1.09,11.63,,,,,,,,,,22.22,22.6,,20.45,,,,,,,,46.03,31.54,,,,40.94,41.06,,,,,,,,,-25.0,,,,,,,,,,382,374,381,373,381,373,381,0,0,0,0,0,0,0,0,0,381,381,0,332,0,0,0,0,0,95.74,93.73,95.49,93.48,95.49,93.48,95.49,0.0,0.0,0.0,0.0,0.0,0.0,0.0,0.0,0.0,95.49,95.49,0.0,83.21,0.0,0.0,0.0,0.0,0.0,0.0,0.0,0.0,0.0,0.0,0.0,0.0,0.0,0.0,0.0,0.0,0.0,0.0,0.0,0.0,0.0,0.0,0.0,0.0,-0.5,0.0,0.0,0.0,0.0,0.0,2020-2021,214928.0,953.0,0.0,215881.0
2021-08-07T00:00:00.000,CA,61088.2,55180.77,5640.12,47304.48,44071.69,3231.6,10707.44,6996.49,3689.24,7422.24,5214.71,2195.26,5043.88,75.71,5119.6,,,9.05,,,,1131.87,,1131.87,,,0.29,,,,,,105.0,1985.0,,,,5110.0,11.0,5215.0,,,,,,,,,,11.0,,,,,,,,,,,77.44,8.38,0.01,,69.32,10.57,0.0,,97.99,2.01,,,,,382,382,382,382,382,334,0,382,334,0,374,382,382,0,0,334,0,0,0,382,382,382,334,0,382,334,0,95.74,95.74,95.74,95.74,95.74,83.71,0.0,95.74,83.71,0.0,93.73,95.74,95.74,0.0,0.0,83.71,0.0,0.0,0.0,95.74,95.74,95.74,83.71,0.0,95.74,83.71,0.0,0.0,0.0,0.0,0.0,0.25,0.5,0.0,0.25,0.5,0.0,0.25,0.0,0.0,0.0,0.0,0.5,0.0,0.0,0.0,0.0,0.0,0.25,0.5,0.0,0.25,0.5,0.0,,,1.24,11.71,,,,16.82,13.43,,,,,,,,,0.03,,,,,,,,,,1,1,1,0,0,0,79.87,57.3,74.53,59.5,9.14,1.34,16.18,,,,,,,,,,22.11,22.44,,3.16,,,,,,,,14.13,25.24,,,,31.6,31.19,,,,,,,,,83.33,,,,,,,,,,382,374,382,374,382,374,382,0,0,0,0,0,0,0,0,0,382,382,0,334,0,0,0,0,0,95.74,93.73,95.74,93.73,95.74,93.73,95.74,0.0,0.0,0.0,0.0,0.0,0.0,0.0,0.0,0.0,95.74,95.74,0.0,83.71,0.0,0.0,0.0,0.0,0.0,0.0,0.0,0.25,0.25,0.25,0.25,0.25,0.0,0.0,0.0,0.0,0.0,0.0,0.0,0.0,0.0,0.25,0.25,0.0,0.5,0.0,0.0,0.0,0.0,0.0,2020-2021,220143.0,964.0,0.0,221107.0
2021-08-14T00:00:00.000,CA,61316.75,55694.27,5681.57,48319.42,45067.97,3271.67,10797.76,7078.76,3724.64,7733.09,5449.16,2287.67,6500.06,104.29,6604.35,,,11.29,,,,1457.36,,1457.36,,,0.43,,,,,,147.0,2414.0,,,,6111.0,17.0,6258.0,,,,,,,,,,13.0,,,,,,,,,,,78.8,10.77,0.02,,71.62,13.5,0.0,,97.65,2.35,,,,,381,381,381,381,381,332,0,381,332,0,373,381,381,0,0,332,0,0,0,381,381,381,332,0,381,332,0,95.49,95.49,95.49,95.49,95.49,83.21,0.0,95.49,83.21,0.0,93.48,95.49,95.49,0.0,0.0,83.21,0.0,0.0,0.0,95.49,95.49,95.49,83.21,0.0,95.49,83.21,0.0,-0.25,-0.25,-0.25,-0.25,-0.25,-0.5,0.0,-0.25,-0.5,0.0,-0.25,-0.25,-0.25,0.0,0.0,-0.5,0.0,0.0,0.0,-0.25,-0.25,-0.25,-0.5,0.0,-0.25,-0.5,0.0,,,1.74,14.24,,,,20.11,16.12,,,,,,,,,0.03,,,,,,,,,,1,1,1,0,0,0,80.92,57.58,76.98,61.42,11.67,1.84,20.59,,,,,,,,,,22.07,22.42,,3.8,,,,,,,,40.0,21.61,,,,19.59,20.0,,,,,,,,,18.18,,,,,,,,,,381,373,381,373,381,373,381,0,0,0,0,0,0,0,0,0,381,381,0,332,0,0,0,0,0,95.49,93.48,95.49,93.48,95.49,93.48,95.49,0.0,0.0,0.0,0.0,0.0,0.0,0.0,0.0,0.0,95.49,95.49,0.0,83.21,0.0,0.0,0.0,0.0,0.0,-0.25,-0.25,-0.25,-0.25,-0.25,-0.25,-0.25,0.0,0.0,0.0,0.0,0.0,0.0,0.0,0.0,0.0,-0.25,-0.25,0.0,-0.5,0.0,0.0,0.0,0.0,0.0,2020-2021,226401.0,977.0,0.0,227378.0
2021-08-21T00:00:00.000,CA,61946.98,56203.64,5694.86,49097.31,45794.03,3303.12,10937.83,7211.45,3732.71,7978.58,5644.08,2334.5,7600.79,114.71,7715.5,,,10.57,,,,1780.28,,1780.28,,,0.0,,,,,,138.0,2466.0,,,,6629.0,11.0,6767.0,,,,,,,,,,6.0,,,,,,,,,,,79.26,12.46,0.02,,72.94,16.28,0.0,,97.96,2.04,,,,,382,382,382,382,382,339,0,382,339,0,374,382,382,0,0,339,0,0,0,382,382,382,339,0,382,339,0,95.74,95.74,95.74,95.74,95.74,84.96,0.0,95.74,84.96,0.0,93.73,95.74,95.74,0.0,0.0,84.96,0.0,0.0,0.0,95.74,95.74,95.74,84.96,0.0,95.74,84.96,0.0,0.25,0.25,0.25,0.25,0.25,1.75,0.0,0.25,1.75,0.0,0.25,0.25,0.25,0.0,0.0,1.75,0.0,0.0,0.0,0.25,0.25,0.25,1.75,0.0,0.25,1.75,0.0,,,1.63,14.55,,,,21.82,17.43,,,,,,,,,0.02,,,,,,,,,,1,1,1,0,0,0,81.48,58.0,78.27,62.54,13.52,2.01,24.69,,,,,,,,,,23.07,23.42,,0.0,,,,,,,,-6.12,2.15,,,,8.48,8.13,,,,,,,,,-53.85,,,,,,,,,,382,374,382,374,382,374,382,0,0,0,0,0,0,0,0,0,382,382,0,339,0,0,0,0,0,95.74,93.73,95.74,93.73,95.74,93.73,95.74,0.0,0.0,0.0,0.0,0.0,0.0,0.0,0.0,0.0,95.74,95.74,0.0,84.96,0.0,0.0,0.0,0.0,0.0,0.25,0.25,0.25,0.25,0.25,0.25,0.25,0.0,0.0,0.0,0.0,0.0,0.0,0.0,0.0,0.0,0.25,0.25,0.0,1.75,0.0,0.0,0.0,0.0,0.0,2020-2021,233168.0,983.0,0.0,234151.0
2021-08-28T00:00:00.000,CA,62131.88,56348.21,5783.67,49380.94,45957.99,3422.95,11010.59,7276.75,3733.83,8169.79,5796.93,2372.86,8158.36,118.5,8276.86,,,13.83,,,,1991.73,,1991.73,,,0.29,,,,,,152.0,2317.0,,,,6488.0,17.0,6640.0,,,,,,,,,,4.0,,,,,,,,,,,79.48,13.32,0.02,,74.2,18.09,0.0,,97.71,2.29,,,,,382,382,382,382,382,333,0,382,333,0,374,382,382,0,0,333,0,0,0,382,382,382,333,0,382,333,0,95.74,95.74,95.74,95.74,95.74,83.46,0.0,95.74,83.46,0.0,93.73,95.74,95.74,0.0,0.0,83.46,0.0,0.0,0.0,95.74,95.74,95.74,83.46,0.0,95.74,83.46,0.0,0.0,0.0,0.0,0.0,0.0,-1.5,0.0,0.0,-1.5,0.0,0.0,0.0,0.0,0.0,0.0,-1.5,0.0,0.0,0.0,0.0,0.0,0.0,-1.5,0.0,0.0,-1.5,0.0,,,1.8,13.67,,,,21.35,17.1,,,,,,,,,0.01,,,,,,,,,,1,1,1,0,0,0,81.56,59.18,79.66,63.55,14.48,2.05,27.37,,,,,,,,,,24.06,24.41,,2.07,,,,,,,,10.14,-6.04,,,,-2.13,-1.88,,,,,,,,,-33.33,,,,,,,,,,382,374,382,374,382,374,382,0,0,0,0,0,0,0,0,0,382,382,0,333,0,0,0,0,0,95.74,93.73,95.74,93.73,95.74,93.73,95.74,0.0,0.0,0.0,0.0,0.0,0.0,0.0,0.0,0.0,95.74,95.74,0.0,83.46,0.0,0.0,0.0,0.0,0.0,0.0,0.0,0.0,0.0,0.0,0.0,0.0,0.0,0.0,0.0,0.0,0.0,0.0,0.0,0.0,0.0,0.0,0.0,0.0,-1.5,0.0,0.0,0.0,0.0,0.0,2020-2021,239808.0,987.0,0.0,240795.0
2021-09-04T00:00:00.000,CA,61814.17,56108.74,5705.43,48910.0,45522.71,3387.29,10970.81,7252.81,3718.0,8184.23,5826.32,2357.9,8139.85,111.86,8251.7,,,11.29,,,,2088.86,,2088.86,,,1.86,,,,,,132.0,2239.0,,,,6001.0,13.0,6133.0,,,,,,,,,,2.0,,,,,,,,,,,79.12,13.35,0.02,,74.6,19.04,0.02,,97.85,2.15,,,,,382,382,382,382,382,333,0,382,333,0,374,382,382,0,0,333,0,0,0,382,382,382,333,0,382,333,0,95.74,95.74,95.74,95.74,95.74,83.46,0.0,95.74,83.46,0.0,93.73,95.74,95.74,0.0,0.0,83.46,0.0,0.0,0.0,95.74,95.74,95.74,83.46,0.0,95.74,83.46,0.0,0.0,0.0,0.0,0.0,0.0,0.0,0.0,0.0,0.0,0.0,0.0,0.0,0.0,0.0,0.0,0.0,0.0,0.0,0.0,0.0,0.0,0.0,0.0,0.0,0.0,0.0,0.0,,,1.56,13.21,,,,19.75,15.8,,,,,,,,,0.01,,,,,,,,,,1,1,1,0,0,0,81.13,59.37,80.33,63.42,14.51,1.96,28.8,,,,,,,,,,25.31,25.66,,16.46,,,,,,,,-13.16,-3.37,,,,-7.51,-7.64,,,,,,,,,-50.0,,,,,,,,,,382,374,382,374,382,374,382,0,0,0,0,0,0,0,0,0,382,382,0,333,0,0,0,0,0,95.74,93.73,95.74,93.73,95.74,93.73,95.74,0.0,0.0,0.0,0.0,0.0,0.0,0.0,0.0,0.0,95.74,95.74,0.0,83.46,0.0,0.0,0.0,0.0,0.0,0.0,0.0,0.0,0.0,0.0,0.0,0.0,0.0,0.0,0.0,0.0,0.0,0.0,0.0,0.0,0.0,0.0,0.0,0.0,0.0,0.0,0.0,0.0,0.0,0.0,2020-2021,245941.0,989.0,0.0,246930.0
2021-09-11T00:00:00.000,CA,61441.81,55764.52,5677.29,48209.58,44882.72,3326.86,10937.46,7224.31,3713.14,8132.33,5764.56,2367.77,7376.11,96.0,7472.11,,,9.14,,,,1972.99,,1972.99,,,2.14,,,,,,98.0,1750.0,,,,5067.0,14.0,5165.0,,,,,,,,,,7.0,,,,,,,,,,,78.46,12.16,0.01,,74.35,18.04,0.02,,98.1,1.9,,,,,382,382,382,382,382,333,0,382,333,0,374,382,382,0,0,333,0,0,0,382,382,382,333,0,382,333,0,95.74,95.74,95.74,95.74,95.74,83.46,0.0,95.74,83.46,0.0,93.73,95.74,95.74,0.0,0.0,83.46,0.0,0.0,0.0,95.74,95.74,95.74,83.46,0.0,95.74,83.46,0.0,0.0,0.0,0.0,0.0,0.0,0.0,0.0,0.0,0.0,0.0,0.0,0.0,0.0,0.0,0.0,0.0,0.0,0.0,0.0,0.0,0.0,0.0,0.0,0.0,0.0,0.0,0.0,,,1.16,10.33,,,,16.68,13.3,,,,,,,,,0.02,,,,,,,,,,1,1,1,0,0,0,80.49,58.6,79.79,63.77,13.23,1.69,27.31,,,,,,,,,,26.4,26.75,,23.44,,,,,,,,-25.76,-21.84,,,,-15.56,-15.78,,,,,,,,,250.0,,,,,,,,,,382,374,382,374,382,374,382,0,0,0,0,0,0,0,0,0,382,382,0,333,0,0,0,0,0,95.74,93.73,95.74,93.73,95.74,93.73,95.74,0.0,0.0,0.0,0.0,0.0,0.0,0.0,0.0,0.0,95.74,95.74,0.0,83.46,0.0,0.0,0.0,0.0,0.0,0.0,0.0,0.0,0.0,0.0,0.0,0.0,0.0,0.0,0.0,0.0,0.0,0.0,0.0,0.0,0.0,0.0,0.0,0.0,0.0,0.0,0.0,0.0,0.0,0.0,2020-2021,251106.0,996.0,0.0,252102.0
2021-09-18T00:00:00.000,CA,61811.48,55942.62,5868.86,48691.76,45279.95,3411.81,10918.71,7203.57,3715.14,8129.62,5739.31,2390.31,6455.24,87.88,6543.12,,,6.0,,,,1813.67,,1813.67,,,1.43,,,,,,102.0,1541.0,,,,4387.0,8.0,4489.0,,,,,,,,,,5.0,,,,,,,,,,,78.77,10.59,0.01,,74.46,16.61,0.01,,97.73,2.27,,,,,382,382,382,382,382,333,0,382,333,0,374,382,382,0,0,333,0,0,0,382,382,382,333,0,382,333,0,95.74,95.74,95.74,95.74,95.74,83.46,0.0,95.74,83.46,0.0,93.73,95.74,95.74,0.0,0.0,83.46,0.0,0.0,0.0,95.74,95.74,95.74,83.46,0.0,95.74,83.46,0.0,0.0,0.0,0.0,0.0,0.0,0.0,0.0,0.0,0.0,0.0,0.0,0.0,0.0,0.0,0.0,0.0,0.0,0.0,0.0,0.0,0.0,0.0,0.0,0.0,0.0,0.0,0.0,,,1.21,9.09,,,,14.44,11.56,,,,,,,,,0.01,,,,,,,,,,1,1,1,0,0,0,80.94,58.13,79.67,64.34,11.54,1.5,25.18,,,,,,,,,,27.72,28.1,,23.81,,,,,,,,4.08,-11.94,,,,-13.42,-13.09,,,,,,,,,-28.57,,,,,,,,,,382,374,382,374,382,374,382,0,0,0,0,0,0,0,0,0,382,382,0,333,0,0,0,0,0,95.74,93.73,95.74,93.73,95.74,93.73,95.74,0.0,0.0,0.0,0.0,0.0,0.0,0.0,0.0,0.0,95.74,95.74,0.0,83.46,0.0,0.0,0.0,0.0,0.0,0.0,0.0,0.0,0.0,0.0,0.0,0.0,0.0,0.0,0.0,0.0,0.0,0.0,0.0,0.0,0.0,0.0,0.0,0.0,0.0,0.0,0.0,0.0,0.0,0.0,2020-2021,255595.0,1001.0,0.0,256596.0
2021-09-25T00:00:00.000,CA,61464.23,55782.56,5669.43,48318.22,44867.72,3447.6,10868.86,7174.45,3688.0,8053.83,5652.52,2405.01,5762.61,83.33,5845.94,,,5.43,,,,1654.0,,1654.0,,,0.0,,,,,,101.0,1304.0,,,,3823.0,12.0,3924.0,,,,,,,,,,8.0,,,,,,,,,,,78.61,9.51,0.01,,74.1,15.22,0.0,,97.43,2.57,,,,,382,382,382,382,382,333,0,382,333,0,374,382,382,0,0,333,0,0,0,382,382,382,333,0,382,333,0,95.74,95.74,95.74,95.74,95.74,83.46,0.0,95.74,83.46,0.0,93.73,95.74,95.74,0.0,0.0,83.46,0.0,0.0,0.0,95.74,95.74,95.74,83.46,0.0,95.74,83.46,0.0,0.0,0.0,0.0,0.0,0.0,0.0,0.0,0.0,0.0,0.0,0.0,0.0,0.0,0.0,0.0,0.0,0.0,0.0,0.0,0.0,0.0,0.0,0.0,0.0,0.0,0.0,0.0,,,1.2,7.69,,,,12.58,10.11,,,,,,,,,0.02,,,,,,,,,,1,1,1,0,0,0,80.43,60.81,78.79,65.21,10.33,1.47,23.05,,,,,,,,,,28.29,28.7,,0.0,,,,,,,,-0.98,-15.38,,,,-12.86,-12.59,,,,,,,,,60.0,,,,,,,,,,382,374,382,374,382,374,382,0,0,0,0,0,0,0,0,0,382,382,0,333,0,0,0,0,0,95.74,93.73,95.74,93.73,95.74,93.73,95.74,0.0,0.0,0.0,0.0,0.0,0.0,0.0,0.0,0.0,95.74,95.74,0.0,83.46,0.0,0.0,0.0,0.0,0.0,0.0,0.0,0.0,0.0,0.0,0.0,0.0,0.0,0.0,0.0,0.0,0.0,0.0,0.0,0.0,0.0,0.0,0.0,0.0,0.0,0.0,0.0,0.0,0.0,0.0,2020-2021,259519.0,1009.0,0.0,260528.0
2021-10-02T00:00:00.000,CA,61080.88,55418.05,5663.98,47506.83,44085.57,3418.29,10757.4,7089.45,3674.1,7864.38,5505.83,2361.95,4948.86,83.29,5032.15,,,4.6,,,,1412.67,,1412.67,,,0.14,,,,,,90.0,1008.0,,,,3086.0,11.0,3176.0,,,,,,,,,,8.0,,,,,,,,,,,77.78,8.24,0.01,,73.11,13.13,0.0,,97.17,2.83,,,,,382,382,382,382,382,334,0,382,334,0,374,382,382,0,0,334,0,0,0,382,382,382,334,0,382,334,0,95.74,95.74,95.74,95.74,95.74,83.71,0.0,95.74,83.71,0.0,93.73,95.74,95.74,0.0,0.0,83.71,0.0,0.0,0.0,95.74,95.74,95.74,83.71,0.0,95.74,83.71,0.0,0.0,0.0,0.0,0.0,0.0,0.25,0.0,0.0,0.25,0.0,0.0,0.0,0.0,0.0,0.0,0.25,0.0,0.0,0.0,0.0,0.0,0.0,0.25,0.0,0.0,0.25,0.0,,,1.07,5.95,,,,10.16,8.18,,,,,,,,,0.02,,,,,,,,,,1,1,1,0,0,0,79.55,60.35,77.66,64.29,8.93,1.47,19.93,,,,,,,,,,28.07,28.55,,3.11,,,,,,,,-10.89,-22.7,,,,-19.28,-19.06,,,,,,,,,0.0,,,,,,,,,,382,374,382,374,382,374,382,0,0,0,0,0,0,0,0,0,382,382,0,334,0,0,0,0,0,95.74,93.73,95.74,93.73,95.74,93.73,95.74,0.0,0.0,0.0,0.0,0.0,0.0,0.0,0.0,0.0,95.74,95.74,0.0,83.71,0.0,0.0,0.0,0.0,0.0,0.0,0.0,0.0,0.0,0.0,0.0,0.0,0.0,0.0,0.0,0.0,0.0,0.0,0.0,0.0,0.0,0.0,0.0,0.0,0.25,0.0,0.0,0.0,0.0,0.0,2020-2021,262695.0,1017.0,0.0,263712.0
2021-10-09T00:00:00.000,CA,61015.8,55331.51,5684.29,47135.67,43657.41,3478.33,10701.55,7005.43,3696.12,7734.55,5344.65,2389.78,4204.22,71.14,4275.36,,,6.83,,,,1197.52,,1197.52,,,0.29,,,,,,77.0,958.0,,,,2769.0,8.0,2846.0,,,,,,,,,,12.0,,,,,,,,,,,77.25,7.01,0.01,,72.28,11.19,0.0,,97.29,2.71,,,,,383,383,383,383,383,334,0,383,334,0,375,383,383,0,0,334,0,0,0,383,383,383,334,0,383,334,0,95.99,95.99,95.99,95.99,95.99,83.71,0.0,95.99,83.71,0.0,93.98,95.99,95.99,0.0,0.0,83.71,0.0,0.0,0.0,95.99,95.99,95.99,83.71,0.0,95.99,83.71,0.0,0.25,0.25,0.25,0.25,0.25,0.0,0.0,0.25,0.0,0.0,0.25,0.25,0.25,0.0,0.0,0.0,0.0,0.0,0.0,0.25,0.25,0.25,0.0,0.0,0.25,0.0,0.0,,,0.91,5.65,,,,9.11,7.33,,,,,,,,,0.03,,,,,,,,,,1,1,1,0,0,0,78.9,61.19,76.29,64.66,7.6,1.25,17.09,,,,,,,,,,28.01,28.48,,4.18,,,,,,,,-14.44,-4.96,,,,-10.27,-10.39,,,,,,,,,50.0,,,,,,,,,,383,375,383,375,383,375,383,0,0,0,0,0,0,0,0,0,383,383,0,334,0,0,0,0,0,95.99,93.98,95.99,93.98,95.99,93.98,95.99,0.0,0.0,0.0,0.0,0.0,0.0,0.0,0.0,0.0,95.99,95.99,0.0,83.71,0.0,0.0,0.0,0.0,0.0,0.25,0.25,0.25,0.25,0.25,0.25,0.25,0.0,0.0,0.0,0.0,0.0,0.0,0.0,0.0,0.0,0.25,0.25,0.0,0.0,0.0,0.0,0.0,0.0,0.0,2021-2022,2846.0,12.0,0.0,2858.0
2021-10-16T00:00:00.000,CA,60965.29,55290.93,5672.6,46858.29,43462.08,3396.45,10683.55,7014.76,3668.69,7648.76,5329.57,2319.36,3751.68,60.81,3812.49,,,5.12,,,,1055.86,,1055.86,,,0.31,,,,,,77.0,901.0,,,,2654.0,0.0,2731.0,,,,,,,,,,5.0,,,,,,,,,,,76.86,6.25,0.01,,71.59,9.88,0.0,,97.18,2.82,,,,,382,382,382,382,382,290,0,382,290,0,374,382,382,0,0,289,0,0,0,382,382,382,290,0,382,290,0,95.74,95.74,95.74,95.74,95.74,72.68,0.0,95.74,72.68,0.0,93.73,95.74,95.74,0.0,0.0,72.43,0.0,0.0,0.0,95.74,95.74,95.74,72.68,0.0,95.74,72.68,0.0,-0.25,-0.25,-0.25,-0.25,-0.25,-11.03,0.0,-0.25,-11.03,0.0,-0.25,-0.25,-0.25,0.0,0.0,-11.28,0.0,0.0,0.0,-0.25,-0.25,-0.25,-11.03,0.0,-0.25,-11.03,0.0,,,0.91,5.32,,,,8.74,7.03,,,,,,,,,0.01,,,,,,,,,,1,1,0,0,0,0,78.61,59.87,75.98,63.22,6.79,1.07,15.05,,,,,,,,,,27.69,28.14,,6.05,,,,,,,,0.0,-5.95,,,,-4.15,-4.04,,,,,,,,,-58.33,,,,,,,,,,382,374,382,374,382,374,382,0,0,0,0,0,0,0,0,0,382,382,0,290,0,0,0,0,0,95.74,93.73,95.74,93.73,95.74,93.73,95.74,0.0,0.0,0.0,0.0,0.0,0.0,0.0,0.0,0.0,95.74,95.74,0.0,72.68,0.0,0.0,0.0,0.0,0.0,-0.25,-0.25,-0.25,-0.25,-0.25,-0.25,-0.25,0.0,0.0,0.0,0.0,0.0,0.0,0.0,0.0,0.0,-0.25,-0.25,0.0,-11.03,0.0,0.0,0.0,0.0,0.0,2021-2022,5577.0,17.0,0.0,5594.0
2021-10-23T00:00:00.000,CA,61412.61,55383.04,6033.0,47406.12,43931.98,3473.14,10657.27,6975.56,3687.29,7674.53,5313.96,2364.19,3615.6,53.71,3669.31,,,5.89,,,,981.7,,981.7,,,0.0,,,,,,57.0,856.0,,,,2809.0,40.0,2866.0,,,,,,,,,,10.0,,,,,,,,,,,77.19,5.97,0.01,,72.01,9.21,0.0,,98.01,1.99,,,,,382,382,382,382,382,292,0,382,292,0,374,382,382,0,0,291,0,0,0,382,382,382,292,0,382,292,0,95.74,95.74,95.74,95.74,95.74,73.18,0.0,95.74,73.18,0.0,93.73,95.74,95.74,0.0,0.0,72.93,0.0,0.0,0.0,95.74,95.74,95.74,73.18,0.0,95.74,73.18,0.0,0.0,0.0,0.0,0.0,0.0,0.5,0.0,0.0,0.5,0.0,0.0,0.0,0.0,0.0,0.0,0.5,0.0,0.0,0.0,0.0,0.0,0.0,0.5,0.0,0.0,0.5,0.0,,,0.67,5.05,,,,9.25,7.38,,,,,,,,,0.03,,,,,,,,,,1,1,0,0,0,0,79.32,57.57,76.18,64.12,6.53,0.89,14.07,,,,,,,,,,26.75,27.15,,0.0,,,,,,,,-25.97,-4.99,,,,5.84,4.94,,,,,,,,,100.0,,,,,,,,,,382,374,382,374,382,373,382,0,0,0,0,0,0,0,0,0,382,382,0,292,0,0,0,0,0,95.74,93.73,95.74,93.73,95.74,93.48,95.74,0.0,0.0,0.0,0.0,0.0,0.0,0.0,0.0,0.0,95.74,95.74,0.0,73.18,0.0,0.0,0.0,0.0,0.0,0.0,0.0,0.0,0.0,0.0,-0.25,0.0,0.0,0.0,0.0,0.0,0.0,0.0,0.0,0.0,0.0,0.0,0.0,0.0,0.5,0.0,0.0,0.0,0.0,0.0,2021-2022,8443.0,27.0,0.0,8470.0
2021-10-30T00:00:00.000,CA,61648.23,55583.25,6064.98,47900.78,44383.23,3517.55,10661.94,6989.7,3672.24,7696.1,5340.39,2355.9,3768.12,58.14,3826.26,,,2.86,,,,973.5,,973.5,,,0.0,,,,,,61.0,913.0,,,,3030.0,39.0,3091.0,,,,,,,,,,5.0,,,,,,,,,,,77.7,6.21,0.0,,72.18,9.13,0.0,,98.03,1.97,,,,,382,382,382,382,382,295,0,382,295,0,374,382,382,0,0,294,0,0,0,382,382,382,295,0,382,295,0,95.74,95.74,95.74,95.74,95.74,73.93,0.0,95.74,73.93,0.0,93.73,95.74,95.74,0.0,0.0,73.68,0.0,0.0,0.0,95.74,95.74,95.74,73.93,0.0,95.74,73.93,0.0,0.0,0.0,0.0,0.0,0.0,0.75,0.0,0.0,0.75,0.0,0.0,0.0,0.0,0.0,0.0,0.75,0.0,0.0,0.0,0.0,0.0,0.0,0.75,0.0,0.0,0.75,0.0,,,0.72,5.39,,,,9.97,7.96,,,,,,,,,0.01,,,,,,,,,,1,1,0,0,0,0,79.85,58.0,76.4,64.15,6.78,0.96,13.93,,,,,,,,,,25.44,25.84,,0.0,,,,,,,,7.02,6.66,,,,7.87,7.85,,,,,,,,,-50.0,,,,,,,,,,382,374,382,374,382,373,382,0,0,0,0,0,0,0,0,0,382,382,0,295,0,0,0,0,0,95.74,93.73,95.74,93.73,95.74,93.48,95.74,0.0,0.0,0.0,0.0,0.0,0.0,0.0,0.0,0.0,95.74,95.74,0.0,73.93,0.0,0.0,0.0,0.0,0.0,0.0,0.0,0.0,0.0,0.0,0.0,0.0,0.0,0.0,0.0,0.0,0.0,0.0,0.0,0.0,0.0,0.0,0.0,0.0,0.75,0.0,0.0,0.0,0.0,0.0,2021-2022,11534.0,32.0,0.0,11566.0
2021-11-06T00:00:00.000,CA,61259.44,55609.35,5694.24,47906.65,44487.92,3444.73,10688.6,7035.69,3660.9,7637.62,5312.52,2329.24,3832.1,50.29,3882.38,,,6.2,,,,952.5,,952.5,,,0.49,,,,,,65.0,898.0,,,,2926.0,16.0,2991.0,,,,,,,,,,15.0,,,,,,,,,,,78.2,6.34,0.01,,71.46,8.91,0.0,,97.83,2.17,,,,,382,382,382,382,382,317,0,382,317,0,374,382,382,0,0,316,0,0,0,382,382,382,317,0,382,317,0,95.74,95.74,95.74,95.74,95.74,79.45,0.0,95.74,79.45,0.0,93.73,95.74,95.74,0.0,0.0,79.2,0.0,0.0,0.0,95.74,95.74,95.74,79.45,0.0,95.74,79.45,0.0,0.0,0.0,0.0,0.0,0.0,5.51,0.0,0.0,5.51,0.0,0.0,0.0,0.0,0.0,0.0,5.51,0.0,0.0,0.0,0.0,0.0,0.0,5.51,0.0,0.0,5.51,0.0,,,0.77,5.3,,,,9.63,7.7,,,,,,,,,0.04,,,,,,,,,,1,1,0,0,0,0,80.0,60.49,75.51,63.62,6.89,0.88,13.54,,,,,,,,,,24.53,24.86,,7.83,,,,,,,,6.56,-1.64,,,,-3.43,-3.24,,,,,,,,,200.0,,,,,,,,,,382,374,382,374,382,373,382,0,0,0,0,0,0,0,0,0,382,382,0,317,0,0,0,0,0,95.74,93.73,95.74,93.73,95.74,93.48,95.74,0.0,0.0,0.0,0.0,0.0,0.0,0.0,0.0,0.0,95.74,95.74,0.0,79.45,0.0,0.0,0.0,0.0,0.0,0.0,0.0,0.0,0.0,0.0,0.0,0.0,0.0,0.0,0.0,0.0,0.0,0.0,0.0,0.0,0.0,0.0,0.0,0.0,5.51,0.0,0.0,0.0,0.0,0.0,2021-2022,14525.0,47.0,0.0,14572.0
2021-11-13T00:00:00.000,CA,61297.83,55528.21,5769.62,47715.94,44230.53,3485.4,10679.4,7010.4,3669.0,7695.01,5333.04,2361.98,3554.4,49.57,3603.97,,,17.21,,,,952.09,,952.09,,,1.29,,,,,,52.0,757.0,,,,2551.0,9.0,2603.0,,,,,,,,,,15.0,,,,,,,,,,,77.84,5.88,0.03,,72.05,8.92,0.01,,98.0,2.0,,,,,382,382,382,382,382,364,0,382,364,0,374,382,382,0,0,363,0,0,0,382,382,382,364,0,382,364,0,95.74,95.74,95.74,95.74,95.74,91.23,0.0,95.74,91.23,0.0,93.73,95.74,95.74,0.0,0.0,90.98,0.0,0.0,0.0,95.74,95.74,95.74,91.23,0.0,95.74,91.23,0.0,0.0,0.0,0.0,0.0,0.0,11.78,0.0,0.0,11.78,0.0,0.0,0.0,0.0,0.0,0.0,11.78,0.0,0.0,0.0,0.0,0.0,0.0,11.78,0.0,0.0,11.78,0.0,,,0.62,4.47,,,,8.4,6.7,,,,,,,,,0.04,,,,,,,,,,1,1,1,1,0,0,79.65,60.41,76.07,64.38,6.4,0.86,13.58,,,,,,,,,,26.42,26.79,,7.47,,,,,,,,-20.0,-15.7,,,,-12.82,-12.97,,,,,,,,,0.0,,,,,,,,,,382,374,382,374,382,373,382,0,0,0,0,0,0,0,0,0,382,382,0,364,0,0,0,0,0,95.74,93.73,95.74,93.73,95.74,93.48,95.74,0.0,0.0,0.0,0.0,0.0,0.0,0.0,0.0,0.0,95.74,95.74,0.0,91.23,0.0,0.0,0.0,0.0,0.0,0.0,0.0,0.0,0.0,0.0,0.0,0.0,0.0,0.0,0.0,0.0,0.0,0.0,0.0,0.0,0.0,0.0,0.0,0.0,11.78,0.0,0.0,0.0,0.0,0.0,2021-2022,17128.0,62.0,0.0,17190.0
2021-11-20T00:00:00.000,CA,60840.34,54977.77,5862.57,47578.88,44029.45,3549.43,10647.87,7018.01,3629.86,7678.2,5342.06,2336.14,3323.14,45.0,3368.14,,,21.21,,,,918.52,,918.52,,,1.86,,,,,,84.0,747.0,,,,2411.0,48.0,2495.0,,,,,,,,,,17.0,,,,,,,,,,,78.2,5.54,0.03,,72.11,8.63,0.02,,96.63,3.37,,,,,382,382,382,382,382,364,0,382,364,0,374,382,382,0,0,363,0,0,0,382,382,382,364,0,382,364,0,95.74,95.74,95.74,95.74,95.74,91.23,0.0,95.74,91.23,0.0,93.73,95.74,95.74,0.0,0.0,90.98,0.0,0.0,0.0,95.74,95.74,95.74,91.23,0.0,95.74,91.23,0.0,0.0,0.0,0.0,0.0,0.0,0.0,0.0,0.0,0.0,0.0,0.0,0.0,0.0,0.0,0.0,0.0,0.0,0.0,0.0,0.0,0.0,0.0,0.0,0.0,0.0,0.0,0.0,,,0.99,4.41,,,,7.94,6.43,,,,,,,,,0.04,,,,,,,,,,1,1,1,1,0,0,80.09,60.54,76.12,64.36,6.04,0.77,13.09,,,,,,,,,,27.27,27.64,,8.75,,,,,,,,61.54,-1.32,,,,-5.49,-4.15,,,,,,,,,13.33,,,,,,,,,,382,374,382,374,382,373,382,0,0,0,0,0,0,0,0,0,382,382,0,364,0,0,0,0,0,95.74,93.73,95.74,93.73,95.74,93.48,95.74,0.0,0.0,0.0,0.0,0.0,0.0,0.0,0.0,0.0,95.74,95.74,0.0,91.23,0.0,0.0,0.0,0.0,0.0,0.0,0.0,0.0,0.0,0.0,0.0,0.0,0.0,0.0,0.0,0.0,0.0,0.0,0.0,0.0,0.0,0.0,0.0,0.0,0.0,0.0,0.0,0.0,0.0,0.0,2021-2022,19623.0,79.0,0.0,19702.0
2021-11-27T00:00:00.000,CA,60102.46,54375.49,5737.12,45786.87,42453.44,3342.29,10642.02,6962.64,3679.95,7525.97,5210.26,2316.29,3061.21,48.21,3109.42,,,21.05,,,,853.69,,853.69,,,1.86,,,,,,53.0,701.0,,,,2195.0,6.0,2248.0,,,,,,,,,,20.0,,,,,,,,,,,76.18,5.17,0.04,,70.72,8.02,0.02,,97.64,2.36,,,,,382,382,382,382,382,368,0,382,368,0,374,382,382,0,0,367,0,0,0,382,382,382,368,0,382,368,0,95.74,95.74,95.74,95.74,95.74,92.23,0.0,95.74,92.23,0.0,93.73,95.74,95.74,0.0,0.0,91.98,0.0,0.0,0.0,95.74,95.74,95.74,92.23,0.0,95.74,92.23,0.0,0.0,0.0,0.0,0.0,0.0,1.0,0.0,0.0,1.0,0.0,0.0,0.0,0.0,0.0,0.0,1.0,0.0,0.0,0.0,0.0,0.0,0.0,1.0,0.0,0.0,1.0,0.0,,,0.63,4.14,,,,7.22,5.79,,,,,,,,,0.05,,,,,,,,,,1,1,1,1,0,0,78.07,58.26,74.83,62.94,5.63,0.84,12.26,,,,,,,,,,27.45,27.89,,8.82,,,,,,,,-36.9,-6.16,,,,-8.96,-9.9,,,,,,,,,17.65,,,,,,,,,,382,374,382,374,382,373,382,0,0,0,0,0,0,0,0,0,382,382,0,368,0,0,0,0,0,95.74,93.73,95.74,93.73,95.74,93.48,95.74,0.0,0.0,0.0,0.0,0.0,0.0,0.0,0.0,0.0,95.74,95.74,0.0,92.23,0.0,0.0,0.0,0.0,0.0,0.0,0.0,0.0,0.0,0.0,0.0,0.0,0.0,0.0,0.0,0.0,0.0,0.0,0.0,0.0,0.0,0.0,0.0,0.0,1.0,0.0,0.0,0.0,0.0,0.0,2021-2022,21871.0,99.0,0.0,21970.0
2021-12-04T00:00:00.000,CA,61390.26,55349.26,6041.0,47741.64,44317.74,3423.9,10729.66,7027.23,3702.43,7654.68,5354.18,2300.5,3152.6,39.43,3192.02,,,28.88,,,,863.31,,863.31,,,2.14,,,,,,50.0,754.0,,,,2450.0,50.0,2500.0,,,,,,,,,,44.0,,,,,,,,,,,77.77,5.2,0.05,,71.34,8.05,0.02,,98.0,2.0,,,,,382,382,382,382,382,371,0,382,371,0,374,382,382,0,0,370,0,0,0,382,382,382,371,0,382,371,0,95.74,95.74,95.74,95.74,95.74,92.98,0.0,95.74,92.98,0.0,93.73,95.74,95.74,0.0,0.0,92.73,0.0,0.0,0.0,95.74,95.74,95.74,92.98,0.0,95.74,92.98,0.0,0.0,0.0,0.0,0.0,0.0,0.75,0.0,0.0,0.75,0.0,0.0,0.0,0.0,0.0,0.0,0.75,0.0,0.0,0.0,0.0,0.0,0.0,0.75,0.0,0.0,0.75,0.0,,,0.59,4.45,,,,8.06,6.44,,,,,,,,,0.11,,,,,,,,,,1,1,1,1,0,0,80.07,56.68,76.19,62.13,5.7,0.65,12.29,,,,,,,,,,27.05,27.38,,7.42,,,,,,,,-5.66,7.56,,,,11.62,11.21,,,,,,,,,120.0,,,,,,,,,,382,374,382,374,382,373,382,0,0,0,0,0,0,0,0,0,382,382,0,371,0,0,0,0,0,95.74,93.73,95.74,93.73,95.74,93.48,95.74,0.0,0.0,0.0,0.0,0.0,0.0,0.0,0.0,0.0,95.74,95.74,0.0,92.98,0.0,0.0,0.0,0.0,0.0,0.0,0.0,0.0,0.0,0.0,0.0,0.0,0.0,0.0,0.0,0.0,0.0,0.0,0.0,0.0,0.0,0.0,0.0,0.0,0.75,0.0,0.0,0.0,0.0,0.0,2021-2022,24371.0,143.0,0.0,24514.0
2021-12-11T00:00:00.000,CA,61568.1,55875.79,5692.31,48872.31,45448.91,3423.4,10839.54,7174.83,3664.71,7806.5,5497.85,2308.65,3324.74,45.43,3370.17,,,45.05,,,,868.82,,868.82,,,1.29,,,,,,62.0,824.0,,,,2655.0,3.0,2717.0,,,,,,,,,,61.0,,,,,,,,,,,79.38,5.47,0.07,,72.02,8.02,0.01,,97.72,2.28,,,,,382,382,382,382,382,371,0,382,371,0,374,382,382,0,0,371,0,0,0,382,382,382,371,0,382,371,0,95.74,95.74,95.74,95.74,95.74,92.98,0.0,95.74,92.98,0.0,93.73,95.74,95.74,0.0,0.0,92.98,0.0,0.0,0.0,95.74,95.74,95.74,92.98,0.0,95.74,92.98,0.0,0.0,0.0,0.0,0.0,0.0,0.0,0.0,0.0,0.0,0.0,0.0,0.0,0.0,0.0,0.0,0.25,0.0,0.0,0.0,0.0,0.0,0.0,0.0,0.0,0.0,0.0,0.0,,,0.73,4.86,,,,8.74,7.0,,,,,,,,,0.16,,,,,,,,,,1,1,1,1,0,0,81.34,60.14,76.63,63.0,5.95,0.8,12.11,,,,,,,,,,25.78,26.13,,2.85,,,,,,,,24.0,9.28,,,,8.37,8.68,,,,,,,,,38.64,,,,,,,,,,382,374,382,374,382,373,382,0,0,0,0,0,0,0,0,0,382,382,0,371,0,0,0,0,0,95.74,93.73,95.74,93.73,95.74,93.48,95.74,0.0,0.0,0.0,0.0,0.0,0.0,0.0,0.0,0.0,95.74,95.74,0.0,92.98,0.0,0.0,0.0,0.0,0.0,0.0,0.0,0.0,0.0,0.0,0.0,0.0,0.0,0.0,0.0,0.0,0.0,0.0,0.0,0.0,0.0,0.0,0.0,0.0,0.0,0.0,0.0,0.0,0.0,0.0,2021-2022,27088.0,204.0,0.0,27292.0
2021-12-18T00:00:00.000,CA,61571.98,55780.41,5803.71,49016.0,45535.85,3493.14,10744.02,7076.19,3668.98,7876.86,5508.46,2369.4,3550.57,47.43,3598.0,,,53.76,,,,948.07,,948.07,,,2.14,,,,,,67.0,787.0,,,,2630.0,15.0,2697.0,,,,,,,,,,60.0,,,,,,,,,,,79.61,5.84,0.09,,73.31,8.82,0.02,,97.52,2.48,,,,,382,382,382,382,382,372,0,382,372,0,374,382,382,0,0,372,0,0,0,382,382,382,372,0,382,372,0,95.74,95.74,95.74,95.74,95.74,93.23,0.0,95.74,93.23,0.0,93.73,95.74,95.74,0.0,0.0,93.23,0.0,0.0,0.0,95.74,95.74,95.74,93.23,0.0,95.74,93.23,0.0,0.0,0.0,0.0,0.0,0.0,0.25,0.0,0.0,0.25,0.0,0.0,0.0,0.0,0.0,0.0,0.25,0.0,0.0,0.0,0.0,0.0,0.0,0.25,0.0,0.0,0.25,0.0,,,0.79,4.64,,,,8.66,6.95,,,,,,,,,0.15,,,,,,,,,,1,1,1,1,0,0,81.63,60.19,77.84,64.58,6.37,0.82,13.4,,,,,,,,,,26.35,26.7,,3.99,,,,,,,,8.06,-4.49,,,,-0.94,-0.74,,,,,,,,,-1.64,,,,,,,,,,382,374,382,374,382,373,382,0,0,0,0,0,0,0,0,0,382,382,0,372,0,0,0,0,0,95.74,93.73,95.74,93.73,95.74,93.48,95.74,0.0,0.0,0.0,0.0,0.0,0.0,0.0,0.0,0.0,95.74,95.74,0.0,93.23,0.0,0.0,0.0,0.0,0.0,0.0,0.0,0.0,0.0,0.0,0.0,0.0,0.0,0.0,0.0,0.0,0.0,0.0,0.0,0.0,0.0,0.0,0.0,0.0,0.25,0.0,0.0,0.0,0.0,0.0,2021-2022,29785.0,264.0,0.0,30049.0
2021-12-25T00:00:00.000,CA,60614.7,54983.56,5631.14,47009.6,43714.4,3294.52,10665.89,7007.68,3658.21,7606.24,5321.89,2283.81,3606.77,48.14,3654.91,,,57.64,,,,956.33,,956.33,,,3.67,,,,,,91.0,951.0,,,,2886.0,17.0,2977.0,,,,,,,,,,111.0,,,,,,,,,,,77.55,6.03,0.1,,71.31,8.97,0.03,,96.94,3.06,,,,,382,382,382,382,382,372,0,382,372,0,374,382,382,0,0,372,0,0,0,382,382,382,372,0,382,372,0,95.74,95.74,95.74,95.74,95.74,93.23,0.0,95.74,93.23,0.0,93.73,95.74,95.74,0.0,0.0,93.23,0.0,0.0,0.0,95.74,95.74,95.74,93.23,0.0,95.74,93.23,0.0,0.0,0.0,0.0,0.0,0.0,0.0,0.0,0.0,0.0,0.0,0.0,0.0,0.0,0.0,0.0,0.0,0.0,0.0,0.0,0.0,0.0,0.0,0.0,0.0,0.0,0.0,0.0,,,1.08,5.61,,,,9.5,7.67,,,,,,,,,0.29,,,,,,,,,,1,1,1,1,0,0,79.5,58.51,75.94,62.43,6.56,0.85,13.65,,,,,,,,,,26.17,26.51,,6.36,,,,,,,,35.82,20.84,,,,9.73,10.38,,,,,,,,,85.0,,,,,,,,,,382,374,382,374,382,373,382,0,0,0,0,0,0,0,0,0,382,382,0,372,0,0,0,0,0,95.74,93.73,95.74,93.73,95.74,93.48,95.74,0.0,0.0,0.0,0.0,0.0,0.0,0.0,0.0,0.0,95.74,95.74,0.0,93.23,0.0,0.0,0.0,0.0,0.0,0.0,0.0,0.0,0.0,0.0,0.0,0.0,0.0,0.0,0.0,0.0,0.0,0.0,0.0,0.0,0.0,0.0,0.0,0.0,0.0,0.0,0.0,0.0,0.0,0.0,2021-2022,32762.0,375.0,0.0,33137.0
2022-01-01T00:00:00.000,CA,60316.75,54723.1,5675.07,46423.72,43328.25,3168.76,10633.46,6993.41,3651.9,7550.94,5332.78,2227.11,5072.82,127.26,5200.08,,,64.14,,,,1104.46,0.0,1104.46,,,2.05,,,,,,290.0,2075.0,,,,5934.0,22.0,6224.0,,,,,,,,,,96.0,,,,,,,,,,,76.97,8.62,0.11,,71.01,10.39,0.02,,95.34,4.66,,,,,381,381,381,381,381,370,0,381,370,0,373,381,381,0,0,370,0,0,0,381,381,381,370,0,381,370,0,95.49,95.49,95.49,95.49,95.49,92.73,0.0,95.49,92.73,0.0,93.48,95.49,95.49,0.0,0.0,92.73,0.0,0.0,0.0,95.49,95.49,95.49,92.73,0.0,95.49,92.73,0.0,-0.25,-0.25,-0.25,-0.25,-0.25,-0.5,0.0,-0.25,-0.5,0.0,-0.25,-0.25,-0.25,0.0,0.0,-0.5,0.0,0.0,0.0,-0.25,-0.25,-0.25,-0.5,0.0,-0.25,-0.5,0.0,,,3.43,12.24,,,,19.53,16.03,,,,,,,,,0.25,,,,,,,,,,1,1,1,1,0,0,79.18,55.84,76.25,60.99,9.27,2.24,15.79,0.0,,,,,,,,,21.24,21.77,0.0,3.19,,,,,,,,218.68,118.19,,,,105.61,109.07,,,,,,,,,-13.51,,,,,,,,,,381,373,381,373,381,372,381,2,0,0,0,0,0,0,0,0,381,381,2,370,0,0,0,0,0,95.49,93.48,95.49,93.48,95.49,93.23,95.49,0.5,0.0,0.0,0.0,0.0,0.0,0.0,0.0,0.0,95.49,95.49,0.5,92.73,0.0,0.0,0.0,0.0,0.0,-0.25,-0.25,-0.25,-0.25,-0.25,-0.25,-0.25,0.5,0.0,0.0,0.0,0.0,0.0,0.0,0.0,0.0,-0.25,-0.25,0.5,-0.5,0.0,0.0,0.0,0.0,0.0,2021-2022,38986.0,471.0,0.0,39457.0
2022-01-08T00:00:00.000,CA,61659.11,56012.0,5646.43,49352.9,46042.97,3308.1,10777.7,7103.37,3674.4,7370.56,5157.68,2212.29,8486.95,262.12,8749.06,,,63.63,,,,1439.13,3.0,1442.13,,,3.29,,,,,,551.0,3461.0,,,,10560.0,58.0,11111.0,,,,,,,,,,87.0,,,,,,,,,,,80.04,14.19,0.1,,68.39,13.38,0.03,,95.04,4.96,,,,,381,381,381,381,381,371,0,381,371,0,373,381,381,0,0,371,0,0,0,381,381,381,371,0,381,371,0,95.49,95.49,95.49,95.49,95.49,92.98,0.0,95.49,92.98,0.0,93.48,95.49,95.49,0.0,0.0,92.98,0.0,0.0,0.0,95.49,95.49,95.49,92.98,0.0,95.49,92.98,0.0,0.0,0.0,0.0,0.0,0.0,0.25,0.0,0.0,0.25,0.0,0.0,0.0,0.0,0.0,0.0,0.25,0.0,0.0,0.0,0.0,0.0,0.0,0.25,0.0,0.0,0.25,0.0,,,6.52,20.42,,,,34.76,28.62,,,,,,,,,0.22,,,,,,,,,,1,1,1,1,0,0,82.2,58.59,72.61,60.21,15.15,4.64,20.26,0.08,,,,,,,,,16.48,16.96,1.14,5.16,,,,,,,,90.0,66.8,,,,77.96,78.52,,,,,,,,,-9.38,,,,,,,,,,381,373,381,373,381,372,381,14,0,0,0,0,0,0,0,0,381,381,14,371,0,0,0,0,0,95.49,93.48,95.49,93.48,95.49,93.23,95.49,3.51,0.0,0.0,0.0,0.0,0.0,0.0,0.0,0.0,95.49,95.49,3.51,92.98,0.0,0.0,0.0,0.0,0.0,0.0,0.0,0.0,0.0,0.0,0.0,0.0,3.01,0.0,0.0,0.0,0.0,0.0,0.0,0.0,0.0,0.0,0.0,3.01,0.25,0.0,0.0,0.0,0.0,0.0,2021-2022,50097.0,558.0,0.0,50655.0
2022-01-15T00:00:00.000,CA,62632.21,56939.98,5183.87,50930.79,47554.22,3155.21,10792.29,7237.57,3378.64,8054.48,5841.29,2062.29,12433.27,383.48,12816.74,,,58.1,,,,1935.59,6.64,1942.23,,,8.57,,,,23.0,38.0,636.0,4155.0,,,,13776.0,565.0,14412.0,,,,,,,,,,75.0,,,,,,,,,,,81.32,20.46,0.09,,74.63,18.0,0.08,,95.59,4.41,,,,,382,382,382,382,382,372,0,382,372,0,374,382,382,0,0,372,0,0,0,382,382,382,372,0,382,372,0,95.74,95.74,95.74,95.74,95.74,93.23,0.0,95.74,93.23,0.0,93.73,95.74,95.74,0.0,0.0,93.23,0.0,0.0,0.0,95.74,95.74,95.74,93.23,0.0,95.74,93.23,0.0,0.25,0.25,0.25,0.25,0.25,0.25,0.0,0.25,0.25,0.0,0.25,0.25,0.25,0.0,0.0,0.25,0.0,0.0,0.0,0.25,0.25,0.25,0.25,0.0,0.25,0.25,0.0,1.1,0.6,7.53,24.52,,,,45.34,37.12,,,,,,,,,0.19,,,,,,,,,,1,1,1,1,0,0,83.52,60.87,80.71,61.04,21.84,7.4,26.74,0.2,,,,,,,,,15.15,15.57,1.73,14.75,,,,,,,,15.43,20.05,,,,30.45,29.71,,,,,,,,,-13.79,,,,,,,,,,382,324,382,324,382,323,382,55,0,0,0,0,0,0,0,0,382,382,56,372,0,0,0,0,0,95.74,81.2,95.74,81.2,95.74,80.95,95.74,13.78,0.0,0.0,0.0,0.0,0.0,0.0,0.0,0.0,95.74,95.74,14.04,93.23,0.0,0.0,0.0,0.0,0.0,0.25,-12.28,0.25,-12.28,0.25,-12.28,0.25,10.28,0.0,0.0,0.0,0.0,0.0,0.0,0.0,0.0,0.25,0.25,10.53,0.25,0.0,0.0,0.0,0.0,0.0,2021-2022,64509.0,633.0,0.0,65142.0
2022-01-22T00:00:00.000,CA,64372.04,58240.82,3618.71,51802.15,48494.65,1982.14,10861.29,7357.69,777.76,8303.09,6091.35,570.93,14827.18,430.88,15258.06,,,51.79,,,,2407.36,80.38,2487.74,,,9.14,,,,145.0,143.0,546.0,4076.0,,,,14189.0,313.0,14735.0,,,,,,,,,,63.0,,,,,,,,,,,80.47,23.7,0.08,,76.45,22.9,0.08,,96.29,3.71,,,,,382,382,382,382,382,372,0,382,372,0,374,382,382,0,0,372,0,0,0,382,382,382,372,0,382,372,0,95.74,95.74,95.74,95.74,95.74,93.23,0.0,95.74,93.23,0.0,93.73,95.74,95.74,0.0,0.0,93.23,0.0,0.0,0.0,95.74,95.74,95.74,93.23,0.0,95.74,93.23,0.0,0.0,0.0,0.0,0.0,0.0,0.0,0.0,0.0,0.0,0.0,0.0,0.0,0.0,0.0,0.0,0.0,0.0,0.0,0.0,0.0,0.0,0.0,0.0,0.0,0.0,0.0,0.0,6.91,2.25,6.46,24.05,,,,46.7,37.95,,,,,,,,,0.16,,,,,,,,,,1,1,1,1,0,0,83.27,54.77,82.79,73.41,25.46,11.91,32.72,10.33,,,,,,,,,16.3,16.24,18.65,17.66,,,,,,530.43,276.32,-14.15,-1.9,,,,3.0,2.24,,,,,,,,,-16.0,,,,,,,,,,382,254,382,285,382,284,382,284,0,0,0,0,0,0,0,0,382,382,285,372,0,0,0,0,0,95.74,63.66,95.74,71.43,95.74,71.18,95.74,71.18,0.0,0.0,0.0,0.0,0.0,0.0,0.0,0.0,95.74,95.74,71.43,93.23,0.0,0.0,0.0,0.0,0.0,0.0,-17.54,0.0,-9.77,0.0,-9.77,0.0,57.39,0.0,0.0,0.0,0.0,0.0,0.0,0.0,0.0,0.0,0.0,57.39,0.0,0.0,0.0,0.0,0.0,0.0,2021-2022,79244.0,696.0,0.0,79940.0
2022-01-29T00:00:00.000,CA,64295.69,58524.69,3130.76,51720.6,48417.6,722.76,10867.45,7353.36,852.76,8346.38,6120.98,578.79,14557.45,397.57,14955.02,,,35.57,,,,2554.12,75.25,2629.37,,,4.29,,,,203.0,252.0,502.0,3530.0,,,,12650.0,87.0,13152.0,,,,,,,,,,23.0,,,,,,,,,,,80.44,23.26,0.06,,76.8,24.19,0.04,,96.18,3.82,,,,,382,382,382,382,382,371,0,382,371,0,368,382,382,0,0,371,0,0,0,382,382,382,371,0,382,371,0,95.74,95.74,95.74,95.74,95.74,92.98,0.0,95.74,92.98,0.0,92.23,95.74,95.74,0.0,0.0,92.98,0.0,0.0,0.0,95.74,95.74,95.74,92.98,0.0,95.74,92.98,0.0,0.0,0.0,0.0,0.0,0.0,-0.25,0.0,0.0,-0.25,0.0,-1.5,0.0,0.0,0.0,0.0,-0.25,0.0,0.0,0.0,0.0,0.0,0.0,-0.25,0.0,0.0,-0.25,0.0,9.68,3.97,5.94,20.83,,,,41.64,33.87,,,,,,,,,0.06,,,,,,,,,,1,1,1,1,0,0,82.73,23.09,83.24,67.87,24.87,12.7,34.73,8.82,,,,,,,,,17.58,17.55,18.93,12.05,,,,,,40.0,76.22,-8.06,-13.4,,,,-10.85,-10.74,,,,,,,,,-63.49,,,,,,,,,,382,99,382,326,382,326,382,325,0,0,0,0,0,0,0,0,382,382,325,371,0,0,0,0,0,95.74,24.81,95.74,81.7,95.74,81.7,95.74,81.45,0.0,0.0,0.0,0.0,0.0,0.0,0.0,0.0,95.74,95.74,81.45,92.98,0.0,0.0,0.0,0.0,0.0,0.0,-38.85,0.0,10.28,0.0,10.53,0.0,10.28,0.0,0.0,0.0,0.0,0.0,0.0,0.0,0.0,0.0,0.0,10.03,-0.25,0.0,0.0,0.0,0.0,0.0,2021-2022,92396.0,719.0,0.0,93115.0
2022-02-05T00:00:00.000,CA,63868.59,58067.5,3414.51,51039.95,47743.0,2107.13,10822.17,7326.0,911.36,8317.25,6061.23,613.73,12154.29,354.14,12508.43,,,33.71,,,,2307.02,80.03,2387.05,,,4.57,,,,162.0,245.0,418.0,2669.0,,,,9555.0,47.0,9973.0,,,,,,,,,,30.0,,,,,,,,,,,79.91,19.58,0.05,,76.85,22.06,0.04,,95.81,4.19,,,,,382,382,382,382,382,374,0,382,374,0,369,382,382,0,0,374,0,0,0,382,382,382,374,0,382,374,0,95.74,95.74,95.74,95.74,95.74,93.73,0.0,95.74,93.73,0.0,92.48,95.74,95.74,0.0,0.0,93.73,0.0,0.0,0.0,95.74,95.74,95.74,93.73,0.0,95.74,93.73,0.0,0.0,0.0,0.0,0.0,0.0,0.75,0.0,0.0,0.75,0.0,0.25,0.0,0.0,0.0,0.0,0.75,0.0,0.0,0.0,0.0,0.0,0.0,0.75,0.0,0.0,0.75,0.0,7.72,3.86,4.95,15.75,,,,31.45,25.68,,,,,,,,,0.08,,,,,,,,,,1,1,1,1,0,0,82.22,61.71,82.74,67.34,20.93,10.37,31.49,8.78,,,,,,,,,19.08,18.98,22.6,13.56,,,,,,-20.2,-2.78,-16.73,-24.39,,,,-24.47,-24.17,,,,,,,,,30.43,,,,,,,,,,382,374,382,374,382,373,382,373,0,0,0,0,0,0,0,0,382,382,373,374,0,0,0,0,0,95.74,93.73,95.74,93.73,95.74,93.48,95.74,93.48,0.0,0.0,0.0,0.0,0.0,0.0,0.0,0.0,95.74,95.74,93.48,93.73,0.0,0.0,0.0,0.0,0.0,0.0,68.92,0.0,12.03,0.0,11.78,0.0,12.03,0.0,0.0,0.0,0.0,0.0,0.0,0.0,0.0,0.0,0.0,12.03,0.75,0.0,0.0,0.0,0.0,0.0,2021-2022,102369.0,749.0,0.0,103118.0
2022-02-12T00:00:00.000,CA,63491.3,57811.3,3465.71,50726.7,47253.37,2196.14,10839.9,7313.71,937.76,8129.4,5894.4,652.21,9346.26,290.0,9636.26,,,33.57,,,,1866.79,61.5,1928.29,,,4.0,,,,135.0,170.0,306.0,1997.0,,,,7354.0,29.0,7660.0,,,,,,,,,,28.0,,,,,,,,,,,79.9,15.18,0.05,,75.0,17.79,0.04,,96.01,3.99,,,,,382,382,382,382,382,374,0,382,374,0,370,382,382,0,0,374,0,0,0,382,382,382,374,0,382,374,0,95.74,95.74,95.74,95.74,95.74,93.73,0.0,95.74,93.73,0.0,92.73,95.74,95.74,0.0,0.0,93.73,0.0,0.0,0.0,95.74,95.74,95.74,93.73,0.0,95.74,93.73,0.0,0.0,0.0,0.0,0.0,0.0,0.0,0.0,0.0,0.0,0.0,0.25,0.0,0.0,0.0,0.0,0.0,0.0,0.0,0.0,0.0,0.0,0.0,0.0,0.0,0.0,0.0,0.0,6.44,2.68,3.62,11.78,,,,24.2,19.73,,,,,,,,,0.07,,,,,,,,,,1,1,1,1,0,0,81.74,63.37,80.59,69.55,16.17,8.37,25.52,6.56,,,,,,,,,20.01,19.97,21.21,11.91,,,,,,-16.67,-30.61,-26.79,-25.18,,,,-23.04,-23.19,,,,,,,,,-6.67,,,,,,,,,,382,374,382,374,382,373,382,373,0,0,0,0,0,0,0,0,382,382,373,374,0,0,0,0,0,95.74,93.73,95.74,93.73,95.74,93.48,95.74,93.48,0.0,0.0,0.0,0.0,0.0,0.0,0.0,0.0,95.74,95.74,93.48,93.73,0.0,0.0,0.0,0.0,0.0,0.0,0.0,0.0,0.0,0.0,0.0,0.0,0.0,0.0,0.0,0.0,0.0,0.0,0.0,0.0,0.0,0.0,0.0,0.0,0.0,0.0,0.0,0.0,0.0,0.0,2021-2022,110029.0,777.0,0.0,110806.0
2022-02-19T00:00:00.000,CA,63396.55,57520.95,3471.88,49992.92,46430.42,2289.05,10732.93,7158.12,949.0,7779.14,5629.81,655.0,7050.11,201.6,7251.7,,,33.76,,,,1405.79,45.43,1451.21,,,3.57,,,,92.0,112.0,205.0,1376.0,,,,5031.0,18.0,5236.0,,,,,,,,,,11.0,,,,,,,,,,,78.86,11.44,0.05,,72.48,13.52,0.03,,96.08,3.92,,,,,382,382,382,382,382,374,0,382,374,0,370,382,382,0,0,374,0,0,0,382,382,382,374,0,382,374,0,95.74,95.74,95.74,95.74,95.74,93.73,0.0,95.74,93.73,0.0,92.73,95.74,95.74,0.0,0.0,93.73,0.0,0.0,0.0,95.74,95.74,95.74,93.73,0.0,95.74,93.73,0.0,0.0,0.0,0.0,0.0,0.0,0.0,0.0,0.0,0.0,0.0,0.0,0.0,0.0,0.0,0.0,0.0,0.0,0.0,0.0,0.0,0.0,0.0,0.0,0.0,0.0,0.0,0.0,4.39,1.76,2.43,8.12,,,,16.56,13.49,,,,,,,,,0.03,,,,,,,,,,1,1,1,1,0,0,80.72,65.93,78.65,69.02,12.26,5.81,19.64,4.79,,,,,,,,,20.01,19.94,22.53,10.58,,,,,,-31.85,-34.12,-33.01,-31.1,,,,-31.59,-31.64,,,,,,,,,-60.71,,,,,,,,,,382,374,382,374,382,373,382,373,0,0,0,0,0,0,0,0,382,382,373,374,0,0,0,0,0,95.74,93.73,95.74,93.73,95.74,93.48,95.74,93.48,0.0,0.0,0.0,0.0,0.0,0.0,0.0,0.0,95.74,95.74,93.48,93.73,0.0,0.0,0.0,0.0,0.0,0.0,0.0,0.0,0.0,0.0,0.0,0.0,0.0,0.0,0.0,0.0,0.0,0.0,0.0,0.0,0.0,0.0,0.0,0.0,0.0,0.0,0.0,0.0,0.0,0.0,2021-2022,115265.0,788.0,0.0,116053.0
2022-02-26T00:00:00.000,CA,62575.69,56776.98,3547.0,48562.75,44971.94,2284.49,10598.36,7046.48,945.74,7480.16,5328.52,658.98,5035.43,155.52,5190.95,,,28.07,,,,1003.94,44.48,1048.42,,,2.86,,,,92.0,73.0,172.0,1017.0,,,,3522.0,31.0,3694.0,,,,,,,,,,23.0,,,,,,,,,,,77.61,8.3,0.04,,70.58,9.89,0.03,,95.34,4.66,,,,,382,382,382,382,382,374,0,382,374,0,370,382,382,0,0,374,0,0,0,382,382,382,374,0,382,374,0,95.74,95.74,95.74,95.74,95.74,93.73,0.0,95.74,93.73,0.0,92.73,95.74,95.74,0.0,0.0,93.73,0.0,0.0,0.0,95.74,95.74,95.74,93.73,0.0,95.74,93.73,0.0,0.0,0.0,0.0,0.0,0.0,0.0,0.0,0.0,0.0,0.0,0.0,0.0,0.0,0.0,0.0,0.0,0.0,0.0,0.0,0.0,0.0,0.0,0.0,0.0,0.0,0.0,0.0,4.39,1.15,2.04,6.0,,,,11.59,9.51,,,,,,,,,0.06,,,,,,,,,,1,1,1,1,0,0,79.21,64.41,75.62,69.68,8.87,4.38,14.25,4.7,,,,,,,,,20.2,19.94,28.6,10.18,,,,,,0.0,-34.82,-16.1,-26.09,,,,-29.99,-29.45,,,,,,,,,109.09,,,,,,,,,,382,374,382,374,382,373,382,373,0,0,0,0,0,0,0,0,382,382,373,374,0,0,0,0,0,95.74,93.73,95.74,93.73,95.74,93.48,95.74,93.48,0.0,0.0,0.0,0.0,0.0,0.0,0.0,0.0,95.74,95.74,93.48,93.73,0.0,0.0,0.0,0.0,0.0,0.0,0.0,0.0,0.0,0.0,0.0,0.0,0.0,0.0,0.0,0.0,0.0,0.0,0.0,0.0,0.0,0.0,0.0,0.0,0.0,0.0,0.0,0.0,0.0,0.0,2021-2022,118959.0,811.0,0.0,119770.0
2022-03-05T00:00:00.000,CA,62766.51,56707.49,3790.89,48224.76,44644.61,2285.29,10567.03,6986.3,943.14,7340.64,5190.76,639.38,3666.73,119.6,3786.33,,,30.71,,,,697.28,28.57,725.85,,,1.0,,,,61.0,67.0,132.0,752.0,,,,2814.0,15.0,2946.0,,,,,,,,,,34.0,,,,,,,,,,,76.83,6.03,0.05,,69.47,6.87,0.01,,95.52,4.48,,,,,382,382,382,382,382,374,0,382,374,0,372,382,382,0,0,374,0,0,0,382,382,382,374,0,382,374,0,95.74,95.74,95.74,95.74,95.74,93.73,0.0,95.74,93.73,0.0,93.23,95.74,95.74,0.0,0.0,93.73,0.0,0.0,0.0,95.74,95.74,95.74,93.73,0.0,95.74,93.73,0.0,0.0,0.0,0.0,0.0,0.0,0.0,0.0,0.0,0.0,0.0,0.5,0.0,0.0,0.0,0.0,0.0,0.0,0.0,0.0,0.0,0.0,0.0,0.0,0.0,0.0,0.0,0.0,2.91,1.06,1.56,4.44,,,,9.26,7.59,,,,,,,,,0.09,,,,,,,,,,1,1,1,1,0,0,78.73,60.28,74.3,67.79,6.47,3.15,9.98,3.03,,,,,,,,,19.17,19.02,23.89,3.26,,,,,,-33.7,-8.22,-23.26,-26.06,,,,-20.1,-20.25,,,,,,,,,47.83,,,,,,,,,,382,374,382,374,382,373,382,373,0,0,0,0,0,0,0,0,382,382,373,374,0,0,0,0,0,95.74,93.73,95.74,93.73,95.74,93.48,95.74,93.48,0.0,0.0,0.0,0.0,0.0,0.0,0.0,0.0,95.74,95.74,93.48,93.73,0.0,0.0,0.0,0.0,0.0,0.0,0.0,0.0,0.0,0.0,0.0,0.0,0.0,0.0,0.0,0.0,0.0,0.0,0.0,0.0,0.0,0.0,0.0,0.0,0.0,0.0,0.0,0.0,0.0,0.0,2021-2022,121905.0,845.0,0.0,122750.0
2022-03-12T00:00:00.000,CA,62010.9,56275.21,3550.71,47395.6,43776.98,2318.45,10424.19,6883.48,949.12,7147.43,5021.1,637.14,2671.05,97.05,2768.1,,,33.43,,,,512.14,24.9,537.05,,,1.29,,,,50.0,50.0,102.0,580.0,,,,2004.0,8.0,2106.0,,,,,,,,,,40.0,,,,,,,,,,,76.43,4.46,0.05,,68.57,5.15,0.01,,95.16,4.84,,,,,381,381,381,381,381,373,0,381,373,0,371,381,381,0,0,373,0,0,0,381,381,381,373,0,381,373,0,95.49,95.49,95.49,95.49,95.49,93.48,0.0,95.49,93.48,0.0,92.98,95.49,95.49,0.0,0.0,93.48,0.0,0.0,0.0,95.49,95.49,95.49,93.48,0.0,95.49,93.48,0.0,-0.25,-0.25,-0.25,-0.25,-0.25,-0.25,0.0,-0.25,-0.25,0.0,-0.25,-0.25,-0.25,0.0,0.0,-0.25,0.0,0.0,0.0,-0.25,-0.25,-0.25,-0.25,0.0,-0.25,-0.25,0.0,2.38,0.79,1.21,3.42,,,,6.6,5.42,,,,,,,,,0.1,,,,,,,,,,1,1,1,1,0,0,77.79,65.3,72.94,67.13,4.75,2.73,7.44,2.62,,,,,,,,,19.4,19.17,25.66,3.85,,,,,,-18.03,-25.37,-22.73,-22.87,,,,-28.78,-28.51,,,,,,,,,17.65,,,,,,,,,,381,373,381,373,381,372,381,372,0,0,0,0,0,0,0,0,381,381,372,373,0,0,0,0,0,95.49,93.48,95.49,93.48,95.49,93.23,95.49,93.23,0.0,0.0,0.0,0.0,0.0,0.0,0.0,0.0,95.49,95.49,93.23,93.48,0.0,0.0,0.0,0.0,0.0,-0.25,-0.25,-0.25,-0.25,-0.25,-0.25,-0.25,-0.25,0.0,0.0,0.0,0.0,0.0,0.0,0.0,0.0,-0.25,-0.25,-0.25,-0.25,0.0,0.0,0.0,0.0,0.0,2021-2022,124011.0,885.0,0.0,124896.0
2022-03-19T00:00:00.000,CA,61837.28,56148.66,3560.43,47020.1,43465.14,2321.86,10296.45,6783.17,957.43,7006.84,4914.82,633.29,2055.13,76.29,2131.42,,,36.86,,,,365.06,18.57,383.63,,,2.86,,,,36.0,41.0,77.0,473.0,,,,1552.0,4.0,1629.0,,,,,,,,,,51.0,,,,,,,,,,,76.04,3.45,0.06,,68.05,3.73,0.03,,95.27,4.73,,,,,382,382,382,382,382,374,0,382,374,0,373,382,382,0,0,374,0,0,0,382,382,382,374,0,382,374,0,95.74,95.74,95.74,95.74,95.74,93.73,0.0,95.74,93.73,0.0,93.48,95.74,95.74,0.0,0.0,93.73,0.0,0.0,0.0,95.74,95.74,95.74,93.73,0.0,95.74,93.73,0.0,0.25,0.25,0.25,0.25,0.25,0.25,0.0,0.25,0.25,0.0,0.5,0.25,0.25,0.0,0.0,0.25,0.0,0.0,0.0,0.25,0.25,0.25,0.25,0.0,0.25,0.25,0.0,1.72,0.65,0.91,2.79,,,,5.11,4.2,,,,,,,,,0.13,,,,,,,,,,1,1,1,1,0,0,77.41,65.21,72.46,66.14,3.66,2.14,5.38,1.94,,,,,,,,,18.0,17.76,24.34,7.75,,,,,,-28.0,-18.0,-24.51,-18.45,,,,-22.55,-22.65,,,,,,,,,27.5,,,,,,,,,,382,374,382,374,382,373,382,373,0,0,0,0,0,0,0,0,382,382,373,374,0,0,0,0,0,95.74,93.73,95.74,93.73,95.74,93.48,95.74,93.48,0.0,0.0,0.0,0.0,0.0,0.0,0.0,0.0,95.74,95.74,93.48,93.73,0.0,0.0,0.0,0.0,0.0,0.25,0.25,0.25,0.25,0.25,0.25,0.25,0.25,0.0,0.0,0.0,0.0,0.0,0.0,0.0,0.0,0.25,0.25,0.25,0.25,0.0,0.0,0.0,0.0,0.0,2021-2022,125640.0,936.0,0.0,126576.0
2022-03-26T00:00:00.000,CA,61651.74,55926.88,3534.29,46571.53,43093.94,2244.6,10267.69,6731.79,934.14,6858.1,4811.38,616.0,1643.9,63.57,1707.48,,,38.43,,,,280.5,16.14,296.65,,,4.14,,,,22.0,32.0,56.0,384.0,,,,1246.0,4.0,1302.0,,,,,,,,,,61.0,,,,,,,,,,,75.54,2.77,0.06,,66.79,2.89,0.04,,95.7,4.3,,,,,382,382,382,382,382,374,0,382,374,0,373,382,382,0,0,374,0,0,0,382,382,382,374,0,382,374,0,95.74,95.74,95.74,95.74,95.74,93.73,0.0,95.74,93.73,0.0,93.48,95.74,95.74,0.0,0.0,93.73,0.0,0.0,0.0,95.74,95.74,95.74,93.73,0.0,95.74,93.73,0.0,0.0,0.0,0.0,0.0,0.0,0.0,0.0,0.0,0.0,0.0,0.0,0.0,0.0,0.0,0.0,0.0,0.0,0.0,0.0,0.0,0.0,0.0,0.0,0.0,0.0,0.0,0.0,1.05,0.5,0.66,2.27,,,,4.1,3.35,,,,,,,,,0.16,,,,,,,,,,1,1,1,1,0,0,77.05,63.51,71.47,65.94,2.94,1.8,4.17,1.73,,,,,,,,,17.37,17.06,25.39,10.78,,,,,,-38.89,-21.95,-27.27,-18.82,,,,-19.72,-20.07,,,,,,,,,19.61,,,,,,,,,,382,374,382,374,382,373,382,373,0,0,0,0,0,0,0,0,382,382,373,374,0,0,0,0,0,95.74,93.73,95.74,93.73,95.74,93.48,95.74,93.48,0.0,0.0,0.0,0.0,0.0,0.0,0.0,0.0,95.74,95.74,93.48,93.73,0.0,0.0,0.0,0.0,0.0,0.0,0.0,0.0,0.0,0.0,0.0,0.0,0.0,0.0,0.0,0.0,0.0,0.0,0.0,0.0,0.0,0.0,0.0,0.0,0.0,0.0,0.0,0.0,0.0,0.0,2021-2022,126942.0,997.0,0.0,127939.0
2022-04-02T00:00:00.000,CA,61143.45,55396.74,3547.86,45991.99,42439.92,2255.5,10309.44,6752.3,958.14,6873.31,4778.83,620.76,1274.2,59.24,1333.44,,,47.38,,,,225.64,15.71,241.36,,,6.48,,,,17.0,28.0,45.0,327.0,,,,966.0,3.0,1011.0,,,,,,,,,,79.0,,,,,,,,,,,75.22,2.18,0.08,,66.67,2.34,0.06,,95.55,4.45,,,,,382,382,382,382,382,374,0,382,374,0,374,382,382,0,0,374,0,0,0,382,382,382,374,0,382,374,0,95.74,95.74,95.74,95.74,95.74,93.73,0.0,95.74,93.73,0.0,93.73,95.74,95.74,0.0,0.0,93.73,0.0,0.0,0.0,95.74,95.74,95.74,93.73,0.0,95.74,93.73,0.0,0.0,0.0,0.0,0.0,0.0,0.0,0.0,0.0,0.0,0.0,0.25,0.0,0.0,0.0,0.0,0.0,0.0,0.0,0.0,0.0,0.0,0.0,0.0,0.0,0.0,0.0,0.0,0.81,0.44,0.53,1.93,,,,3.18,2.6,,,,,,,,,0.2,,,,,,,,,,1,1,1,1,0,0,76.61,63.57,70.77,64.79,2.3,1.67,3.34,1.64,,,,,,,,,18.1,17.71,26.53,13.67,,,,,,-22.73,-12.5,-19.64,-14.84,,,,-22.47,-22.35,,,,,,,,,29.51,,,,,,,,,,382,374,382,374,382,373,382,373,0,0,0,0,0,0,0,0,382,382,373,374,0,0,0,0,0,95.74,93.73,95.74,93.73,95.74,93.48,95.74,93.48,0.0,0.0,0.0,0.0,0.0,0.0,0.0,0.0,95.74,95.74,93.48,93.73,0.0,0.0,0.0,0.0,0.0,0.0,0.0,0.0,0.0,0.0,0.0,0.0,0.0,0.0,0.0,0.0,0.0,0.0,0.0,0.0,0.0,0.0,0.0,0.0,0.0,0.0,0.0,0.0,0.0,0.0,2021-2022,127953.0,1076.0,0.0,129029.0
2022-04-09T00:00:00.000,CA,60870.57,55139.57,3536.57,45535.82,41978.46,2230.21,10224.86,6684.14,958.86,6792.34,4695.03,620.71,1072.17,42.71,1114.89,,,48.71,,,,186.95,10.71,197.67,,,3.0,,,,15.0,19.0,35.0,285.0,,,,929.0,13.0,964.0,,,,,,,,,,96.0,,,,,,,,,,,74.81,1.83,0.08,,66.43,1.93,0.03,,96.37,3.63,,,,,381,381,381,381,381,373,0,381,373,0,373,381,381,0,0,373,0,0,0,381,381,381,373,0,381,373,0,95.49,95.49,95.49,95.49,95.49,93.48,0.0,95.49,93.48,0.0,93.48,95.49,95.49,0.0,0.0,93.48,0.0,0.0,0.0,95.49,95.49,95.49,93.48,0.0,95.49,93.48,0.0,-0.25,-0.25,-0.25,-0.25,-0.25,-0.25,0.0,-0.25,-0.25,0.0,-0.25,-0.25,-0.25,0.0,0.0,-0.25,0.0,0.0,0.0,-0.25,-0.25,-0.25,-0.25,0.0,-0.25,-0.25,0.0,0.72,0.3,0.41,1.68,,,,3.06,2.48,,,,,,,,,0.25,,,,,,,,,,1,1,1,1,0,0,76.13,63.06,70.24,64.73,1.94,1.21,2.8,1.12,,,,,,,,,17.73,17.44,25.08,6.16,,,,,,-11.76,-32.14,-22.22,-12.84,,,,-3.83,-4.65,,,,,,,,,21.52,,,,,,,,,,381,373,381,373,381,372,381,372,0,0,0,0,0,0,0,0,381,381,372,373,0,0,0,0,0,95.49,93.48,95.49,93.48,95.49,93.23,95.49,93.23,0.0,0.0,0.0,0.0,0.0,0.0,0.0,0.0,95.49,95.49,93.23,93.48,0.0,0.0,0.0,0.0,0.0,-0.25,-0.25,-0.25,-0.25,-0.25,-0.25,-0.25,-0.25,0.0,0.0,0.0,0.0,0.0,0.0,0.0,0.0,-0.25,-0.25,-0.25,-0.25,0.0,0.0,0.0,0.0,0.0,2021-2022,128917.0,1172.0,0.0,130089.0
2022-04-16T00:00:00.000,CA,60952.14,54918.4,3675.74,45314.81,41796.45,2271.45,10174.52,6655.52,959.14,6754.04,4671.18,634.86,972.68,41.57,1014.25,,,56.07,,,,141.14,8.14,149.29,,,6.9,,,,13.0,15.0,28.0,277.0,,,,848.0,1.0,876.0,,,,,,,,,,104.0,,,,,,,,,,,74.34,1.66,0.09,,66.38,1.47,0.07,,96.8,3.2,,,,,381,381,381,381,381,373,0,381,373,0,372,381,381,0,0,373,0,0,0,381,381,381,373,0,381,373,0,95.49,95.49,95.49,95.49,95.49,93.48,0.0,95.49,93.48,0.0,93.23,95.49,95.49,0.0,0.0,93.48,0.0,0.0,0.0,95.49,95.49,95.49,93.48,0.0,95.49,93.48,0.0,0.0,0.0,0.0,0.0,0.0,0.0,0.0,0.0,0.0,0.0,-0.25,0.0,0.0,0.0,0.0,0.0,0.0,0.0,0.0,0.0,0.0,0.0,0.0,0.0,0.0,0.0,0.0,0.62,0.24,0.33,1.63,,,,2.79,2.26,,,,,,,,,0.27,,,,,,,,,,1,1,1,1,0,0,76.11,61.8,70.19,66.19,1.77,1.13,2.12,0.85,,,,,,,,,14.72,14.51,19.59,12.31,,,,,,-13.33,-21.05,-20.0,-2.81,,,,-8.72,-9.13,,,,,,,,,8.33,,,,,,,,,,381,373,381,373,381,372,381,372,0,0,0,0,0,0,0,0,381,381,372,373,0,0,0,0,0,95.49,93.48,95.49,93.48,95.49,93.23,95.49,93.23,0.0,0.0,0.0,0.0,0.0,0.0,0.0,0.0,95.49,95.49,93.23,93.48,0.0,0.0,0.0,0.0,0.0,0.0,0.0,0.0,0.0,0.0,0.0,0.0,0.0,0.0,0.0,0.0,0.0,0.0,0.0,0.0,0.0,0.0,0.0,0.0,0.0,0.0,0.0,0.0,0.0,0.0,2021-2022,129793.0,1276.0,0.0,131069.0
2022-04-23T00:00:00.000,CA,60658.98,55052.4,3464.55,45102.72,41764.12,2161.76,10149.86,6604.67,932.45,6610.52,4602.83,609.26,950.88,38.43,989.31,,,83.76,,,,130.26,8.33,138.6,,,7.86,,,,19.0,29.0,48.0,309.0,,,,969.0,3.0,1017.0,,,,,,,,,,148.0,,,,,,,,,,,74.35,1.63,0.14,,65.13,1.37,0.08,,95.28,4.72,,,,,381,381,381,381,381,373,0,381,373,0,372,381,381,0,0,373,0,0,0,381,381,381,373,0,381,373,0,95.49,95.49,95.49,95.49,95.49,93.48,0.0,95.49,93.48,0.0,93.23,95.49,95.49,0.0,0.0,93.48,0.0,0.0,0.0,95.49,95.49,95.49,93.48,0.0,95.49,93.48,0.0,0.0,0.0,0.0,0.0,0.0,0.0,0.0,0.0,0.0,0.0,0.0,0.0,0.0,0.0,0.0,0.0,0.0,0.0,0.0,0.0,0.0,0.0,0.0,0.0,0.0,0.0,0.0,0.91,0.46,0.57,1.82,,,,3.19,2.62,,,,,,,,,0.38,,,,,,,,,,1,1,1,1,0,0,75.86,62.4,69.69,65.34,1.73,1.11,1.97,0.89,,,,,,,,,14.01,13.7,21.69,9.38,,,,,,46.15,93.33,71.43,11.55,,,,14.27,16.1,,,,,,,,,42.31,,,,,,,,,,381,373,381,373,381,372,381,372,0,0,0,0,0,0,0,0,381,381,372,373,0,0,0,0,0,95.49,93.48,95.49,93.48,95.49,93.23,95.49,93.23,0.0,0.0,0.0,0.0,0.0,0.0,0.0,0.0,95.49,95.49,93.23,93.48,0.0,0.0,0.0,0.0,0.0,0.0,0.0,0.0,0.0,0.0,0.0,0.0,0.0,0.0,0.0,0.0,0.0,0.0,0.0,0.0,0.0,0.0,0.0,0.0,0.0,0.0,0.0,0.0,0.0,0.0,2021-2022,130810.0,1424.0,0.0,132234.0
2022-04-30T00:00:00.000,CA,60975.86,55300.14,3456.0,45809.5,42384.79,2157.0,10093.26,6529.83,924.57,6581.07,4558.95,607.71,989.38,35.0,1024.38,,,96.57,,,,124.98,6.71,131.69,,,7.0,,,,22.0,24.0,46.0,346.0,,,,1047.0,5.0,1093.0,,,,,,,,,,213.0,,,,,,,,,,,75.13,1.68,0.16,,65.2,1.3,0.07,,95.79,4.21,,,,,381,381,381,381,381,373,0,381,373,0,373,381,381,0,0,373,0,0,0,381,381,381,373,0,381,373,0,95.49,95.49,95.49,95.49,95.49,93.48,0.0,95.49,93.48,0.0,93.48,95.49,95.49,0.0,0.0,93.48,0.0,0.0,0.0,95.49,95.49,95.49,93.48,0.0,95.49,93.48,0.0,0.0,0.0,0.0,0.0,0.0,0.0,0.0,0.0,0.0,0.0,0.25,0.0,0.0,0.0,0.0,0.0,0.0,0.0,0.0,0.0,0.0,0.0,0.0,0.0,0.0,0.0,0.0,1.05,0.38,0.54,2.04,,,,3.45,2.81,,,,,,,,,0.55,,,,,,,,,,1,1,1,1,0,0,76.64,62.41,69.82,65.73,1.79,1.01,1.91,0.73,,,,,,,,,12.86,12.63,19.18,7.25,,,,,,15.79,-17.24,-4.17,11.97,,,,8.05,7.47,,,,,,,,,43.92,,,,,,,,,,381,373,381,373,381,372,381,372,0,0,0,0,0,0,0,0,381,381,372,373,0,0,0,0,0,95.49,93.48,95.49,93.48,95.49,93.23,95.49,93.23,0.0,0.0,0.0,0.0,0.0,0.0,0.0,0.0,95.49,95.49,93.23,93.48,0.0,0.0,0.0,0.0,0.0,0.0,0.0,0.0,0.0,0.0,0.0,0.0,0.0,0.0,0.0,0.0,0.0,0.0,0.0,0.0,0.0,0.0,0.0,0.0,0.0,0.0,0.0,0.0,0.0,0.0,2021-2022,131903.0,1637.0,0.0,133540.0
2022-05-07T00:00:00.000,CA,60784.71,54896.0,3643.43,45614.34,42129.75,2256.19,10085.57,6613.43,928.29,6644.03,4621.22,602.6,1084.8,44.29,1129.09,,,118.29,,,,151.6,8.14,159.74,,,7.29,,,,35.0,36.0,85.0,376.0,,,,1337.0,65.0,1422.0,,,,,,,,,,206.0,,,,,,,,,,,75.04,1.86,0.19,,65.88,1.58,0.07,,94.02,5.98,,,,,380,380,380,380,380,372,0,380,372,0,371,380,380,0,0,372,0,0,0,380,380,380,372,0,380,372,0,95.24,95.24,95.24,95.24,95.24,93.23,0.0,95.24,93.23,0.0,92.98,95.24,95.24,0.0,0.0,93.23,0.0,0.0,0.0,95.24,95.24,95.24,93.23,0.0,95.24,93.23,0.0,-0.25,-0.25,-0.25,-0.25,-0.25,-0.25,0.0,-0.25,-0.25,0.0,-0.5,-0.25,-0.25,0.0,0.0,-0.25,0.0,0.0,0.0,-0.25,-0.25,-0.25,-0.25,0.0,-0.25,-0.25,0.0,1.67,0.57,1.01,2.22,,,,4.4,3.66,,,,,,,,,0.53,,,,,,,,,,1,1,1,1,0,0,76.74,61.92,69.88,64.91,1.98,1.22,2.29,0.88,,,,,,,,,14.15,13.97,18.39,6.16,,,,,,59.09,50.0,84.78,8.67,,,,27.7,30.1,,,,,,,,,-3.29,,,,,,,,,,380,372,380,372,380,371,380,371,0,0,0,0,0,0,0,0,380,380,371,372,0,0,0,0,0,95.24,93.23,95.24,93.23,95.24,92.98,95.24,92.98,0.0,0.0,0.0,0.0,0.0,0.0,0.0,0.0,95.24,95.24,92.98,93.23,0.0,0.0,0.0,0.0,0.0,-0.25,-0.25,-0.25,-0.25,-0.25,-0.25,-0.25,-0.25,0.0,0.0,0.0,0.0,0.0,0.0,0.0,0.0,-0.25,-0.25,-0.25,-0.25,0.0,0.0,0.0,0.0,0.0,2021-2022,133325.0,1843.0,0.0,135168.0
2022-05-14T00:00:00.000,CA,60863.9,54940.33,3481.71,45765.67,42225.24,2310.26,10196.64,6653.98,913.38,6682.34,4617.34,619.62,1258.95,47.71,1306.67,,,138.71,,,,153.74,11.9,165.64,,,7.43,,,,33.0,41.0,74.0,419.0,,,,1523.0,26.0,1597.0,,,,,,,,,,277.0,,,,,,,,,,,75.19,2.15,0.23,,65.53,1.62,0.07,,95.37,4.63,,,,,380,380,380,380,380,372,0,380,372,0,371,380,380,0,0,372,0,0,0,380,380,380,372,0,380,372,0,95.24,95.24,95.24,95.24,95.24,93.23,0.0,95.24,93.23,0.0,92.98,95.24,95.24,0.0,0.0,93.23,0.0,0.0,0.0,95.24,95.24,95.24,93.23,0.0,95.24,93.23,0.0,0.0,0.0,0.0,0.0,0.0,0.0,0.0,0.0,0.0,0.0,0.0,0.0,0.0,0.0,0.0,0.0,0.0,0.0,0.0,0.0,0.0,0.0,0.0,0.0,0.0,0.0,0.0,1.57,0.65,0.88,2.47,,,,5.01,4.11,,,,,,,,,0.71,,,,,,,,,,1,1,1,1,0,0,76.86,66.35,69.39,67.84,2.29,1.37,2.31,1.3,,,,,,,,,12.68,12.21,24.95,5.36,,,,,,-5.71,13.89,-12.94,11.44,,,,13.91,12.31,,,,,,,,,34.47,,,,,,,,,,380,372,380,372,380,371,380,371,0,0,0,0,0,0,0,0,380,380,371,372,0,0,0,0,0,95.24,93.23,95.24,93.23,95.24,92.98,95.24,92.98,0.0,0.0,0.0,0.0,0.0,0.0,0.0,0.0,95.24,95.24,92.98,93.23,0.0,0.0,0.0,0.0,0.0,0.0,0.0,0.0,0.0,0.0,0.0,0.0,0.0,0.0,0.0,0.0,0.0,0.0,0.0,0.0,0.0,0.0,0.0,0.0,0.0,0.0,0.0,0.0,0.0,0.0,2021-2022,134922.0,2120.0,0.0,137042.0
2022-05-21T00:00:00.000,CA,60527.84,54780.55,3515.29,46577.14,42972.93,2346.26,10134.12,6595.12,929.43,6813.28,4696.73,649.4,1585.6,69.21,1654.82,,,209.4,,,,190.41,17.86,208.27,,,18.57,,,,56.0,44.0,107.0,544.0,,,,2128.0,39.0,2235.0,,,,,,,,,,355.0,,,,,,,,,,,76.95,2.73,0.35,,67.23,2.06,0.18,,95.21,4.79,,,,,380,380,380,380,380,372,0,380,372,0,372,380,380,0,0,372,0,0,0,380,380,380,372,0,380,372,0,95.24,95.24,95.24,95.24,95.24,93.23,0.0,95.24,93.23,0.0,93.23,95.24,95.24,0.0,0.0,93.23,0.0,0.0,0.0,95.24,95.24,95.24,93.23,0.0,95.24,93.23,0.0,0.0,0.0,0.0,0.0,0.0,0.0,0.0,0.0,0.0,0.0,0.25,0.0,0.0,0.0,0.0,0.0,0.0,0.0,0.0,0.0,0.0,0.0,0.0,0.0,0.0,0.0,0.0,2.67,0.69,1.27,3.21,,,,7.0,5.76,,,,,,,,,0.91,,,,,,,,,,1,1,1,1,0,0,78.45,66.74,71.22,69.87,2.89,1.97,2.89,1.92,,,,,,,,,12.59,12.01,25.8,8.87,,,,,,69.7,7.32,44.59,29.83,,,,39.72,39.95,,,,,,,,,28.16,,,,,,,,,,380,372,380,372,380,371,380,371,0,0,0,0,0,0,0,0,380,380,371,372,0,0,0,0,0,95.24,93.23,95.24,93.23,95.24,92.98,95.24,92.98,0.0,0.0,0.0,0.0,0.0,0.0,0.0,0.0,95.24,95.24,92.98,93.23,0.0,0.0,0.0,0.0,0.0,0.0,0.0,0.0,0.0,0.0,0.0,0.0,0.0,0.0,0.0,0.0,0.0,0.0,0.0,0.0,0.0,0.0,0.0,0.0,0.0,0.0,0.0,0.0,0.0,0.0,2021-2022,137157.0,2475.0,0.0,139632.0
2022-05-28T00:00:00.000,CA,60521.4,54832.68,3488.86,46697.2,43115.53,2310.6,10087.4,6534.69,928.14,6796.09,4703.16,637.43,1932.16,84.0,2016.16,,,245.88,,,,227.36,20.0,247.36,,,21.86,,,,58.0,65.0,123.0,623.0,,,,2430.0,34.0,2553.0,,,,,,,,,,412.0,,,,,,,,,,,77.16,3.33,0.41,,67.37,2.45,0.22,,95.18,4.82,,,,,380,380,380,380,380,372,0,380,372,0,372,380,380,0,0,372,0,0,0,380,380,380,372,0,380,372,0,95.24,95.24,95.24,95.24,95.24,93.23,0.0,95.24,93.23,0.0,93.23,95.24,95.24,0.0,0.0,93.23,0.0,0.0,0.0,95.24,95.24,95.24,93.23,0.0,95.24,93.23,0.0,0.0,0.0,0.0,0.0,0.0,0.0,0.0,0.0,0.0,0.0,0.0,0.0,0.0,0.0,0.0,0.0,0.0,0.0,0.0,0.0,0.0,0.0,0.0,0.0,0.0,0.0,0.0,2.76,1.02,1.46,3.68,,,,8.0,6.58,,,,,,,,,1.06,,,,,,,,,,1,1,1,1,0,0,78.63,66.23,71.97,68.68,3.52,2.41,3.48,2.15,,,,,,,,,12.27,11.77,23.81,8.89,,,,,,3.57,47.73,14.95,14.52,,,,14.19,14.23,,,,,,,,,16.06,,,,,,,,,,380,372,380,372,380,371,380,371,0,0,0,0,0,0,0,0,380,380,371,372,0,0,0,0,0,95.24,93.23,95.24,93.23,95.24,92.98,95.24,92.98,0.0,0.0,0.0,0.0,0.0,0.0,0.0,0.0,95.24,95.24,92.98,93.23,0.0,0.0,0.0,0.0,0.0,0.0,0.0,0.0,0.0,0.0,0.0,0.0,0.0,0.0,0.0,0.0,0.0,0.0,0.0,0.0,0.0,0.0,0.0,0.0,0.0,0.0,0.0,0.0,0.0,0.0,2021-2022,139710.0,2887.0,0.0,142597.0
2022-06-04T00:00:00.000,CA,60281.47,54573.47,3485.57,46101.17,42538.99,2288.36,10112.55,6600.4,917.0,6709.74,4634.82,612.38,2251.71,94.05,2345.76,,,244.94,,,,255.64,17.74,273.38,,,21.57,,,,63.0,63.0,126.0,689.0,,,,2762.0,42.0,2888.0,,,,,,,,,,432.0,,,,,,,,,,,76.48,3.89,0.41,,66.35,2.7,0.21,,95.64,4.36,,,,,380,380,380,380,380,372,0,380,372,0,372,380,380,0,0,372,0,0,0,380,380,380,372,0,380,372,0,95.24,95.24,95.24,95.24,95.24,93.23,0.0,95.24,93.23,0.0,93.23,95.24,95.24,0.0,0.0,93.23,0.0,0.0,0.0,95.24,95.24,95.24,93.23,0.0,95.24,93.23,0.0,0.0,0.0,0.0,0.0,0.0,0.0,0.0,0.0,0.0,0.0,0.0,0.0,0.0,0.0,0.0,0.0,0.0,0.0,0.0,0.0,0.0,0.0,0.0,0.0,0.0,0.0,0.0,3.0,0.99,1.49,4.07,,,,9.09,7.44,,,,,,,,,1.11,,,,,,,,,,1,1,1,1,0,0,77.95,65.65,70.22,66.78,4.13,2.7,3.87,1.93,,,,,,,,,11.65,11.35,18.86,8.81,,,,,,8.62,-3.08,2.44,10.59,,,,13.66,13.12,,,,,,,,,4.85,,,,,,,,,,380,372,380,372,380,371,380,371,0,0,0,0,0,0,0,0,380,380,371,372,0,0,0,0,0,95.24,93.23,95.24,93.23,95.24,92.98,95.24,92.98,0.0,0.0,0.0,0.0,0.0,0.0,0.0,0.0,95.24,95.24,92.98,93.23,0.0,0.0,0.0,0.0,0.0,0.0,0.0,0.0,0.0,0.0,0.0,0.0,0.0,0.0,0.0,0.0,0.0,0.0,0.0,0.0,0.0,0.0,0.0,0.0,0.0,0.0,0.0,0.0,0.0,0.0,2021-2022,142598.0,3319.0,0.0,145917.0
2022-06-11T00:00:00.000,CA,60472.53,54748.77,3521.62,46637.26,43028.41,2328.9,10152.12,6634.33,930.43,6774.58,4678.92,622.57,2526.03,97.71,2623.75,,,243.3,,,,270.13,24.57,294.7,,,21.71,,,,82.0,62.0,144.0,843.0,,,,3198.0,36.0,3342.0,,,,,,,,,,391.0,,,,,,,,,,,77.12,4.34,0.4,,66.73,2.9,0.21,,95.69,4.31,,,,,380,380,380,380,380,372,0,380,372,0,372,380,380,0,0,372,0,0,0,380,380,380,372,0,380,372,0,95.24,95.24,95.24,95.24,95.24,93.23,0.0,95.24,93.23,0.0,93.23,95.24,95.24,0.0,0.0,93.23,0.0,0.0,0.0,95.24,95.24,95.24,93.23,0.0,95.24,93.23,0.0,0.0,0.0,0.0,0.0,0.0,0.0,0.0,0.0,0.0,0.0,0.0,0.0,0.0,0.0,0.0,0.0,0.0,0.0,0.0,0.0,0.0,0.0,0.0,0.0,0.0,0.0,0.0,3.91,0.98,1.71,4.97,,,,10.53,8.61,,,,,,,,,1.01,,,,,,,,,,1,1,1,1,0,0,78.59,66.13,70.53,66.91,4.61,2.77,4.07,2.64,,,,,,,,,11.23,10.69,25.15,8.92,,,,,,30.16,-1.59,14.29,22.35,,,,15.79,15.72,,,,,,,,,-9.49,,,,,,,,,,380,372,380,372,380,371,380,371,0,0,0,0,0,0,0,0,380,380,371,372,0,0,0,0,0,95.24,93.23,95.24,93.23,95.24,92.98,95.24,92.98,0.0,0.0,0.0,0.0,0.0,0.0,0.0,0.0,95.24,95.24,92.98,93.23,0.0,0.0,0.0,0.0,0.0,0.0,0.0,0.0,0.0,0.0,0.0,0.0,0.0,0.0,0.0,0.0,0.0,0.0,0.0,0.0,0.0,0.0,0.0,0.0,0.0,0.0,0.0,0.0,0.0,0.0,2021-2022,145940.0,3710.0,0.0,149650.0
2022-06-18T00:00:00.000,CA,60619.22,54777.48,3525.86,46280.37,42746.11,2298.88,10118.47,6632.4,915.07,6728.64,4660.71,602.81,2687.12,107.29,2794.41,,,202.66,,,,286.38,27.83,314.21,,,16.0,,,,79.0,74.0,153.0,920.0,,,,3226.0,22.0,3379.0,,,,,,,,,,305.0,,,,,,,,,,,76.35,4.61,0.33,,66.5,3.11,0.16,,95.47,4.53,,,,,380,380,380,380,380,372,0,380,372,0,372,380,380,0,0,372,0,0,0,380,380,380,372,0,380,372,0,95.24,95.24,95.24,95.24,95.24,93.23,0.0,95.24,93.23,0.0,93.23,95.24,95.24,0.0,0.0,93.23,0.0,0.0,0.0,95.24,95.24,95.24,93.23,0.0,95.24,93.23,0.0,0.0,0.0,0.0,0.0,0.0,0.0,0.0,0.0,0.0,0.0,0.0,0.0,0.0,0.0,0.0,0.0,0.0,0.0,0.0,0.0,0.0,0.0,0.0,0.0,0.0,0.0,0.0,3.77,1.17,1.81,5.43,,,,10.62,8.7,,,,,,,,,0.79,,,,,,,,,,1,1,1,1,0,0,78.04,65.2,70.27,65.88,4.91,3.04,4.32,3.04,,,,,,,,,11.24,10.66,25.94,7.9,,,,,,-3.66,19.35,6.25,9.13,,,,0.88,1.11,,,,,,,,,-21.99,,,,,,,,,,380,372,380,372,380,371,380,371,0,0,0,0,0,0,0,0,380,380,371,372,0,0,0,0,0,95.24,93.23,95.24,93.23,95.24,92.98,95.24,92.98,0.0,0.0,0.0,0.0,0.0,0.0,0.0,0.0,95.24,95.24,92.98,93.23,0.0,0.0,0.0,0.0,0.0,0.0,0.0,0.0,0.0,0.0,0.0,0.0,0.0,0.0,0.0,0.0,0.0,0.0,0.0,0.0,0.0,0.0,0.0,0.0,0.0,0.0,0.0,0.0,0.0,0.0,2021-2022,149319.0,4015.0,0.0,153334.0
2022-06-25T00:00:00.000,CA,60113.23,54385.51,3503.86,46065.2,42539.11,2226.57,10098.54,6545.4,915.57,6664.05,4574.54,608.86,2886.49,131.0,3017.49,,,170.37,,,,304.14,24.86,329.0,,,17.57,,,,105.0,86.0,191.0,977.0,,,,3650.0,15.0,3841.0,,,,,,,,,,238.0,,,,,,,,,,,76.63,5.02,0.28,,65.99,3.26,0.17,,95.03,4.97,,,,,377,377,377,377,377,369,0,377,369,0,369,377,377,0,0,369,0,0,0,377,377,377,369,0,377,369,0,94.49,94.49,94.49,94.49,94.49,92.48,0.0,94.49,92.48,0.0,92.48,94.49,94.49,0.0,0.0,92.48,0.0,0.0,0.0,94.49,94.49,94.49,92.48,0.0,94.49,92.48,0.0,-0.75,-0.75,-0.75,-0.75,-0.75,-0.75,0.0,-0.75,-0.75,0.0,-0.75,-0.75,-0.75,0.0,0.0,-0.75,0.0,0.0,0.0,-0.75,-0.75,-0.75,-0.75,0.0,-0.75,-0.75,0.0,5.01,1.35,2.26,5.76,,,,12.01,9.89,,,,,,,,,0.61,,,,,,,,,,1,1,1,1,0,0,78.22,63.55,69.89,66.5,5.31,3.74,4.65,2.71,,,,,,,,,10.9,10.54,18.97,10.31,,,,,,32.91,16.22,24.84,6.2,,,,13.14,13.67,,,,,,,,,-21.97,,,,,,,,,,377,369,377,369,377,368,377,368,0,0,0,0,0,0,0,0,377,377,368,369,0,0,0,0,0,94.49,92.48,94.49,92.48,94.49,92.23,94.49,92.23,0.0,0.0,0.0,0.0,0.0,0.0,0.0,0.0,94.49,94.49,92.23,92.48,0.0,0.0,0.0,0.0,0.0,-0.75,-0.75,-0.75,-0.75,-0.75,-0.75,-0.75,-0.75,0.0,0.0,0.0,0.0,0.0,0.0,0.0,0.0,-0.75,-0.75,-0.75,-0.75,0.0,0.0,0.0,0.0,0.0,2021-2022,153160.0,4253.0,0.0,157413.0
2022-07-02T00:00:00.000,CA,60310.89,54570.04,3518.14,46595.56,43007.22,2285.14,10305.92,6739.63,944.86,6848.41,4721.34,644.14,3291.19,140.86,3432.04,,,145.55,,,,342.97,36.71,379.69,,,19.0,,,,114.0,93.0,207.0,1057.0,,,,4118.0,11.0,4325.0,,,,,,,,,,193.0,,,,,,,,,,,77.26,5.69,0.24,,66.45,3.68,0.18,,95.21,4.79,,,,,377,377,377,377,377,369,0,377,369,0,369,377,377,0,0,369,0,0,0,377,377,377,369,0,377,369,0,94.49,94.49,94.49,94.49,94.49,92.48,0.0,94.49,92.48,0.0,92.48,94.49,94.49,0.0,0.0,92.48,0.0,0.0,0.0,94.49,94.49,94.49,92.48,0.0,94.49,92.48,0.0,0.0,0.0,0.0,0.0,0.0,0.0,0.0,0.0,0.0,0.0,0.0,0.0,0.0,0.0,0.0,0.0,0.0,0.0,0.0,0.0,0.0,0.0,0.0,0.0,0.0,0.0,0.0,5.43,1.47,2.45,6.24,,,,13.55,11.14,,,,,,,,,0.5,,,,,,,,,,1,1,1,1,0,0,78.81,64.95,70.05,68.17,6.03,4.0,5.09,3.89,,,,,,,,,11.06,10.42,26.06,13.05,,,,,,8.57,8.14,8.38,8.19,,,,12.82,12.6,,,,,,,,,-18.91,,,,,,,,,,377,369,377,369,377,368,377,368,0,0,0,0,0,0,0,0,377,377,368,369,0,0,0,0,0,94.49,92.48,94.49,92.48,94.49,92.23,94.49,92.23,0.0,0.0,0.0,0.0,0.0,0.0,0.0,0.0,94.49,94.49,92.23,92.48,0.0,0.0,0.0,0.0,0.0,0.0,0.0,0.0,0.0,0.0,0.0,0.0,0.0,0.0,0.0,0.0,0.0,0.0,0.0,0.0,0.0,0.0,0.0,0.0,0.0,0.0,0.0,0.0,0.0,0.0,2021-2022,157485.0,4446.0,0.0,161931.0
2022-07-09T00:00:00.000,CA,60442.8,54719.23,3471.86,46281.59,42775.52,2186.43,10242.9,6653.62,936.43,6870.45,4702.88,631.43,3790.81,141.29,3932.09,,,110.7,,,,421.73,38.17,459.89,,,15.57,,,,95.0,71.0,167.0,1112.0,,,,4424.0,18.0,4591.0,,,,,,,,,,115.0,,,,,,,,,,,76.57,6.51,0.18,,67.08,4.49,0.15,,96.36,3.64,,,,,381,381,381,381,381,373,0,381,373,0,373,381,381,0,0,373,0,0,0,381,381,381,373,0,381,373,0,95.49,95.49,95.49,95.49,95.49,93.48,0.0,95.49,93.48,0.0,93.48,95.49,95.49,0.0,0.0,93.48,0.0,0.0,0.0,95.49,95.49,95.49,93.48,0.0,95.49,93.48,0.0,1.0,1.0,1.0,1.0,1.0,1.0,0.0,1.0,1.0,0.0,1.0,1.0,1.0,0.0,0.0,1.0,0.0,0.0,0.0,1.0,1.0,1.0,1.0,0.0,1.0,1.0,0.0,4.53,1.12,1.98,6.56,,,,14.56,11.82,,,,,,,,,0.3,,,,,,,,,,1,1,1,1,0,0,78.17,62.98,70.68,67.43,6.93,4.07,6.34,4.08,,,,,,,,,11.7,11.12,27.01,14.07,,,,,,-16.67,-23.66,-19.32,5.2,,,,7.43,6.15,,,,,,,,,-40.41,,,,,,,,,,381,373,381,373,381,372,381,372,0,0,0,0,0,0,0,0,381,381,372,373,0,0,0,0,0,95.49,93.48,95.49,93.48,95.49,93.23,95.49,93.23,0.0,0.0,0.0,0.0,0.0,0.0,0.0,0.0,95.49,95.49,93.23,93.48,0.0,0.0,0.0,0.0,0.0,1.0,1.0,1.0,1.0,1.0,1.0,1.0,1.0,0.0,0.0,0.0,0.0,0.0,0.0,0.0,0.0,1.0,1.0,1.0,1.0,0.0,0.0,0.0,0.0,0.0,2021-2022,162076.0,4561.0,0.0,166637.0
2022-07-16T00:00:00.000,CA,61222.76,55379.52,3535.29,47560.56,43990.56,2255.0,10263.12,6657.55,950.57,7012.18,4802.74,647.55,4236.41,177.55,4413.96,,,73.31,,,,467.74,42.02,509.76,,,11.71,,,,117.0,92.0,209.0,1261.0,,,,4916.0,19.0,5125.0,,,,,,,,,,99.0,,,,,,,,,,,77.68,7.21,0.12,,68.32,4.97,0.11,,95.92,4.08,,,,,381,381,381,381,381,373,0,381,373,0,373,381,381,0,0,373,0,0,0,381,381,381,373,0,381,373,0,95.49,95.49,95.49,95.49,95.49,93.48,0.0,95.49,93.48,0.0,93.48,95.49,95.49,0.0,0.0,93.48,0.0,0.0,0.0,95.49,95.49,95.49,93.48,0.0,95.49,93.48,0.0,0.0,0.0,0.0,0.0,0.0,0.0,0.0,0.0,0.0,0.0,0.0,0.0,0.0,0.0,0.0,0.0,0.0,0.0,0.0,0.0,0.0,0.0,0.0,0.0,0.0,0.0,0.0,5.58,1.45,2.47,7.44,,,,16.18,13.2,,,,,,,,,0.25,,,,,,,,,,1,1,1,1,0,0,79.43,63.79,72.14,68.12,7.65,5.02,7.03,4.42,,,,,,,,,11.55,11.04,23.67,15.98,,,,,,23.16,29.58,25.15,13.4,,,,11.12,11.63,,,,,,,,,-13.91,,,,,,,,,,381,373,381,373,381,372,381,372,0,0,0,0,0,0,0,0,381,381,372,373,0,0,0,0,0,95.49,93.48,95.49,93.48,95.49,93.23,95.49,93.23,0.0,0.0,0.0,0.0,0.0,0.0,0.0,0.0,95.49,95.49,93.23,93.48,0.0,0.0,0.0,0.0,0.0,0.0,0.0,0.0,0.0,0.0,0.0,0.0,0.0,0.0,0.0,0.0,0.0,0.0,0.0,0.0,0.0,0.0,0.0,0.0,0.0,0.0,0.0,0.0,0.0,0.0,2021-2022,167201.0,4660.0,0.0,171861.0
2022-07-23T00:00:00.000,CA,61348.88,55244.26,3625.98,47346.36,43734.79,2279.98,10231.24,6688.31,950.14,6954.03,4740.0,630.05,4570.99,170.74,4741.73,,,54.05,,,,511.59,47.74,559.32,,,13.14,,,,119.0,95.0,223.0,1247.0,,,,5067.0,65.0,5290.0,,,,,,,,,,61.0,,,,,,,,,,,77.18,7.73,0.09,,67.97,5.47,0.13,,95.78,4.22,,,,,381,381,381,381,381,373,0,381,373,0,373,381,381,0,0,373,0,0,0,381,381,381,373,0,381,373,0,95.49,95.49,95.49,95.49,95.49,93.48,0.0,95.49,93.48,0.0,93.48,95.49,95.49,0.0,0.0,93.48,0.0,0.0,0.0,95.49,95.49,95.49,93.48,0.0,95.49,93.48,0.0,0.0,0.0,0.0,0.0,0.0,0.0,0.0,0.0,0.0,0.0,0.0,0.0,0.0,0.0,0.0,0.0,0.0,0.0,0.0,0.0,0.0,0.0,0.0,0.0,0.0,0.0,0.0,5.67,1.5,2.64,7.36,,,,16.68,13.62,,,,,,,,,0.16,,,,,,,,,,1,1,1,1,0,0,79.17,62.88,70.87,66.31,8.27,4.71,7.65,5.02,,,,,,,,,11.8,11.19,27.96,24.32,,,,,,1.71,3.26,6.7,-1.11,,,,3.07,3.22,,,,,,,,,-38.38,,,,,,,,,,381,373,381,373,381,372,381,372,0,0,0,0,0,0,0,0,381,381,372,373,0,0,0,0,0,95.49,93.48,95.49,93.48,95.49,93.23,95.49,93.23,0.0,0.0,0.0,0.0,0.0,0.0,0.0,0.0,95.49,95.49,93.23,93.48,0.0,0.0,0.0,0.0,0.0,0.0,0.0,0.0,0.0,0.0,0.0,0.0,0.0,0.0,0.0,0.0,0.0,0.0,0.0,0.0,0.0,0.0,0.0,0.0,0.0,0.0,0.0,0.0,0.0,0.0,2021-2022,172491.0,4721.0,0.0,177212.0
2022-07-30T00:00:00.000,CA,61506.58,55166.58,3624.29,47272.83,43682.25,2263.14,10262.57,6675.57,959.43,7013.8,4790.23,633.0,4587.27,160.43,4747.7,,,39.43,,,,517.89,36.14,554.04,,,12.43,,,,115.0,102.0,224.0,1186.0,,,,4627.0,35.0,4851.0,,,,,,,,,,47.0,,,,,,,,,,,76.86,7.72,0.06,,68.34,5.4,0.12,,95.38,4.62,,,,,380,380,380,380,380,372,0,380,372,0,372,380,380,0,0,372,0,0,0,380,380,380,372,0,380,372,0,95.24,95.24,95.24,95.24,95.24,93.23,0.0,95.24,93.23,0.0,93.23,95.24,95.24,0.0,0.0,93.23,0.0,0.0,0.0,95.24,95.24,95.24,93.23,0.0,95.24,93.23,0.0,-0.25,-0.25,-0.25,-0.25,-0.25,-0.25,0.0,-0.25,-0.25,0.0,-0.25,-0.25,-0.25,0.0,0.0,-0.25,0.0,0.0,0.0,-0.25,-0.25,-0.25,-0.25,0.0,-0.25,-0.25,0.0,5.48,1.61,2.65,7.0,,,,15.23,12.49,,,,,,,,,0.12,,,,,,,,,,1,1,1,1,0,0,79.18,62.44,71.76,65.98,8.32,4.43,7.76,3.77,,,,,,,,,11.67,11.29,22.53,31.52,,,,,,-3.36,7.37,0.45,-4.89,,,,-8.68,-8.3,,,,,,,,,-22.95,,,,,,,,,,380,372,380,372,380,371,380,371,0,0,0,0,0,0,0,0,380,380,371,372,0,0,0,0,0,95.24,93.23,95.24,93.23,95.24,92.98,95.24,92.98,0.0,0.0,0.0,0.0,0.0,0.0,0.0,0.0,95.24,95.24,92.98,93.23,0.0,0.0,0.0,0.0,0.0,-0.25,-0.25,-0.25,-0.25,-0.25,-0.25,-0.25,-0.25,0.0,0.0,0.0,0.0,0.0,0.0,0.0,0.0,-0.25,-0.25,-0.25,-0.25,0.0,0.0,0.0,0.0,0.0,2021-2022,177342.0,4768.0,0.0,182110.0
2022-08-06T00:00:00.000,CA,61477.77,55759.77,3509.43,47142.37,43572.83,2169.37,10231.36,6641.79,957.14,6990.01,4748.03,615.24,4361.58,148.06,4509.64,,,33.29,,,,494.35,39.79,534.13,,,6.43,,,,103.0,84.0,189.0,1144.0,,,,4472.0,14.0,4661.0,,,,,,,,,,38.0,,,,,,,,,,,76.68,7.34,0.05,,68.32,5.22,0.06,,95.95,4.05,,,,,383,383,383,383,383,374,0,383,374,0,375,383,383,0,0,374,0,0,0,383,383,383,374,0,383,374,0,95.99,95.99,95.99,95.99,95.99,93.73,0.0,95.99,93.73,0.0,93.98,95.99,95.99,0.0,0.0,93.73,0.0,0.0,0.0,95.99,95.99,95.99,93.73,0.0,95.99,93.73,0.0,0.75,0.75,0.75,0.75,0.75,0.5,0.0,0.75,0.5,0.0,0.75,0.75,0.75,0.0,0.0,0.5,0.0,0.0,0.0,0.75,0.75,0.75,0.5,0.0,0.75,0.5,0.0,4.91,1.32,2.24,6.75,,,,14.72,12.0,,,,,,,,,0.1,,,,,,,,,,1,1,1,1,0,0,78.14,61.82,71.49,64.28,7.82,4.22,7.44,4.16,,,,,,,,,11.84,11.33,26.87,19.31,,,,,,-10.43,-17.65,-15.63,-3.54,,,,-3.35,-3.92,,,,,,,,,-19.15,,,,,,,,,,383,375,383,375,383,374,383,374,0,0,0,0,0,0,0,0,383,383,374,374,0,0,0,0,0,95.99,93.98,95.99,93.98,95.99,93.73,95.99,93.73,0.0,0.0,0.0,0.0,0.0,0.0,0.0,0.0,95.99,95.99,93.73,93.73,0.0,0.0,0.0,0.0,0.0,0.75,0.75,0.75,0.75,0.75,0.75,0.75,0.75,0.0,0.0,0.0,0.0,0.0,0.0,0.0,0.0,0.75,0.75,0.75,0.5,0.0,0.0,0.0,0.0,0.0,2021-2022,182003.0,4806.0,0.0,186809.0
2022-08-13T00:00:00.000,CA,60934.12,55169.55,3544.14,47199.1,43548.63,2230.2,10221.64,6626.36,958.43,6991.41,4740.64,619.11,3899.84,146.0,4045.84,,,29.4,,,,449.38,30.14,479.52,,,4.71,,,,100.0,90.0,191.0,1146.0,,,,4051.0,12.0,4242.0,,,,,,,,,,39.0,,,,,,,,,,,77.46,6.64,0.05,,68.4,4.69,0.05,,95.5,4.5,,,,,381,381,381,381,381,373,0,381,373,0,373,381,381,0,0,373,0,0,0,381,381,381,373,0,381,373,0,95.49,95.49,95.49,95.49,95.49,93.48,0.0,95.49,93.48,0.0,93.48,95.49,95.49,0.0,0.0,93.48,0.0,0.0,0.0,95.49,95.49,95.49,93.48,0.0,95.49,93.48,0.0,-0.5,-0.5,-0.5,-0.5,-0.5,-0.25,0.0,-0.5,-0.25,0.0,-0.5,-0.5,-0.5,0.0,0.0,-0.25,0.0,0.0,0.0,-0.5,-0.5,-0.5,-0.25,0.0,-0.5,-0.25,0.0,4.77,1.42,2.26,6.76,,,,13.33,10.93,,,,,,,,,0.1,,,,,,,,,,1,1,1,1,0,0,78.94,62.93,71.54,64.6,7.07,4.12,6.78,3.15,,,,,,,,,11.85,11.52,20.65,16.03,,,,,,-2.91,7.14,1.06,0.17,,,,-9.41,-8.99,,,,,,,,,2.63,,,,,,,,,,381,373,381,373,381,372,381,372,0,0,0,0,0,0,0,0,381,381,372,373,0,0,0,0,0,95.49,93.48,95.49,93.48,95.49,93.23,95.49,93.23,0.0,0.0,0.0,0.0,0.0,0.0,0.0,0.0,95.49,95.49,93.23,93.48,0.0,0.0,0.0,0.0,0.0,-0.5,-0.5,-0.5,-0.5,-0.5,-0.5,-0.5,-0.5,0.0,0.0,0.0,0.0,0.0,0.0,0.0,0.0,-0.5,-0.5,-0.5,-0.25,0.0,0.0,0.0,0.0,0.0,2021-2022,186245.0,4845.0,0.0,191090.0
2022-08-20T00:00:00.000,CA,61364.39,55341.82,3600.57,47254.54,43591.23,2301.69,10258.29,6675.55,964.17,6971.66,4716.17,640.52,3536.94,137.12,3674.06,,,23.64,,,,416.08,41.52,457.6,,,4.43,,,,89.0,92.0,181.0,1153.0,,,,3935.0,15.0,4116.0,,,,,,,,,,35.0,,,,,,,,,,,77.01,5.99,0.04,,67.96,4.46,0.04,,95.6,4.4,,,,,382,382,382,382,382,373,0,382,373,0,374,382,382,0,0,373,0,0,0,382,382,382,373,0,382,373,0,95.74,95.74,95.74,95.74,95.74,93.48,0.0,95.74,93.48,0.0,93.73,95.74,95.74,0.0,0.0,93.48,0.0,0.0,0.0,95.74,95.74,95.74,93.48,0.0,95.74,93.48,0.0,0.25,0.25,0.25,0.25,0.25,0.0,0.0,0.25,0.0,0.0,0.25,0.25,0.25,0.0,0.0,0.0,0.0,0.0,0.0,0.25,0.25,0.25,0.0,0.0,0.25,0.0,0.0,4.24,1.45,2.14,6.8,,,,12.95,10.6,,,,,,,,,0.09,,,,,,,,,,1,1,1,1,0,0,78.77,63.93,70.65,66.43,6.39,3.81,6.23,4.31,,,,,,,,,12.45,11.76,30.28,18.73,,,,,,-11.0,2.22,-5.24,0.61,,,,-2.86,-2.97,,,,,,,,,-10.26,,,,,,,,,,382,374,382,374,382,373,382,373,0,0,0,0,0,0,0,0,382,382,373,373,0,0,0,0,0,95.74,93.73,95.74,93.73,95.74,93.48,95.74,93.48,0.0,0.0,0.0,0.0,0.0,0.0,0.0,0.0,95.74,95.74,93.48,93.48,0.0,0.0,0.0,0.0,0.0,0.25,0.25,0.25,0.25,0.25,0.25,0.25,0.25,0.0,0.0,0.0,0.0,0.0,0.0,0.0,0.0,0.25,0.25,0.25,0.0,0.0,0.0,0.0,0.0,0.0,2021-2022,190361.0,4880.0,0.0,195241.0
2022-08-27T00:00:00.000,CA,58798.25,55051.69,3812.69,45984.97,43596.29,2327.93,10023.49,6766.73,981.04,6835.54,4767.57,675.02,3262.46,138.41,3400.87,,,21.0,,,,378.3,41.83,420.13,,,5.29,,,,83.0,101.0,182.0,1150.0,,,,3849.0,10.0,4031.0,,,,,,,,,,29.0,,,,,,,,,,,78.21,5.78,0.04,,68.2,4.19,0.05,,95.48,4.52,,,,,383,383,383,383,381,373,0,381,373,0,375,383,383,0,0,373,0,0,0,383,383,381,373,0,381,373,0,95.99,95.99,95.99,95.99,95.49,93.48,0.0,95.49,93.48,0.0,93.98,95.99,95.99,0.0,0.0,93.48,0.0,0.0,0.0,95.99,95.99,95.49,93.48,0.0,95.49,93.48,0.0,0.25,0.25,0.25,0.25,-0.25,0.0,0.0,-0.25,0.0,0.0,0.25,0.25,0.25,0.0,0.0,0.0,0.0,0.0,0.0,0.25,0.25,-0.25,0.0,0.0,-0.25,0.0,0.0,3.96,1.59,2.15,6.79,,,,12.67,10.38,,,,,,,,,0.07,,,,,,,,,,1,1,1,1,0,0,79.19,61.06,70.46,68.81,5.93,3.63,5.59,4.26,,,,,,,,,12.35,11.6,30.22,25.17,,,,,,-6.74,9.78,0.55,-0.26,,,,-2.19,-2.07,,,,,,,,,-17.14,,,,,,,,,,381,375,381,373,381,372,381,372,0,0,0,0,0,0,0,0,381,381,372,373,0,0,0,0,0,95.49,93.98,95.49,93.48,95.49,93.23,95.49,93.23,0.0,0.0,0.0,0.0,0.0,0.0,0.0,0.0,95.49,95.49,93.23,93.48,0.0,0.0,0.0,0.0,0.0,-0.25,0.25,-0.25,-0.25,-0.25,-0.25,-0.25,-0.25,0.0,0.0,0.0,0.0,0.0,0.0,0.0,0.0,-0.25,-0.25,-0.25,0.0,0.0,0.0,0.0,0.0,0.0,2021-2022,194392.0,4909.0,0.0,199301.0
2022-09-03T00:00:00.000,CA,60485.29,55731.26,3579.57,46515.88,43517.9,2452.48,10044.14,6602.35,979.38,6878.07,4679.71,712.9,3003.78,118.86,3122.64,,,30.02,,,,352.93,32.05,384.98,,,4.0,,,,59.0,72.0,144.0,883.0,,,,3321.0,36.0,3465.0,,,,,,,,,,33.0,,,,,,,,,,,76.9,5.16,0.05,,68.48,3.83,0.04,,95.84,4.16,,,,,385,385,385,385,383,370,0,380,370,0,377,385,385,0,0,370,0,0,0,385,385,383,370,0,380,370,0,96.49,96.49,96.49,96.49,95.99,92.73,0.0,95.24,92.73,0.0,94.49,96.49,96.49,0.0,0.0,92.73,0.0,0.0,0.0,96.49,96.49,95.99,92.73,0.0,95.24,92.73,0.0,0.5,0.5,0.5,0.5,0.5,-0.75,0.0,-0.25,-0.75,0.0,0.5,0.5,0.5,0.0,0.0,-0.75,0.0,0.0,0.0,0.5,0.5,0.5,-0.75,0.0,-0.25,-0.75,0.0,2.81,1.13,1.71,5.21,,,,10.93,8.92,,,,,,,,,0.08,,,,,,,,,,1,1,1,1,0,0,78.09,68.51,70.88,72.79,5.39,3.32,5.35,3.27,,,,,,,,,12.33,11.75,26.96,13.32,,,,,,-28.92,-28.71,-20.88,-23.22,,,,-13.72,-14.04,,,,,,,,,13.79,,,,,,,,,,382,377,383,370,382,371,380,370,0,0,0,0,0,0,0,0,380,380,370,370,0,0,0,0,0,95.74,94.49,95.99,92.73,95.74,92.98,95.24,92.73,0.0,0.0,0.0,0.0,0.0,0.0,0.0,0.0,95.24,95.24,92.73,92.73,0.0,0.0,0.0,0.0,0.0,0.25,0.5,0.5,-0.75,0.25,-0.25,-0.25,-0.5,0.0,0.0,0.0,0.0,0.0,0.0,0.0,0.0,-0.25,-0.25,-0.5,-0.75,0.0,0.0,0.0,0.0,0.0,2021-2022,197857.0,4942.0,0.0,202799.0
2022-09-10T00:00:00.000,CA,60271.0,54697.64,3612.0,47180.86,43569.02,2451.0,10230.86,6667.93,987.86,6997.57,4737.05,719.29,2801.43,113.81,2915.24,,,50.14,,,,351.86,47.0,398.86,,,1.45,,,,56.0,71.0,127.0,784.0,,,,3143.0,9.0,3270.0,,,,,,,,,,36.0,,,,,,,,,,,78.28,4.84,0.08,,68.4,3.9,0.01,,96.12,3.88,,,,,385,385,385,385,383,370,0,380,370,0,377,385,385,0,0,370,0,0,0,385,385,383,370,0,380,370,0,96.49,96.49,96.49,96.49,95.99,92.73,0.0,95.24,92.73,0.0,94.49,96.49,96.49,0.0,0.0,92.73,0.0,0.0,0.0,96.49,96.49,95.99,92.73,0.0,95.24,92.73,0.0,0.0,0.0,0.0,0.0,0.0,0.0,0.0,0.0,0.0,0.0,0.0,0.0,0.0,0.0,0.0,0.0,0.0,0.0,0.0,0.0,0.0,0.0,0.0,0.0,0.0,0.0,0.0,2.67,1.12,1.5,4.63,,,,10.34,8.42,,,,,,,,,0.09,,,,,,,,,,1,1,1,1,0,0,79.65,67.86,71.04,72.81,5.12,3.15,5.28,4.76,,,,,,,,,13.68,12.56,41.3,2.9,,,,,,-5.08,-1.39,-11.81,-11.21,,,,-5.36,-5.63,,,,,,,,,9.09,,,,,,,,,,383,377,383,370,383,372,380,370,0,0,0,0,0,0,0,0,380,380,371,370,0,0,0,0,0,95.99,94.49,95.99,92.73,95.99,93.23,95.24,92.73,0.0,0.0,0.0,0.0,0.0,0.0,0.0,0.0,95.24,95.24,92.98,92.73,0.0,0.0,0.0,0.0,0.0,0.25,0.0,0.0,0.0,0.25,0.25,0.0,0.0,0.0,0.0,0.0,0.0,0.0,0.0,0.0,0.0,0.0,0.0,0.25,0.0,0.0,0.0,0.0,0.0,0.0,2021-2022,201127.0,4978.0,0.0,206105.0
2022-09-17T00:00:00.000,CA,60796.29,55140.61,3724.14,48097.02,44383.65,2516.86,10252.86,6683.29,988.57,7086.83,4794.86,726.71,2504.4,98.57,2602.98,,,40.86,,,,311.96,28.71,340.68,,,3.57,,,,38.0,51.0,89.0,732.0,,,,2888.0,5.0,2977.0,,,,,,,,,,21.0,,,,,,,,,,,79.11,4.28,0.07,,69.12,3.32,0.03,,97.01,2.99,,,,,385,385,385,385,383,371,0,380,371,0,377,385,385,0,0,371,0,0,0,385,385,383,371,0,380,371,0,96.49,96.49,96.49,96.49,95.99,92.98,0.0,95.24,92.98,0.0,94.49,96.49,96.49,0.0,0.0,92.98,0.0,0.0,0.0,96.49,96.49,95.99,92.98,0.0,95.24,92.98,0.0,0.0,0.0,0.0,0.0,0.0,0.25,0.0,0.0,0.25,0.0,0.0,0.0,0.0,0.0,0.0,0.25,0.0,0.0,0.0,0.0,0.0,0.0,0.25,0.0,0.0,0.25,0.0,1.81,0.8,1.05,4.32,,,,9.51,7.67,,,,,,,,,0.05,,,,,,,,,,1,1,1,1,0,0,80.49,67.58,71.74,73.51,4.54,2.65,4.67,2.9,,,,,,,,,13.09,12.46,29.13,8.74,,,,,,-32.14,-28.17,-29.92,-6.63,,,,-8.11,-8.96,,,,,,,,,-41.67,,,,,,,,,,382,377,383,372,382,373,380,372,0,0,0,0,0,0,0,0,380,380,372,371,0,0,0,0,0,95.74,94.49,95.99,93.23,95.74,93.48,95.24,93.23,0.0,0.0,0.0,0.0,0.0,0.0,0.0,0.0,95.24,95.24,93.23,92.98,0.0,0.0,0.0,0.0,0.0,-0.25,0.0,0.0,0.5,-0.25,0.25,0.0,0.5,0.0,0.0,0.0,0.0,0.0,0.0,0.0,0.0,0.0,0.0,0.25,0.25,0.0,0.0,0.0,0.0,0.0,2021-2022,204104.0,4999.0,0.0,209103.0
2022-09-24T00:00:00.000,CA,60771.57,55228.9,3710.43,47530.86,43889.45,2497.43,10150.57,6607.95,989.57,6955.86,4682.81,741.14,2100.57,73.14,2173.71,,,27.43,,,,262.14,18.0,280.14,,,4.57,,,,44.0,30.0,74.0,571.0,,,,2257.0,5.0,2331.0,,,,,,,,,,35.0,,,,,,,,,,,78.21,3.58,0.05,,68.53,2.76,0.05,,96.83,3.17,,,,,385,385,385,385,383,372,0,381,372,0,377,385,385,0,0,372,0,0,0,385,385,383,372,0,381,372,0,96.49,96.49,96.49,96.49,95.99,93.23,0.0,95.49,93.23,0.0,94.49,96.49,96.49,0.0,0.0,93.23,0.0,0.0,0.0,96.49,96.49,95.99,93.23,0.0,95.49,93.23,0.0,0.0,0.0,0.0,0.0,0.0,0.25,0.0,0.25,0.25,0.0,0.0,0.0,0.0,0.0,0.0,0.25,0.0,0.0,0.0,0.0,0.0,0.0,0.25,0.0,0.25,0.25,0.0,2.1,0.47,0.88,3.37,,,,7.43,6.0,,,,,,,,,0.09,,,,,,,,,,1,1,1,1,0,0,79.47,67.31,70.87,74.9,3.8,1.97,3.97,1.82,,,,,,,,,12.89,12.48,24.61,16.67,,,,,,15.79,-41.18,-16.85,-21.99,,,,-21.85,-21.7,,,,,,,,,66.67,,,,,,,,,,383,377,383,373,383,373,381,373,0,0,0,0,0,0,0,0,381,381,373,372,0,0,0,0,0,95.99,94.49,95.99,93.48,95.99,93.48,95.49,93.48,0.0,0.0,0.0,0.0,0.0,0.0,0.0,0.0,95.49,95.49,93.48,93.23,0.0,0.0,0.0,0.0,0.0,0.25,0.0,0.0,0.25,0.25,0.0,0.25,0.25,0.0,0.0,0.0,0.0,0.0,0.0,0.0,0.0,0.25,0.25,0.25,0.25,0.0,0.0,0.0,0.0,0.0,2021-2022,206435.0,5034.0,0.0,211469.0
2022-10-01T00:00:00.000,CA,61264.71,55506.38,3721.14,47180.93,43472.99,2488.57,10184.86,6624.54,1008.0,6885.71,4640.79,734.14,1926.82,60.14,1986.96,,,38.86,,,,233.0,14.14,247.14,,,6.86,,,,34.0,30.0,64.0,549.0,,,,2138.0,6.0,2202.0,,,,,,,,,,68.0,,,,,,,,,,,77.01,3.24,0.06,,67.61,2.43,0.07,,97.09,2.91,,,,,385,385,385,385,385,376,0,384,376,0,377,385,385,0,0,376,0,0,0,385,385,385,376,0,384,376,0,96.49,96.49,96.49,96.49,96.49,94.24,0.0,96.24,94.24,0.0,94.49,96.49,96.49,0.0,0.0,94.24,0.0,0.0,0.0,96.49,96.49,96.49,94.24,0.0,96.24,94.24,0.0,0.0,0.0,0.0,0.0,0.5,1.0,0.0,0.75,1.0,0.0,0.0,0.0,0.0,0.0,0.0,1.0,0.0,0.0,0.0,0.0,0.0,0.5,1.0,0.0,0.75,1.0,0.0,1.62,0.47,0.76,3.24,,,,7.04,5.67,,,,,,,,,0.18,,,,,,,,,,1,1,1,1,0,0,78.32,66.88,70.05,72.83,3.47,1.62,3.52,1.4,,,,,,,,,12.44,12.09,23.52,17.65,,,,,,-22.73,0.0,-13.51,-3.85,,,,-5.27,-5.53,,,,,,,,,94.29,,,,,,,,,,384,377,384,376,384,376,384,376,0,0,0,0,0,0,0,0,384,384,376,376,0,0,0,0,0,96.24,94.49,96.24,94.24,96.24,94.24,96.24,94.24,0.0,0.0,0.0,0.0,0.0,0.0,0.0,0.0,96.24,96.24,94.24,94.24,0.0,0.0,0.0,0.0,0.0,0.25,0.0,0.25,0.75,0.25,0.75,0.75,0.75,0.0,0.0,0.0,0.0,0.0,0.0,0.0,0.0,0.75,0.75,0.75,1.0,0.0,0.0,0.0,0.0,0.0,2021-2022,208637.0,5102.0,0.0,213739.0
2022-10-08T00:00:00.000,CA,61218.86,55373.86,3694.0,47132.14,43290.43,2542.14,10324.29,6703.71,963.71,6945.86,4635.29,715.14,1799.0,54.71,1853.71,,,50.86,,,,235.14,11.43,246.57,,,5.71,,,,27.0,20.0,47.0,488.0,,,,2031.0,6.0,2078.0,,,,,,,,,,92.0,,,,,,,,,,,76.99,3.03,0.08,,67.28,2.39,0.06,,97.74,2.26,,,,,385,385,385,385,385,376,0,384,376,0,377,385,385,0,0,376,0,0,0,385,385,385,376,0,384,376,0,96.49,96.49,96.49,96.49,96.49,94.24,0.0,96.24,94.24,0.0,94.49,96.49,96.49,0.0,0.0,94.24,0.0,0.0,0.0,96.49,96.49,96.49,94.24,0.0,96.24,94.24,0.0,0.0,0.0,0.0,0.0,0.0,0.0,0.0,0.0,0.0,0.0,0.0,0.0,0.0,0.0,0.0,0.0,0.0,0.0,0.0,0.0,0.0,0.0,0.0,0.0,0.0,0.0,0.0,1.29,0.32,0.56,2.88,,,,6.68,5.35,,,,,,,,,0.24,,,,,,,,,,1,1,1,1,0,0,78.18,68.82,69.15,74.21,3.25,1.48,3.51,1.19,,,,,,,,,13.3,13.07,20.89,11.24,,,,,,-20.59,-33.33,-26.56,-11.11,,,,-5.0,-5.63,,,,,,,,,35.29,,,,,,,,,,384,377,384,376,384,376,384,376,0,0,0,0,0,0,0,0,384,384,376,376,0,0,0,0,0,96.24,94.49,96.24,94.24,96.24,94.24,96.24,94.24,0.0,0.0,0.0,0.0,0.0,0.0,0.0,0.0,96.24,96.24,94.24,94.24,0.0,0.0,0.0,0.0,0.0,0.0,0.0,0.0,0.0,0.0,0.0,0.0,0.0,0.0,0.0,0.0,0.0,0.0,0.0,0.0,0.0,0.0,0.0,0.0,0.0,0.0,0.0,0.0,0.0,0.0,2022-2023,2078.0,92.0,0.0,2170.0
2022-10-15T00:00:00.000,CA,61006.57,55169.71,3686.0,47199.14,43270.71,2599.86,10269.43,6650.14,968.29,7024.0,4670.02,733.43,1696.86,48.43,1745.29,,,66.29,,,,218.43,19.43,237.86,,,8.0,,,,28.0,27.0,55.0,440.0,,,,1984.0,5.0,2039.0,,,,,,,,,,87.0,,,,,,,,,,,77.37,2.86,0.11,,68.4,2.32,0.08,,97.3,2.7,,,,,385,385,385,385,384,376,0,384,376,0,377,385,385,0,0,376,0,0,0,385,385,384,376,0,384,376,0,96.49,96.49,96.49,96.49,96.24,94.24,0.0,96.24,94.24,0.0,94.49,96.49,96.49,0.0,0.0,94.24,0.0,0.0,0.0,96.49,96.49,96.24,94.24,0.0,96.24,94.24,0.0,0.0,0.0,0.0,0.0,-0.25,0.0,0.0,0.0,0.0,0.0,0.0,0.0,0.0,0.0,0.0,0.0,0.0,0.0,0.0,0.0,0.0,-0.25,0.0,0.0,0.0,0.0,0.0,1.33,0.43,0.65,2.6,,,,6.53,5.25,,,,,,,,,0.22,,,,,,,,,,1,1,1,1,0,0,78.43,70.53,70.22,75.75,3.08,1.31,3.28,2.01,,,,,,,,,13.63,12.87,40.12,12.07,,,,,,3.7,35.0,17.02,-9.84,,,,-2.31,-1.88,,,,,,,,,-5.43,,,,,,,,,,384,377,384,376,384,376,384,376,0,0,0,0,0,0,0,0,384,384,376,376,0,0,0,0,0,96.24,94.49,96.24,94.24,96.24,94.24,96.24,94.24,0.0,0.0,0.0,0.0,0.0,0.0,0.0,0.0,96.24,96.24,94.24,94.24,0.0,0.0,0.0,0.0,0.0,0.0,0.0,0.0,0.0,0.0,0.0,0.0,0.0,0.0,0.0,0.0,0.0,0.0,0.0,0.0,0.0,0.0,0.0,0.0,0.0,0.0,0.0,0.0,0.0,0.0,2022-2023,4117.0,179.0,0.0,4296.0
2022-10-22T00:00:00.000,CA,60957.43,55117.0,3706.86,47222.71,43264.57,2629.29,10235.86,6628.71,997.57,7035.71,4682.57,762.57,1560.0,56.14,1616.14,,,80.49,,,,198.0,11.71,209.71,,,8.86,,,,40.0,37.0,77.0,449.0,,,,1868.0,7.0,1945.0,,,,,,,,,,121.0,,,,,,,,,,,77.47,2.65,0.13,,68.74,2.05,0.09,,96.04,3.96,,,,,386,386,386,386,385,377,0,385,377,0,378,386,386,0,0,377,0,0,0,386,386,385,377,0,385,377,0,96.74,96.74,96.74,96.74,96.49,94.49,0.0,96.49,94.49,0.0,94.74,96.74,96.74,0.0,0.0,94.49,0.0,0.0,0.0,96.74,96.74,96.49,94.49,0.0,96.49,94.49,0.0,0.25,0.25,0.25,0.25,0.25,0.25,0.0,0.25,0.25,0.0,0.25,0.25,0.25,0.0,0.0,0.25,0.0,0.0,0.0,0.25,0.25,0.25,0.25,0.0,0.25,0.25,0.0,1.91,0.58,0.91,2.65,,,,6.15,5.01,,,,,,,,,0.31,,,,,,,,,,1,1,1,1,0,0,78.5,70.93,70.64,76.44,2.83,1.51,2.99,1.17,,,,,,,,,12.98,12.69,20.87,11.0,,,,,,42.86,37.04,40.0,2.05,,,,-5.85,-4.61,,,,,,,,,39.08,,,,,,,,,,385,378,385,377,385,377,385,377,0,0,0,0,0,0,0,0,385,385,377,377,0,0,0,0,0,96.49,94.74,96.49,94.49,96.49,94.49,96.49,94.49,0.0,0.0,0.0,0.0,0.0,0.0,0.0,0.0,96.49,96.49,94.49,94.49,0.0,0.0,0.0,0.0,0.0,0.25,0.25,0.25,0.25,0.25,0.25,0.25,0.25,0.0,0.0,0.0,0.0,0.0,0.0,0.0,0.0,0.25,0.25,0.25,0.25,0.0,0.0,0.0,0.0,0.0,2022-2023,6062.0,300.0,0.0,6362.0
2022-10-29T00:00:00.000,CA,61135.0,55213.86,3771.4,47546.5,43488.05,2702.36,10293.86,6648.57,1011.26,7092.64,4687.05,786.5,1532.57,48.57,1581.14,,,109.06,,,,188.29,11.71,200.0,,,11.0,,,,25.0,21.0,46.0,411.0,,,,1721.0,6.0,1767.0,,,,,,,,,,199.0,,,,,,,,,,,77.77,2.59,0.18,,68.9,1.94,0.11,,97.4,2.6,,,,,386,386,386,386,385,377,0,385,377,0,378,386,386,0,0,377,0,0,0,386,386,385,377,0,385,377,0,96.74,96.74,96.74,96.74,96.49,94.49,0.0,96.49,94.49,0.0,94.74,96.74,96.74,0.0,0.0,94.49,0.0,0.0,0.0,96.74,96.74,96.49,94.49,0.0,96.49,94.49,0.0,0.0,0.0,0.0,0.0,0.0,0.0,0.0,0.0,0.0,0.0,0.0,0.0,0.0,0.0,0.0,0.0,0.0,0.0,0.0,0.0,0.0,0.0,0.0,0.0,0.0,0.0,0.0,1.19,0.33,0.54,2.43,,,,5.66,4.55,,,,,,,,,0.51,,,,,,,,,,1,1,1,1,0,0,78.76,71.65,70.5,77.77,2.78,1.29,2.83,1.16,,,,,,,,,12.65,12.29,24.12,10.09,,,,,,-37.5,-43.24,-40.26,-8.46,,,,-7.87,-9.15,,,,,,,,,64.46,,,,,,,,,,385,378,385,377,385,377,385,377,0,0,0,0,0,0,0,0,385,385,377,377,0,0,0,0,0,96.49,94.74,96.49,94.49,96.49,94.49,96.49,94.49,0.0,0.0,0.0,0.0,0.0,0.0,0.0,0.0,96.49,96.49,94.49,94.49,0.0,0.0,0.0,0.0,0.0,0.0,0.0,0.0,0.0,0.0,0.0,0.0,0.0,0.0,0.0,0.0,0.0,0.0,0.0,0.0,0.0,0.0,0.0,0.0,0.0,0.0,0.0,0.0,0.0,0.0,2022-2023,7829.0,499.0,0.0,8328.0
2022-11-05T00:00:00.000,CA,61165.86,55262.43,3748.57,48183.14,43687.71,2719.0,10313.0,6672.86,1010.57,7102.71,4705.14,777.71,1627.57,55.43,1683.0,,,197.21,,,,190.43,15.43,205.86,,,24.43,,,,47.0,32.0,79.0,423.0,,,,1908.0,8.0,1987.0,,,,,,,,,,416.0,,,,,,,,,,,78.77,2.75,0.32,,68.87,2.0,0.24,,96.02,3.98,,,,,386,386,386,386,386,378,0,386,378,0,378,386,386,0,0,378,0,0,0,386,386,386,378,0,386,378,0,96.74,96.74,96.74,96.74,96.74,94.74,0.0,96.74,94.74,0.0,94.74,96.74,96.74,0.0,0.0,94.74,0.0,0.0,0.0,96.74,96.74,96.74,94.74,0.0,96.74,94.74,0.0,0.0,0.0,0.0,0.0,0.25,0.25,0.0,0.25,0.25,0.0,0.0,0.0,0.0,0.0,0.0,0.25,0.0,0.0,0.0,0.0,0.0,0.25,0.25,0.0,0.25,0.25,0.0,2.24,0.5,0.94,2.5,,,,6.28,5.12,,,,,,,,,1.07,,,,,,,,,,1,1,1,1,0,0,79.06,72.53,70.51,76.96,2.95,1.48,2.85,1.53,,,,,,,,,12.23,11.7,27.84,12.39,,,,,,88.0,52.38,71.74,2.92,,,,10.87,12.45,,,,,,,,,109.05,,,,,,,,,,386,378,386,378,386,378,386,378,0,0,0,0,0,0,0,0,386,386,378,378,0,0,0,0,0,96.74,94.74,96.74,94.74,96.74,94.74,96.74,94.74,0.0,0.0,0.0,0.0,0.0,0.0,0.0,0.0,96.74,96.74,94.74,94.74,0.0,0.0,0.0,0.0,0.0,0.25,0.0,0.25,0.25,0.25,0.25,0.25,0.25,0.0,0.0,0.0,0.0,0.0,0.0,0.0,0.0,0.25,0.25,0.25,0.25,0.0,0.0,0.0,0.0,0.0,2022-2023,9816.0,915.0,0.0,10731.0
2022-11-12T00:00:00.000,CA,61595.86,55578.86,3829.0,48598.86,44321.29,2836.57,10297.86,6675.71,1030.43,7296.14,4844.29,810.86,1806.14,70.29,1876.43,,,371.86,,,,221.86,23.71,245.57,,,39.14,,,,52.0,35.0,88.0,489.0,,,,2348.0,7.0,2436.0,,,,,,,,,,858.0,,,,,,,,,,,78.9,3.05,0.6,,70.85,2.38,0.38,,96.39,3.61,,,,,386,386,386,386,386,378,0,386,378,0,378,386,386,0,0,378,0,0,0,386,386,386,378,0,386,378,0,96.74,96.74,96.74,96.74,96.74,94.74,0.0,96.74,94.74,0.0,94.74,96.74,96.74,0.0,0.0,94.74,0.0,0.0,0.0,96.74,96.74,96.74,94.74,0.0,96.74,94.74,0.0,0.0,0.0,0.0,0.0,0.0,0.0,0.0,0.0,0.0,0.0,0.0,0.0,0.0,0.0,0.0,0.0,0.0,0.0,0.0,0.0,0.0,0.0,0.0,0.0,0.0,0.0,0.0,2.48,0.55,1.04,2.89,,,,7.73,6.27,,,,,,,,,2.21,,,,,,,,,,1,1,1,1,0,0,79.74,74.08,72.57,78.69,3.25,1.84,3.32,2.3,,,,,,,,,13.09,12.28,33.74,10.53,,,,,,10.64,9.38,11.39,15.6,,,,23.06,22.6,,,,,,,,,106.25,,,,,,,,,,386,378,386,378,386,378,386,378,0,0,0,0,0,0,0,0,386,386,378,378,0,0,0,0,0,96.74,94.74,96.74,94.74,96.74,94.74,96.74,94.74,0.0,0.0,0.0,0.0,0.0,0.0,0.0,0.0,96.74,96.74,94.74,94.74,0.0,0.0,0.0,0.0,0.0,0.0,0.0,0.0,0.0,0.0,0.0,0.0,0.0,0.0,0.0,0.0,0.0,0.0,0.0,0.0,0.0,0.0,0.0,0.0,0.0,0.0,0.0,0.0,0.0,0.0,2022-2023,12252.0,1773.0,0.0,14025.0
2022-11-19T00:00:00.000,CA,61887.58,55862.78,3874.09,49318.74,45007.51,2891.52,10330.0,6700.19,1053.67,7322.26,4940.83,768.79,2159.67,65.14,2224.81,,,647.79,,,,278.03,27.43,305.46,,,72.23,,,,47.0,23.0,71.0,605.0,,,,2741.0,17.0,2812.0,,,,,,,,,,1499.0,,,,,,,,,,,79.69,3.59,1.05,,70.88,2.96,0.7,,97.48,2.52,,,,,386,386,386,386,386,378,0,386,378,0,378,386,386,0,0,378,0,0,0,386,386,386,378,0,386,378,0,96.74,96.74,96.74,96.74,96.74,94.74,0.0,96.74,94.74,0.0,94.74,96.74,96.74,0.0,0.0,94.74,0.0,0.0,0.0,96.74,96.74,96.74,94.74,0.0,96.74,94.74,0.0,0.0,0.0,0.0,0.0,0.0,0.0,0.0,0.0,0.0,0.0,0.0,0.0,0.0,0.0,0.0,0.0,0.0,0.0,0.0,0.0,0.0,0.0,0.0,0.0,0.0,0.0,0.0,2.24,0.36,0.84,3.57,,,,9.02,7.24,,,,,,,,,3.86,,,,,,,,,,1,1,1,1,0,0,80.57,74.64,73.74,72.96,3.87,1.68,4.15,2.6,,,,,,,,,13.73,12.87,42.11,11.15,,,,,,-9.62,-34.29,-19.32,23.72,,,,16.74,15.44,,,,,,,,,74.71,,,,,,,,,,386,378,386,378,386,378,386,378,0,0,0,0,0,0,0,0,386,386,378,378,0,0,0,0,0,96.74,94.74,96.74,94.74,96.74,94.74,96.74,94.74,0.0,0.0,0.0,0.0,0.0,0.0,0.0,0.0,96.74,96.74,94.74,94.74,0.0,0.0,0.0,0.0,0.0,0.0,0.0,0.0,0.0,0.0,0.0,0.0,0.0,0.0,0.0,0.0,0.0,0.0,0.0,0.0,0.0,0.0,0.0,0.0,0.0,0.0,0.0,0.0,0.0,0.0,2022-2023,15064.0,3272.0,0.0,18336.0
2022-11-26T00:00:00.000,CA,61517.42,55411.37,3856.22,48572.76,44279.95,2796.86,10302.54,6660.83,1089.5,7332.99,4927.48,847.7,2789.34,79.11,2868.45,,,1150.39,,,,334.39,18.71,353.1,,,118.02,,,,73.0,41.0,114.0,703.0,,,,3484.0,17.0,3598.0,,,,,,,,,,2631.0,,,,,,,,,,,78.96,4.66,1.87,,71.18,3.43,1.15,,96.83,3.17,,,,,383,383,383,383,383,375,0,383,375,0,375,383,383,0,0,375,0,0,0,383,383,383,375,0,383,375,0,95.99,95.99,95.99,95.99,95.99,93.98,0.0,95.99,93.98,0.0,93.98,95.99,95.99,0.0,0.0,93.98,0.0,0.0,0.0,95.99,95.99,95.99,93.98,0.0,95.99,93.98,0.0,-0.75,-0.75,-0.75,-0.75,-0.75,-0.75,0.0,-0.75,-0.75,0.0,-0.75,-0.75,-0.75,0.0,0.0,-0.75,0.0,0.0,0.0,-0.75,-0.75,-0.75,-0.75,0.0,-0.75,-0.75,0.0,3.48,0.65,1.35,4.15,,,,11.47,9.27,,,,,,,,,6.78,,,,,,,,,,1,1,1,1,0,0,79.91,72.53,73.98,77.81,5.03,2.05,5.02,1.72,,,,,,,,,12.31,11.99,23.65,10.26,,,,,,55.32,78.26,60.56,16.2,,,,27.11,27.95,,,,,,,,,75.52,,,,,,,,,,383,375,383,375,383,375,383,375,0,0,0,0,0,0,0,0,383,383,375,375,0,0,0,0,0,95.99,93.98,95.99,93.98,95.99,93.98,95.99,93.98,0.0,0.0,0.0,0.0,0.0,0.0,0.0,0.0,95.99,95.99,93.98,93.98,0.0,0.0,0.0,0.0,0.0,-0.75,-0.75,-0.75,-0.75,-0.75,-0.75,-0.75,-0.75,0.0,0.0,0.0,0.0,0.0,0.0,0.0,0.0,-0.75,-0.75,-0.75,-0.75,0.0,0.0,0.0,0.0,0.0,2022-2023,18662.0,5903.0,0.0,24565.0
2022-12-03T00:00:00.000,CA,62693.49,56367.41,3809.92,51111.09,46795.57,2811.5,10383.11,6756.88,1070.0,7581.84,5213.47,828.72,3755.78,105.07,3860.85,,,1940.53,,,,410.11,26.88,436.99,,,224.2,,,,91.0,54.0,145.0,988.0,,,,4808.0,28.0,4953.0,,,,,,,,,,3159.0,,,,,,,,,,,81.53,6.16,3.1,,73.02,4.21,2.16,,97.07,2.93,,,,,385,385,385,385,385,377,0,385,377,0,377,385,385,0,0,377,0,0,0,385,385,385,377,0,385,377,0,96.49,96.49,96.49,96.49,96.49,94.49,0.0,96.49,94.49,0.0,94.49,96.49,96.49,0.0,0.0,94.49,0.0,0.0,0.0,96.49,96.49,96.49,94.49,0.0,96.49,94.49,0.0,0.5,0.5,0.5,0.5,0.5,0.5,0.0,0.5,0.5,0.0,0.5,0.5,0.5,0.0,0.0,0.5,0.0,0.0,0.0,0.5,0.5,0.5,0.5,0.0,0.5,0.5,0.0,4.34,0.85,1.72,5.83,,,,15.82,12.76,,,,,,,,,8.14,,,,,,,,,,1,1,1,1,0,0,83.02,73.79,77.16,77.45,6.66,2.76,6.07,2.51,,,,,,,,,11.32,10.92,25.58,11.55,,,,,,24.66,31.71,27.19,40.54,,,,38.0,37.66,,,,,,,,,20.07,,,,,,,,,,385,377,385,377,385,377,385,377,0,0,0,0,0,0,0,0,385,385,377,377,0,0,0,0,0,96.49,94.49,96.49,94.49,96.49,94.49,96.49,94.49,0.0,0.0,0.0,0.0,0.0,0.0,0.0,0.0,96.49,96.49,94.49,94.49,0.0,0.0,0.0,0.0,0.0,0.5,0.5,0.5,0.5,0.5,0.5,0.5,0.5,0.0,0.0,0.0,0.0,0.0,0.0,0.0,0.0,0.5,0.5,0.5,0.5,0.0,0.0,0.0,0.0,0.0,2022-2023,23615.0,9062.0,0.0,32677.0
2022-12-10T00:00:00.000,CA,64341.21,56559.02,3865.67,51464.18,46858.12,2889.63,10381.78,6772.54,1090.43,7593.75,5241.22,831.48,4242.27,113.5,4355.77,,,1963.68,,,,493.22,30.14,523.37,,,255.19,,,,90.0,57.0,147.0,908.0,,,,4834.0,19.0,4981.0,,,,,,,,,,2435.0,,,,,,,,,,,79.99,6.77,3.05,,73.14,5.04,2.46,,97.05,2.95,,,,,385,385,385,385,385,377,0,385,377,0,377,385,385,0,0,377,0,0,0,385,385,385,377,0,385,377,0,96.49,96.49,96.49,96.49,96.49,94.49,0.0,96.49,94.49,0.0,94.49,96.49,96.49,0.0,0.0,94.49,0.0,0.0,0.0,96.49,96.49,96.49,94.49,0.0,96.49,94.49,0.0,0.0,0.0,0.0,0.0,0.0,0.0,0.0,0.0,0.0,0.0,0.0,0.0,0.0,0.0,0.0,0.0,0.0,0.0,0.0,0.0,0.0,0.0,0.0,0.0,0.0,0.0,0.0,4.29,0.9,1.74,5.36,,,,15.91,12.83,,,,,,,,,6.27,,,,,,,,,,1,1,1,1,0,0,82.85,74.75,77.39,76.25,7.5,2.94,7.28,2.76,,,,,,,,,12.02,11.63,26.56,13.0,,,,,,-1.1,5.56,1.38,-8.1,,,,0.54,0.57,,,,,,,,,-22.92,,,,,,,,,,385,377,385,377,385,377,385,377,0,0,0,0,0,0,0,0,385,385,377,377,0,0,0,0,0,96.49,94.49,96.49,94.49,96.49,94.49,96.49,94.49,0.0,0.0,0.0,0.0,0.0,0.0,0.0,0.0,96.49,96.49,94.49,94.49,0.0,0.0,0.0,0.0,0.0,0.0,0.0,0.0,0.0,0.0,0.0,0.0,0.0,0.0,0.0,0.0,0.0,0.0,0.0,0.0,0.0,0.0,0.0,0.0,0.0,0.0,0.0,0.0,0.0,0.0,2022-2023,28596.0,11497.0,0.0,40093.0
2022-12-17T00:00:00.000,CA,63104.94,56938.04,3820.28,51061.4,46872.46,2822.04,10438.76,6862.76,1055.95,7638.04,5321.66,796.57,4386.62,115.38,4502.0,,,1538.35,,,,535.06,31.02,566.08,,,212.92,,,,73.0,53.0,126.0,963.0,,,,4796.0,32.0,4922.0,,,,,,,,,,1614.0,,,,,,,,,,,80.92,7.13,2.44,,73.17,5.42,2.04,,97.44,2.56,,,,,387,387,387,387,387,387,0,387,387,0,379,387,387,0,0,387,0,0,0,387,387,387,387,0,387,387,0,96.99,96.99,96.99,96.99,96.99,96.99,0.0,96.99,96.99,0.0,94.99,96.99,96.99,0.0,0.0,96.99,0.0,0.0,0.0,96.99,96.99,96.99,96.99,0.0,96.99,96.99,0.0,0.5,0.5,0.5,0.5,0.5,2.51,0.0,0.5,2.51,0.0,0.5,0.5,0.5,0.0,0.0,2.51,0.0,0.0,0.0,0.5,0.5,0.5,2.51,0.0,0.5,2.51,0.0,3.48,0.83,1.49,5.68,,,,15.79,12.68,,,,,,,,,4.16,,,,,,,,,,1,1,1,1,0,0,82.32,73.87,77.54,75.44,7.7,3.02,7.8,2.94,,,,,,,,,12.57,12.2,26.89,13.84,,,,,,-18.89,-7.02,-14.29,6.06,,,,-0.79,-1.18,,,,,,,,,-33.72,,,,,,,,,,387,379,387,379,387,379,387,379,0,0,0,0,0,0,0,0,387,387,379,387,0,0,0,0,0,96.99,94.99,96.99,94.99,96.99,94.99,96.99,94.99,0.0,0.0,0.0,0.0,0.0,0.0,0.0,0.0,96.99,96.99,94.99,96.99,0.0,0.0,0.0,0.0,0.0,0.5,0.5,0.5,0.5,0.5,0.5,0.5,0.5,0.0,0.0,0.0,0.0,0.0,0.0,0.0,0.0,0.5,0.5,0.5,2.51,0.0,0.0,0.0,0.0,0.0,2022-2023,33518.0,13111.0,0.0,46629.0
2022-12-24T00:00:00.000,CA,61896.86,55654.57,3603.0,49411.23,45352.4,2630.37,10302.06,6685.84,1027.6,7484.78,5126.79,772.73,4370.25,122.64,4492.89,,,1278.3,,,,519.86,31.59,551.45,,,189.06,,,,90.0,69.0,164.0,964.0,,,,4851.0,64.0,5015.0,,,,,,,,,,1596.0,,,,,,,,,,,79.83,7.26,2.07,,72.65,5.35,1.84,,96.73,3.27,,,,,384,384,384,384,384,384,0,384,384,0,376,384,384,0,0,384,0,0,0,384,384,384,384,0,384,384,0,96.24,96.24,96.24,96.24,96.24,96.24,0.0,96.24,96.24,0.0,94.24,96.24,96.24,0.0,0.0,96.24,0.0,0.0,0.0,96.24,96.24,96.24,96.24,0.0,96.24,96.24,0.0,-0.75,-0.75,-0.75,-0.75,-0.75,-0.75,0.0,-0.75,-0.75,0.0,-0.75,-0.75,-0.75,0.0,0.0,-0.75,0.0,0.0,0.0,-0.75,-0.75,-0.75,-0.75,0.0,-0.75,-0.75,0.0,4.29,1.09,1.94,5.69,,,,15.97,12.92,,,,,,,,,4.11,,,,,,,,,,1,1,1,1,0,0,81.49,73.0,76.68,75.2,7.85,3.4,7.78,3.07,,,,,,,,,12.27,11.9,25.76,14.79,,,,,,23.29,30.19,30.16,0.1,,,,1.15,1.89,,,,,,,,,-1.12,,,,,,,,,,384,376,384,376,384,376,384,376,0,0,0,0,0,0,0,0,384,384,376,384,0,0,0,0,0,96.24,94.24,96.24,94.24,96.24,94.24,96.24,94.24,0.0,0.0,0.0,0.0,0.0,0.0,0.0,0.0,96.24,96.24,94.24,96.24,0.0,0.0,0.0,0.0,0.0,-0.75,-0.75,-0.75,-0.75,-0.75,-0.75,-0.75,-0.75,0.0,0.0,0.0,0.0,0.0,0.0,0.0,0.0,-0.75,-0.75,-0.75,-0.75,0.0,0.0,0.0,0.0,0.0,2022-2023,38533.0,14707.0,0.0,53240.0
2022-12-31T00:00:00.000,CA,60615.39,55007.84,3349.45,47623.98,43891.04,2336.93,10335.27,6629.41,1014.57,7203.76,4910.64,725.52,4369.5,129.09,4498.58,,,1180.2,,,,514.53,33.63,548.16,,,169.66,,,,95.0,61.0,162.0,1060.0,,,,5187.0,48.0,5349.0,,,,,,,,,,1423.0,,,,,,,,,,,78.57,7.42,1.95,,69.7,5.3,1.64,,96.97,3.03,,,,,382,382,382,382,382,382,0,382,382,0,374,382,382,0,0,382,0,0,0,382,382,382,382,0,382,382,0,95.74,95.74,95.74,95.74,95.74,95.74,0.0,95.74,95.74,0.0,93.73,95.74,95.74,0.0,0.0,95.74,0.0,0.0,0.0,95.74,95.74,95.74,95.74,0.0,95.74,95.74,0.0,-0.5,-0.5,-0.5,-0.5,-0.5,-0.5,0.0,-0.5,-0.5,0.0,-0.5,-0.5,-0.5,0.0,0.0,-0.5,0.0,0.0,0.0,-0.5,-0.5,-0.5,-0.5,0.0,-0.5,-0.5,0.0,4.53,0.96,1.92,6.25,,,,17.07,13.78,,,,,,,,,3.66,,,,,,,,,,1,1,1,1,0,0,79.79,69.77,74.07,71.51,7.94,3.85,7.76,3.31,,,,,,,,,12.19,11.78,26.05,14.38,,,,,,5.56,-11.59,-1.22,9.96,,,,6.93,6.66,,,,,,,,,-10.84,,,,,,,,,,382,374,382,374,382,374,382,374,0,0,0,0,0,0,0,0,382,382,374,382,0,0,0,0,0,95.74,93.73,95.74,93.73,95.74,93.73,95.74,93.73,0.0,0.0,0.0,0.0,0.0,0.0,0.0,0.0,95.74,95.74,93.73,95.74,0.0,0.0,0.0,0.0,0.0,-0.5,-0.5,-0.5,-0.5,-0.5,-0.5,-0.5,-0.5,0.0,0.0,0.0,0.0,0.0,0.0,0.0,0.0,-0.5,-0.5,-0.5,-0.5,0.0,0.0,0.0,0.0,0.0,2022-2023,43882.0,16130.0,0.0,60012.0
2023-01-07T00:00:00.000,CA,61735.14,56045.58,3415.6,49271.77,45407.22,2447.84,10439.29,6716.57,1025.33,7399.83,5066.71,761.67,4315.49,137.6,4453.08,,,983.09,,,,502.4,41.86,544.25,,,133.88,,,,102.0,59.0,165.0,1002.0,,,,4660.0,67.0,4825.0,,,,,,,,,,913.0,,,,,,,,,,,79.81,7.21,1.59,,70.88,5.21,1.28,,96.58,3.42,,,,,384,384,384,384,384,384,0,384,384,0,376,384,384,0,0,384,0,0,0,384,384,384,384,0,384,384,0,96.24,96.24,96.24,96.24,96.24,96.24,0.0,96.24,96.24,0.0,94.24,96.24,96.24,0.0,0.0,96.24,0.0,0.0,0.0,96.24,96.24,96.24,96.24,0.0,96.24,96.24,0.0,0.5,0.5,0.5,0.5,0.5,0.5,0.0,0.5,0.5,0.0,0.5,0.5,0.5,0.0,0.0,0.5,0.0,0.0,0.0,0.5,0.5,0.5,0.5,0.0,0.5,0.5,0.0,4.86,0.93,1.95,5.91,,,,15.34,12.43,,,,,,,,,2.35,,,,,,,,,,1,1,1,1,0,0,81.02,71.67,75.44,74.28,7.7,4.03,7.48,4.08,,,,,,,,,12.22,11.64,30.42,13.62,,,,,,7.37,-3.28,1.85,-5.47,,,,-10.16,-9.8,,,,,,,,,-35.84,,,,,,,,,,384,376,384,376,384,376,384,376,0,0,0,0,0,0,0,0,384,384,376,384,0,0,0,0,0,96.24,94.24,96.24,94.24,96.24,94.24,96.24,94.24,0.0,0.0,0.0,0.0,0.0,0.0,0.0,0.0,96.24,96.24,94.24,96.24,0.0,0.0,0.0,0.0,0.0,0.5,0.5,0.5,0.5,0.5,0.5,0.5,0.5,0.0,0.0,0.0,0.0,0.0,0.0,0.0,0.0,0.5,0.5,0.5,0.5,0.0,0.0,0.0,0.0,0.0,2022-2023,48707.0,17043.0,0.0,65750.0
2023-01-14T00:00:00.000,CA,61931.02,56287.14,3401.45,50112.15,46360.33,2381.54,10457.67,6770.07,1021.71,7449.57,5191.76,717.71,3828.72,102.14,3930.86,,,569.97,,,,462.49,29.0,491.49,,,83.3,,,,70.0,35.0,111.0,856.0,,,,3978.0,70.0,4089.0,,,,,,,,,,411.0,,,,,,,,,,,80.92,6.35,0.92,,71.24,4.7,0.8,,97.29,2.71,,,,,386,386,386,386,386,386,0,386,386,0,378,386,386,0,0,386,0,0,0,386,386,386,386,0,386,386,0,96.74,96.74,96.74,96.74,96.74,96.74,0.0,96.74,96.74,0.0,94.74,96.74,96.74,0.0,0.0,96.74,0.0,0.0,0.0,96.74,96.74,96.74,96.74,0.0,96.74,96.74,0.0,0.5,0.5,0.5,0.5,0.5,0.5,0.0,0.5,0.5,0.0,0.5,0.5,0.5,0.0,0.0,0.5,0.0,0.0,0.0,0.5,0.5,0.5,0.5,0.0,0.5,0.5,0.0,3.34,0.55,1.31,5.05,,,,13.09,10.53,,,,,,,,,1.06,,,,,,,,,,1,1,1,1,0,0,82.36,70.02,76.69,70.25,6.8,3.0,6.83,2.84,,,,,,,,,12.5,12.08,28.39,14.61,,,,,,-31.37,-40.68,-32.73,-14.57,,,,-14.64,-15.25,,,,,,,,,-54.98,,,,,,,,,,386,378,386,378,386,378,386,378,0,0,0,0,0,0,0,0,386,386,378,386,0,0,0,0,0,96.74,94.74,96.74,94.74,96.74,94.74,96.74,94.74,0.0,0.0,0.0,0.0,0.0,0.0,0.0,0.0,96.74,96.74,94.74,96.74,0.0,0.0,0.0,0.0,0.0,0.5,0.5,0.5,0.5,0.5,0.5,0.5,0.5,0.0,0.0,0.0,0.0,0.0,0.0,0.0,0.0,0.5,0.5,0.5,0.5,0.0,0.0,0.0,0.0,0.0,2022-2023,52796.0,17454.0,0.0,70250.0
2023-01-21T00:00:00.000,CA,61508.83,55830.94,3417.46,49256.1,45502.72,2395.33,10439.31,6735.02,1019.86,7213.88,4985.59,710.86,3170.9,84.95,3255.85,,,333.17,,,,376.11,23.24,399.35,,,53.38,,,,59.0,34.0,96.0,711.0,,,,3132.0,59.0,3228.0,,,,,,,,,,208.0,,,,,,,,,,,80.08,5.29,0.54,,69.1,3.83,0.51,,97.03,2.97,,,,,387,387,387,387,387,387,0,387,387,0,379,387,387,0,0,387,0,0,0,387,387,387,387,0,387,387,0,96.99,96.99,96.99,96.99,96.99,96.99,0.0,96.99,96.99,0.0,94.99,96.99,96.99,0.0,0.0,96.99,0.0,0.0,0.0,96.99,96.99,96.99,96.99,0.0,96.99,96.99,0.0,0.25,0.25,0.25,0.25,0.25,0.25,0.0,0.25,0.25,0.0,0.25,0.25,0.25,0.0,0.0,0.25,0.0,0.0,0.0,0.25,0.25,0.25,0.25,0.0,0.25,0.25,0.0,2.81,0.54,1.14,4.2,,,,10.31,8.31,,,,,,,,,0.54,,,,,,,,,,1,1,1,1,0,0,81.5,70.09,74.02,69.7,5.68,2.49,5.58,2.28,,,,,,,,,12.27,11.86,27.35,16.02,,,,,,-15.71,-2.86,-13.51,-16.94,,,,-21.27,-21.06,,,,,,,,,-49.39,,,,,,,,,,387,379,387,379,387,379,387,379,0,0,0,0,0,0,0,0,387,387,379,387,0,0,0,0,0,96.99,94.99,96.99,94.99,96.99,94.99,96.99,94.99,0.0,0.0,0.0,0.0,0.0,0.0,0.0,0.0,96.99,96.99,94.99,96.99,0.0,0.0,0.0,0.0,0.0,0.25,0.25,0.25,0.25,0.25,0.25,0.25,0.25,0.0,0.0,0.0,0.0,0.0,0.0,0.0,0.0,0.25,0.25,0.25,0.25,0.0,0.0,0.0,0.0,0.0,2022-2023,56024.0,17662.0,0.0,73686.0
2023-01-28T00:00:00.000,CA,62191.38,56525.86,3421.09,49740.72,45887.48,2483.45,10430.18,6725.03,1018.57,7291.78,5055.1,726.57,2544.71,79.0,2623.71,,,309.03,,,,338.57,19.43,358.0,,,34.14,,,,43.0,41.0,87.0,584.0,,,,2731.0,43.0,2818.0,,,,,,,,,,126.0,,,,,,,,,,,79.98,4.22,0.5,,69.91,3.43,0.33,,96.91,3.09,,,,,387,387,387,387,387,387,0,387,387,0,379,387,387,0,0,387,0,0,0,387,387,387,387,0,387,387,0,96.99,96.99,96.99,96.99,96.99,96.99,0.0,96.99,96.99,0.0,94.99,96.99,96.99,0.0,0.0,96.99,0.0,0.0,0.0,96.99,96.99,96.99,96.99,0.0,96.99,96.99,0.0,0.0,0.0,0.0,0.0,0.0,0.0,0.0,0.0,0.0,0.0,0.0,0.0,0.0,0.0,0.0,0.0,0.0,0.0,0.0,0.0,0.0,0.0,0.0,0.0,0.0,0.0,0.0,2.05,0.65,1.03,3.45,,,,8.99,7.26,,,,,,,,,0.32,,,,,,,,,,1,1,1,1,0,0,81.18,72.59,75.17,71.33,4.5,2.31,5.03,1.91,,,,,,,,,13.64,13.31,24.59,11.05,,,,,,-27.12,20.59,-9.38,-17.86,,,,-12.8,-12.7,,,,,,,,,-39.42,,,,,,,,,,387,379,387,379,387,379,387,379,0,0,0,0,0,0,0,0,387,387,379,387,0,0,0,0,0,96.99,94.99,96.99,94.99,96.99,94.99,96.99,94.99,0.0,0.0,0.0,0.0,0.0,0.0,0.0,0.0,96.99,96.99,94.99,96.99,0.0,0.0,0.0,0.0,0.0,0.0,0.0,0.0,0.0,0.0,0.0,0.0,0.0,0.0,0.0,0.0,0.0,0.0,0.0,0.0,0.0,0.0,0.0,0.0,0.0,0.0,0.0,0.0,0.0,0.0,2022-2023,58842.0,17788.0,0.0,76630.0
2023-02-04T00:00:00.000,CA,62338.23,56655.57,3425.86,50046.23,46210.61,2466.67,10509.52,6817.1,1009.14,7382.32,5144.82,719.14,2379.59,74.86,2454.44,,,252.42,,,,267.64,17.0,284.64,,,27.43,,,,86.0,50.0,138.0,638.0,,,,2740.0,45.0,2878.0,,,,,,,,,,115.0,,,,,,,,,,,80.28,3.94,0.4,,70.24,2.71,0.26,,95.21,4.79,,,,,387,387,387,387,387,387,0,387,387,0,379,387,387,0,0,387,0,0,0,387,387,387,387,0,387,387,0,96.99,96.99,96.99,96.99,96.99,96.99,0.0,96.99,96.99,0.0,94.99,96.99,96.99,0.0,0.0,96.99,0.0,0.0,0.0,96.99,96.99,96.99,96.99,0.0,96.99,96.99,0.0,0.0,0.0,0.0,0.0,0.0,0.0,0.0,0.0,0.0,0.0,0.0,0.0,0.0,0.0,0.0,0.0,0.0,0.0,0.0,0.0,0.0,0.0,0.0,0.0,0.0,0.0,0.0,4.1,0.79,1.63,3.76,,,,9.02,7.41,,,,,,,,,0.3,,,,,,,,,,1,1,1,1,0,0,81.56,72.0,75.47,71.26,4.2,2.19,3.93,1.68,,,,,,,,,11.6,11.25,22.71,10.87,,,,,,100.0,21.95,58.62,9.25,,,,0.33,2.13,,,,,,,,,-8.73,,,,,,,,,,387,379,387,379,387,379,387,379,0,0,0,0,0,0,0,0,387,387,379,387,0,0,0,0,0,96.99,94.99,96.99,94.99,96.99,94.99,96.99,94.99,0.0,0.0,0.0,0.0,0.0,0.0,0.0,0.0,96.99,96.99,94.99,96.99,0.0,0.0,0.0,0.0,0.0,0.0,0.0,0.0,0.0,0.0,0.0,0.0,0.0,0.0,0.0,0.0,0.0,0.0,0.0,0.0,0.0,0.0,0.0,0.0,0.0,0.0,0.0,0.0,0.0,0.0,2022-2023,61720.0,17903.0,0.0,79623.0
2023-02-11T00:00:00.000,CA,61977.67,56302.31,3478.5,49969.88,46121.16,2510.5,10427.8,6752.41,1018.29,7366.62,5115.7,731.14,2445.38,76.0,2521.38,,,124.19,,,,262.95,17.14,280.1,,,21.0,,,,60.0,48.0,109.0,645.0,,,,2922.0,51.0,3031.0,,,,,,,,,,93.0,,,,,,,,,,,80.63,4.07,0.2,,70.64,2.69,0.2,,96.4,3.6,,,,,387,387,387,387,387,387,0,387,387,0,379,387,387,0,0,387,0,0,0,387,387,387,387,0,387,387,0,96.99,96.99,96.99,96.99,96.99,96.99,0.0,96.99,96.99,0.0,94.99,96.99,96.99,0.0,0.0,96.99,0.0,0.0,0.0,96.99,96.99,96.99,96.99,0.0,96.99,96.99,0.0,0.0,0.0,0.0,0.0,0.0,0.0,0.0,0.0,0.0,0.0,0.0,0.0,0.0,0.0,0.0,0.0,0.0,0.0,0.0,0.0,0.0,0.0,0.0,0.0,0.0,0.0,0.0,2.86,0.76,1.29,3.81,,,,9.62,7.81,,,,,,,,,0.24,,,,,,,,,,1,1,1,1,0,0,81.92,72.17,75.76,71.8,4.34,2.18,3.89,1.68,,,,,,,,,11.11,10.75,22.56,16.91,,,,,,-30.23,-4.0,-21.01,1.1,,,,6.64,5.32,,,,,,,,,-19.13,,,,,,,,,,387,379,387,379,387,379,387,379,0,0,0,0,0,0,0,0,387,387,379,387,0,0,0,0,0,96.99,94.99,96.99,94.99,96.99,94.99,96.99,94.99,0.0,0.0,0.0,0.0,0.0,0.0,0.0,0.0,96.99,96.99,94.99,96.99,0.0,0.0,0.0,0.0,0.0,0.0,0.0,0.0,0.0,0.0,0.0,0.0,0.0,0.0,0.0,0.0,0.0,0.0,0.0,0.0,0.0,0.0,0.0,0.0,0.0,0.0,0.0,0.0,0.0,0.0,2022-2023,64751.0,17996.0,0.0,82747.0
2023-02-18T00:00:00.000,CA,61839.52,56139.61,3524.86,49881.24,46064.22,2507.0,10465.15,6771.2,1013.71,7411.59,5172.02,712.86,2406.31,90.57,2496.89,,,112.29,,,,261.71,19.71,281.42,,,16.43,,,,65.0,45.0,111.0,578.0,,,,2888.0,60.0,2999.0,,,,,,,,,,73.0,,,,,,,,,,,80.66,4.04,0.18,,70.82,2.69,0.16,,96.3,3.7,,,,,387,387,387,387,387,387,0,387,387,0,379,387,387,0,0,387,0,0,0,387,387,387,387,0,387,387,0,96.99,96.99,96.99,96.99,96.99,96.99,0.0,96.99,96.99,0.0,94.99,96.99,96.99,0.0,0.0,96.99,0.0,0.0,0.0,96.99,96.99,96.99,96.99,0.0,96.99,96.99,0.0,0.0,0.0,0.0,0.0,0.0,0.0,0.0,0.0,0.0,0.0,0.0,0.0,0.0,0.0,0.0,0.0,0.0,0.0,0.0,0.0,0.0,0.0,0.0,0.0,0.0,0.0,0.0,3.1,0.71,1.31,3.41,,,,9.51,7.72,,,,,,,,,0.19,,,,,,,,,,1,1,1,1,0,0,82.05,71.12,76.38,70.32,4.29,2.57,3.87,1.94,,,,,,,,,11.27,10.88,21.77,14.63,,,,,,8.33,-6.25,1.83,-10.39,,,,-1.16,-1.06,,,,,,,,,-21.51,,,,,,,,,,387,379,387,379,387,379,387,379,0,0,0,0,0,0,0,0,387,387,379,387,0,0,0,0,0,96.99,94.99,96.99,94.99,96.99,94.99,96.99,94.99,0.0,0.0,0.0,0.0,0.0,0.0,0.0,0.0,96.99,96.99,94.99,96.99,0.0,0.0,0.0,0.0,0.0,0.0,0.0,0.0,0.0,0.0,0.0,0.0,0.0,0.0,0.0,0.0,0.0,0.0,0.0,0.0,0.0,0.0,0.0,0.0,0.0,0.0,0.0,0.0,0.0,0.0,2022-2023,67750.0,18069.0,0.0,85819.0
2023-02-25T00:00:00.000,CA,61839.04,56179.11,3497.07,49749.83,45986.95,2477.43,10463.74,6772.79,991.57,7324.36,5111.62,694.83,2453.1,70.88,2523.98,,,99.69,,,,275.93,17.57,293.5,,,12.57,,,,45.0,34.0,87.0,610.0,,,,3054.0,57.0,3141.0,,,,,,,,,,79.0,,,,,,,,,,,80.45,4.08,0.16,,70.0,2.8,0.12,,97.23,2.77,,,,,387,387,387,387,387,387,0,387,387,0,379,387,387,0,0,387,0,0,0,387,387,387,387,0,387,387,0,96.99,96.99,96.99,96.99,96.99,96.99,0.0,96.99,96.99,0.0,94.99,96.99,96.99,0.0,0.0,96.99,0.0,0.0,0.0,96.99,96.99,96.99,96.99,0.0,96.99,96.99,0.0,0.0,0.0,0.0,0.0,0.0,0.0,0.0,0.0,0.0,0.0,0.0,0.0,0.0,0.0,0.0,0.0,0.0,0.0,0.0,0.0,0.0,0.0,0.0,0.0,0.0,0.0,0.0,2.15,0.54,1.03,3.6,,,,10.05,8.09,,,,,,,,,0.2,,,,,,,,,,1,1,1,1,0,0,81.86,70.84,75.47,70.07,4.37,2.03,4.07,1.77,,,,,,,,,11.63,11.25,24.79,12.61,,,,,,-30.77,-24.44,-21.62,5.54,,,,5.75,4.73,,,,,,,,,8.22,,,,,,,,,,387,379,387,379,387,379,387,379,0,0,0,0,0,0,0,0,387,387,379,387,0,0,0,0,0,96.99,94.99,96.99,94.99,96.99,94.99,96.99,94.99,0.0,0.0,0.0,0.0,0.0,0.0,0.0,0.0,96.99,96.99,94.99,96.99,0.0,0.0,0.0,0.0,0.0,0.0,0.0,0.0,0.0,0.0,0.0,0.0,0.0,0.0,0.0,0.0,0.0,0.0,0.0,0.0,0.0,0.0,0.0,0.0,0.0,0.0,0.0,0.0,0.0,0.0,2022-2023,70891.0,18148.0,0.0,89039.0
2023-03-04T00:00:00.000,CA,61976.25,56338.8,3353.79,50065.97,46286.88,2402.62,10499.68,6815.39,991.71,7447.77,5208.53,714.05,2471.41,58.57,2529.98,,,84.87,,,,288.76,16.29,305.05,,,10.21,,,,39.0,35.0,79.0,605.0,,,,2851.0,47.0,2930.0,,,,,,,,,,62.0,,,,,,,,,,,80.78,4.08,0.14,,70.93,2.91,0.1,,97.3,2.7,,,,,387,387,387,387,387,387,0,387,387,0,379,387,387,0,0,387,0,0,0,387,387,387,387,0,387,387,0,96.99,96.99,96.99,96.99,96.99,96.99,0.0,96.99,96.99,0.0,94.99,96.99,96.99,0.0,0.0,96.99,0.0,0.0,0.0,96.99,96.99,96.99,96.99,0.0,96.99,96.99,0.0,0.0,0.0,0.0,0.0,0.0,0.0,0.0,0.0,0.0,0.0,0.0,0.0,0.0,0.0,0.0,0.0,0.0,0.0,0.0,0.0,0.0,0.0,0.0,0.0,0.0,0.0,0.0,1.86,0.55,0.94,3.57,,,,9.38,7.55,,,,,,,,,0.16,,,,,,,,,,1,1,1,1,0,0,82.16,71.64,76.42,72.0,4.39,1.75,4.24,1.64,,,,,,,,,12.06,11.68,27.8,12.04,,,,,,-13.33,2.94,-9.2,-0.82,,,,-6.65,-6.72,,,,,,,,,-21.52,,,,,,,,,,387,379,387,379,387,379,387,379,0,0,0,0,0,0,0,0,387,387,379,387,0,0,0,0,0,96.99,94.99,96.99,94.99,96.99,94.99,96.99,94.99,0.0,0.0,0.0,0.0,0.0,0.0,0.0,0.0,96.99,96.99,94.99,96.99,0.0,0.0,0.0,0.0,0.0,0.0,0.0,0.0,0.0,0.0,0.0,0.0,0.0,0.0,0.0,0.0,0.0,0.0,0.0,0.0,0.0,0.0,0.0,0.0,0.0,0.0,0.0,0.0,0.0,0.0,2022-2023,73821.0,18210.0,0.0,92031.0
2023-03-11T00:00:00.000,CA,62003.48,56359.86,3458.81,50045.14,46241.14,2482.02,10432.64,6784.64,986.29,7370.52,5129.52,713.86,2319.3,66.14,2385.44,,,75.69,,,,266.64,18.43,285.07,,,9.12,,,,50.0,28.0,82.0,589.0,,,,2609.0,55.0,2691.0,,,,,,,,,,47.0,,,,,,,,,,,80.71,3.85,0.12,,70.65,2.73,0.09,,96.95,3.05,,,,,387,387,387,387,387,387,0,387,387,0,379,387,387,0,0,387,0,0,0,387,387,387,387,0,387,387,0,96.99,96.99,96.99,96.99,96.99,96.99,0.0,96.99,96.99,0.0,94.99,96.99,96.99,0.0,0.0,96.99,0.0,0.0,0.0,96.99,96.99,96.99,96.99,0.0,96.99,96.99,0.0,0.0,0.0,0.0,0.0,0.0,0.0,0.0,0.0,0.0,0.0,0.0,0.0,0.0,0.0,0.0,0.0,0.0,0.0,0.0,0.0,0.0,0.0,0.0,0.0,0.0,0.0,0.0,2.38,0.44,0.97,3.48,,,,8.59,6.93,,,,,,,,,0.12,,,,,,,,,,1,1,1,1,0,0,82.05,71.76,75.6,72.38,4.12,1.91,3.93,1.87,,,,,,,,,11.95,11.5,27.86,12.05,,,,,,28.21,-20.0,3.8,-2.64,,,,-8.49,-8.16,,,,,,,,,-24.19,,,,,,,,,,387,379,387,379,387,379,387,379,0,0,0,0,0,0,0,0,387,387,379,387,0,0,0,0,0,96.99,94.99,96.99,94.99,96.99,94.99,96.99,94.99,0.0,0.0,0.0,0.0,0.0,0.0,0.0,0.0,96.99,96.99,94.99,96.99,0.0,0.0,0.0,0.0,0.0,0.0,0.0,0.0,0.0,0.0,0.0,0.0,0.0,0.0,0.0,0.0,0.0,0.0,0.0,0.0,0.0,0.0,0.0,0.0,0.0,0.0,0.0,0.0,0.0,0.0,2022-2023,76512.0,18257.0,0.0,94769.0
2023-03-18T00:00:00.000,CA,61894.32,56251.3,3393.67,49818.36,45988.24,2479.74,10499.95,6815.29,1008.71,7391.56,5129.69,731.57,2035.01,63.71,2098.72,,,64.62,,,,232.0,18.0,250.0,,,6.29,,,,43.0,18.0,64.0,480.0,,,,2308.0,25.0,2372.0,,,,,,,,,,60.0,,,,,,,,,,,80.49,3.39,0.1,,70.4,2.38,0.06,,97.3,2.7,,,,,387,387,387,387,387,387,0,387,387,0,379,387,387,0,0,387,0,0,0,387,387,387,387,0,387,387,0,96.99,96.99,96.99,96.99,96.99,96.99,0.0,96.99,96.99,0.0,94.99,96.99,96.99,0.0,0.0,96.99,0.0,0.0,0.0,96.99,96.99,96.99,96.99,0.0,96.99,96.99,0.0,0.0,0.0,0.0,0.0,0.0,0.0,0.0,0.0,0.0,0.0,0.0,0.0,0.0,0.0,0.0,0.0,0.0,0.0,0.0,0.0,0.0,0.0,0.0,0.0,0.0,0.0,0.0,2.05,0.28,0.76,2.83,,,,7.6,6.11,,,,,,,,,0.15,,,,,,,,,,1,1,1,1,0,0,81.75,73.07,75.27,72.53,3.62,1.88,3.4,1.78,,,,,,,,,11.91,11.4,28.25,9.73,,,,,,-14.0,-35.71,-21.95,-18.51,,,,-11.54,-11.85,,,,,,,,,27.66,,,,,,,,,,387,379,387,379,387,379,387,379,0,0,0,0,0,0,0,0,387,387,379,387,0,0,0,0,0,96.99,94.99,96.99,94.99,96.99,94.99,96.99,94.99,0.0,0.0,0.0,0.0,0.0,0.0,0.0,0.0,96.99,96.99,94.99,96.99,0.0,0.0,0.0,0.0,0.0,0.0,0.0,0.0,0.0,0.0,0.0,0.0,0.0,0.0,0.0,0.0,0.0,0.0,0.0,0.0,0.0,0.0,0.0,0.0,0.0,0.0,0.0,0.0,0.0,0.0,2022-2023,78884.0,18317.0,0.0,97201.0
2023-03-25T00:00:00.000,CA,61678.66,56026.34,3379.6,49142.02,45385.98,2425.65,10436.54,6760.82,1000.14,7181.55,4958.52,721.71,1756.34,58.0,1814.34,,,59.31,,,,198.25,11.0,209.25,,,6.0,,,,36.0,23.0,60.0,403.0,,,,1969.0,29.0,2029.0,,,,,,,,,,36.0,,,,,,,,,,,79.67,2.94,0.1,,68.81,2.0,0.06,,97.04,2.96,,,,,387,387,387,387,387,387,0,387,387,0,379,387,387,0,0,387,0,0,0,387,387,387,387,0,387,387,0,96.99,96.99,96.99,96.99,96.99,96.99,0.0,96.99,96.99,0.0,94.99,96.99,96.99,0.0,0.0,96.99,0.0,0.0,0.0,96.99,96.99,96.99,96.99,0.0,96.99,96.99,0.0,0.0,0.0,0.0,0.0,0.0,0.0,0.0,0.0,0.0,0.0,0.0,0.0,0.0,0.0,0.0,0.0,0.0,0.0,0.0,0.0,0.0,0.0,0.0,0.0,0.0,0.0,0.0,1.72,0.36,0.71,2.38,,,,6.48,5.23,,,,,,,,,0.09,,,,,,,,,,1,1,1,1,0,0,81.01,71.77,73.34,72.16,3.13,1.72,2.93,1.1,,,,,,,,,11.53,11.29,18.97,10.12,,,,,,-16.28,27.78,-6.25,-16.04,,,,-14.69,-14.46,,,,,,,,,-40.0,,,,,,,,,,387,379,387,379,387,379,387,379,0,0,0,0,0,0,0,0,387,387,379,387,0,0,0,0,0,96.99,94.99,96.99,94.99,96.99,94.99,96.99,94.99,0.0,0.0,0.0,0.0,0.0,0.0,0.0,0.0,96.99,96.99,94.99,96.99,0.0,0.0,0.0,0.0,0.0,0.0,0.0,0.0,0.0,0.0,0.0,0.0,0.0,0.0,0.0,0.0,0.0,0.0,0.0,0.0,0.0,0.0,0.0,0.0,0.0,0.0,0.0,0.0,0.0,0.0,2022-2023,80913.0,18353.0,0.0,99266.0
2023-04-01T00:00:00.000,CA,61358.76,55725.43,3384.17,48741.04,45055.59,2373.1,10417.46,6741.63,980.43,7170.76,4978.91,688.5,1544.6,51.29,1595.88,,,45.33,,,,170.93,14.14,185.07,,,6.71,,,,27.0,21.0,53.0,377.0,,,,1864.0,30.0,1917.0,,,,,,,,,,29.0,,,,,,,,,,,79.44,2.6,0.07,,68.83,1.78,0.06,,97.24,2.76,,,,,387,387,387,387,387,387,0,387,387,0,379,387,387,0,0,387,0,0,0,387,387,387,387,0,387,387,0,96.99,96.99,96.99,96.99,96.99,96.99,0.0,96.99,96.99,0.0,94.99,96.99,96.99,0.0,0.0,96.99,0.0,0.0,0.0,96.99,96.99,96.99,96.99,0.0,96.99,96.99,0.0,0.0,0.0,0.0,0.0,0.0,0.0,0.0,0.0,0.0,0.0,0.0,0.0,0.0,0.0,0.0,0.0,0.0,0.0,0.0,0.0,0.0,0.0,0.0,0.0,0.0,0.0,0.0,1.29,0.33,0.63,2.22,,,,6.14,4.94,,,,,,,,,0.07,,,,,,,,,,1,1,1,1,0,0,80.85,70.12,73.85,70.22,2.77,1.52,2.54,1.44,,,,,,,,,11.6,11.07,27.58,14.81,,,,,,-25.0,-8.7,-11.67,-6.45,,,,-5.33,-5.52,,,,,,,,,-19.44,,,,,,,,,,387,379,387,379,387,379,387,379,0,0,0,0,0,0,0,0,387,387,379,387,0,0,0,0,0,96.99,94.99,96.99,94.99,96.99,94.99,96.99,94.99,0.0,0.0,0.0,0.0,0.0,0.0,0.0,0.0,96.99,96.99,94.99,96.99,0.0,0.0,0.0,0.0,0.0,0.0,0.0,0.0,0.0,0.0,0.0,0.0,0.0,0.0,0.0,0.0,0.0,0.0,0.0,0.0,0.0,0.0,0.0,0.0,0.0,0.0,0.0,0.0,0.0,0.0,2022-2023,82830.0,18382.0,0.0,101212.0
2023-04-08T00:00:00.000,CA,61312.29,55701.99,3389.87,48371.4,44705.31,2361.93,10330.9,6636.38,966.14,7115.91,4910.1,679.14,1464.22,41.57,1505.8,,,50.91,,,,164.24,12.43,176.67,,,4.86,,,,30.0,17.0,50.0,333.0,,,,1725.0,38.0,1775.0,,,,,,,,,,45.0,,,,,,,,,,,78.89,2.46,0.08,,68.88,1.71,0.05,,97.18,2.82,,,,,387,387,387,387,387,387,0,387,387,0,379,387,387,0,0,387,0,0,0,387,387,387,387,0,387,387,0,96.99,96.99,96.99,96.99,96.99,96.99,0.0,96.99,96.99,0.0,94.99,96.99,96.99,0.0,0.0,96.99,0.0,0.0,0.0,96.99,96.99,96.99,96.99,0.0,96.99,96.99,0.0,0.0,0.0,0.0,0.0,0.0,0.0,0.0,0.0,0.0,0.0,0.0,0.0,0.0,0.0,0.0,0.0,0.0,0.0,0.0,0.0,0.0,0.0,0.0,0.0,0.0,0.0,0.0,1.43,0.27,0.59,1.96,,,,5.68,4.57,,,,,,,,,0.12,,,,,,,,,,1,1,1,1,0,0,80.26,69.68,73.99,70.29,2.63,1.23,2.47,1.29,,,,,,,,,11.73,11.22,29.9,9.54,,,,,,11.11,-19.05,-5.66,-11.67,,,,-7.46,-7.41,,,,,,,,,55.17,,,,,,,,,,387,379,387,379,387,379,387,379,0,0,0,0,0,0,0,0,387,387,379,387,0,0,0,0,0,96.99,94.99,96.99,94.99,96.99,94.99,96.99,94.99,0.0,0.0,0.0,0.0,0.0,0.0,0.0,0.0,96.99,96.99,94.99,96.99,0.0,0.0,0.0,0.0,0.0,0.0,0.0,0.0,0.0,0.0,0.0,0.0,0.0,0.0,0.0,0.0,0.0,0.0,0.0,0.0,0.0,0.0,0.0,0.0,0.0,0.0,0.0,0.0,0.0,0.0,2022-2023,84605.0,18427.0,0.0,103032.0
2023-04-15T00:00:00.000,CA,61312.09,55719.35,3408.17,48548.73,44900.35,2352.95,10429.13,6736.85,960.43,7106.05,4908.79,662.86,1420.25,37.19,1457.44,,,45.65,,,,160.7,8.86,169.55,,,6.77,,,,30.0,21.0,53.0,323.0,,,,1713.0,27.0,1766.0,,,,,,,,,,33.0,,,,,,,,,,,79.18,2.38,0.07,,68.14,1.63,0.06,,97.0,3.0,,,,,387,387,387,387,387,387,0,387,387,0,379,387,387,0,0,387,0,0,0,387,387,387,387,0,387,387,0,96.99,96.99,96.99,96.99,96.99,96.99,0.0,96.99,96.99,0.0,94.99,96.99,96.99,0.0,0.0,96.99,0.0,0.0,0.0,96.99,96.99,96.99,96.99,0.0,96.99,96.99,0.0,0.0,0.0,0.0,0.0,0.0,0.0,0.0,0.0,0.0,0.0,0.0,0.0,0.0,0.0,0.0,0.0,0.0,0.0,0.0,0.0,0.0,0.0,0.0,0.0,0.0,0.0,0.0,1.43,0.33,0.63,1.91,,,,5.64,4.55,,,,,,,,,0.08,,,,,,,,,,1,1,1,1,0,0,80.58,69.04,72.86,69.02,2.55,1.09,2.39,0.92,,,,,,,,,11.63,11.31,23.82,14.83,,,,,,0.0,23.53,6.0,-3.0,,,,-0.7,-0.51,,,,,,,,,-26.67,,,,,,,,,,387,379,387,379,387,379,387,379,0,0,0,0,0,0,0,0,387,387,379,387,0,0,0,0,0,96.99,94.99,96.99,94.99,96.99,94.99,96.99,94.99,0.0,0.0,0.0,0.0,0.0,0.0,0.0,0.0,96.99,96.99,94.99,96.99,0.0,0.0,0.0,0.0,0.0,0.0,0.0,0.0,0.0,0.0,0.0,0.0,0.0,0.0,0.0,0.0,0.0,0.0,0.0,0.0,0.0,0.0,0.0,0.0,0.0,0.0,0.0,0.0,0.0,0.0,2022-2023,86371.0,18460.0,0.0,104831.0
2023-04-22T00:00:00.000,CA,61381.42,55730.05,3401.51,48318.43,44632.34,2334.46,10399.57,6704.43,991.43,7080.31,4837.14,686.0,1378.86,33.14,1412.0,,,50.99,,,,143.5,12.57,156.07,,,8.54,,,,18.0,15.0,36.0,346.0,,,,1606.0,28.0,1642.0,,,,,,,,,,37.0,,,,,,,,,,,78.72,2.3,0.08,,68.08,1.5,0.08,,97.81,2.19,,,,,387,387,387,387,387,387,0,387,387,0,379,387,387,0,0,387,0,0,0,387,387,387,387,0,387,387,0,96.99,96.99,96.99,96.99,96.99,96.99,0.0,96.99,96.99,0.0,94.99,96.99,96.99,0.0,0.0,96.99,0.0,0.0,0.0,96.99,96.99,96.99,96.99,0.0,96.99,96.99,0.0,0.0,0.0,0.0,0.0,0.0,0.0,0.0,0.0,0.0,0.0,0.0,0.0,0.0,0.0,0.0,0.0,0.0,0.0,0.0,0.0,0.0,0.0,0.0,0.0,0.0,0.0,0.0,0.86,0.24,0.43,2.04,,,,5.29,4.23,,,,,,,,,0.1,,,,,,,,,,1,1,1,1,0,0,80.09,68.63,72.15,69.19,2.47,0.97,2.14,1.27,,,,,,,,,11.05,10.41,37.93,16.74,,,,,,-40.0,-28.57,-32.08,7.12,,,,-6.25,-7.02,,,,,,,,,12.12,,,,,,,,,,387,379,387,379,387,379,387,379,0,0,0,0,0,0,0,0,387,387,379,387,0,0,0,0,0,96.99,94.99,96.99,94.99,96.99,94.99,96.99,94.99,0.0,0.0,0.0,0.0,0.0,0.0,0.0,0.0,96.99,96.99,94.99,96.99,0.0,0.0,0.0,0.0,0.0,0.0,0.0,0.0,0.0,0.0,0.0,0.0,0.0,0.0,0.0,0.0,0.0,0.0,0.0,0.0,0.0,0.0,0.0,0.0,0.0,0.0,0.0,0.0,0.0,0.0,2022-2023,88013.0,18497.0,0.0,106510.0
2023-04-29T00:00:00.000,CA,61333.69,55716.33,3366.12,47927.74,44296.05,2268.45,10423.69,6716.17,969.43,7017.33,4807.6,659.0,1304.45,31.14,1335.59,,,33.86,,,,144.54,10.57,155.11,,,4.83,,,,19.0,15.0,37.0,284.0,,,,1514.0,18.0,1551.0,,,,,,,,,,26.0,,,,,,,,,,,78.14,2.18,0.06,,67.32,1.49,0.05,,97.61,2.39,,,,,387,387,387,387,387,387,0,387,387,0,379,387,387,0,0,387,0,0,0,387,387,387,387,0,387,387,0,96.99,96.99,96.99,96.99,96.99,96.99,0.0,96.99,96.99,0.0,94.99,96.99,96.99,0.0,0.0,96.99,0.0,0.0,0.0,96.99,96.99,96.99,96.99,0.0,96.99,96.99,0.0,0.0,0.0,0.0,0.0,0.0,0.0,0.0,0.0,0.0,0.0,0.0,0.0,0.0,0.0,0.0,0.0,0.0,0.0,0.0,0.0,0.0,0.0,0.0,0.0,0.0,0.0,0.0,0.91,0.24,0.44,1.68,,,,4.98,3.99,,,,,,,,,0.07,,,,,,,,,,1,1,1,1,0,0,79.5,67.39,71.58,67.98,2.34,0.93,2.15,1.09,,,,,,,,,11.61,11.08,33.94,14.26,,,,,,5.56,0.0,2.78,-17.92,,,,-5.73,-5.54,,,,,,,,,-29.73,,,,,,,,,,387,379,387,379,387,379,387,379,0,0,0,0,0,0,0,0,387,387,379,387,0,0,0,0,0,96.99,94.99,96.99,94.99,96.99,94.99,96.99,94.99,0.0,0.0,0.0,0.0,0.0,0.0,0.0,0.0,96.99,96.99,94.99,96.99,0.0,0.0,0.0,0.0,0.0,0.0,0.0,0.0,0.0,0.0,0.0,0.0,0.0,0.0,0.0,0.0,0.0,0.0,0.0,0.0,0.0,0.0,0.0,0.0,0.0,0.0,0.0,0.0,0.0,0.0,2022-2023,89564.0,18523.0,0.0,108087.0
2023-05-06T00:00:00.000,CA,61250.19,55570.61,3380.57,47336.91,43614.25,2320.83,10315.66,6622.75,977.86,6924.33,4674.04,672.29,1180.67,38.06,1218.73,,,35.2,,,,124.21,9.86,134.07,,,5.0,,,,16.0,27.0,45.0,241.0,,,,1369.0,16.0,1414.0,,,,,,,,,,22.0,,,,,,,,,,,77.28,1.99,0.06,,67.12,1.3,0.05,,96.82,3.18,,,,,387,387,387,387,387,387,0,387,387,0,379,387,387,0,0,387,0,0,0,387,387,387,387,0,387,387,0,96.99,96.99,96.99,96.99,96.99,96.99,0.0,96.99,96.99,0.0,94.99,96.99,96.99,0.0,0.0,96.99,0.0,0.0,0.0,96.99,96.99,96.99,96.99,0.0,96.99,96.99,0.0,0.0,0.0,0.0,0.0,0.0,0.0,0.0,0.0,0.0,0.0,0.0,0.0,0.0,0.0,0.0,0.0,0.0,0.0,0.0,0.0,0.0,0.0,0.0,0.0,0.0,0.0,0.0,0.76,0.43,0.53,1.42,,,,4.51,3.64,,,,,,,,,0.06,,,,,,,,,,1,1,1,1,0,0,78.48,68.65,70.58,68.75,2.12,1.13,1.88,1.01,,,,,,,,,11.0,10.52,25.9,14.2,,,,,,-15.79,80.0,21.62,-15.14,,,,-9.58,-8.83,,,,,,,,,-15.38,,,,,,,,,,387,379,387,379,387,379,387,379,0,0,0,0,0,0,0,0,387,387,379,387,0,0,0,0,0,96.99,94.99,96.99,94.99,96.99,94.99,96.99,94.99,0.0,0.0,0.0,0.0,0.0,0.0,0.0,0.0,96.99,96.99,94.99,96.99,0.0,0.0,0.0,0.0,0.0,0.0,0.0,0.0,0.0,0.0,0.0,0.0,0.0,0.0,0.0,0.0,0.0,0.0,0.0,0.0,0.0,0.0,0.0,0.0,0.0,0.0,0.0,0.0,0.0,0.0,2022-2023,90978.0,18545.0,0.0,109523.0
2023-05-13T00:00:00.000,CA,60966.6,55331.31,3762.0,46951.22,43293.6,2518.02,10183.73,6632.0,1114.71,6838.47,4722.9,761.57,1091.85,31.71,1123.57,,,34.45,,,,112.0,8.86,120.86,,,4.54,,,,16.0,14.0,30.0,276.0,,,,1370.0,29.0,1400.0,,,,,,,,,,33.0,,,,,,,,,,,77.01,1.84,0.06,,67.15,1.19,0.04,,97.86,2.14,,,,,387,387,387,387,387,387,0,387,387,0,379,387,387,0,0,387,0,0,0,387,387,387,387,0,387,387,0,96.99,96.99,96.99,96.99,96.99,96.99,0.0,96.99,96.99,0.0,94.99,96.99,96.99,0.0,0.0,96.99,0.0,0.0,0.0,96.99,96.99,96.99,96.99,0.0,96.99,96.99,0.0,0.0,0.0,0.0,0.0,0.0,0.0,0.0,0.0,0.0,0.0,0.0,0.0,0.0,0.0,0.0,0.0,0.0,0.0,0.0,0.0,0.0,0.0,0.0,0.0,0.0,0.0,0.0,0.76,0.22,0.36,1.63,,,,4.51,3.61,,,,,,,,,0.08,,,,,,,,,,1,1,1,1,0,0,78.24,66.93,71.21,68.32,1.97,0.84,1.69,0.79,,,,,,,,,10.76,10.26,27.93,13.19,,,,,,0.0,-48.15,-33.33,14.52,,,,0.07,-0.99,,,,,,,,,50.0,,,,,,,,,,387,379,387,379,387,379,387,379,0,0,0,0,0,0,0,0,387,387,379,387,0,0,0,0,0,96.99,94.99,96.99,94.99,96.99,94.99,96.99,94.99,0.0,0.0,0.0,0.0,0.0,0.0,0.0,0.0,96.99,96.99,94.99,96.99,0.0,0.0,0.0,0.0,0.0,0.0,0.0,0.0,0.0,0.0,0.0,0.0,0.0,0.0,0.0,0.0,0.0,0.0,0.0,0.0,0.0,0.0,0.0,0.0,0.0,0.0,0.0,0.0,0.0,0.0,2022-2023,92378.0,18578.0,0.0,110956.0
2023-05-20T00:00:00.000,CA,61182.57,55498.43,4300.43,47468.32,43739.5,2909.0,9955.88,6575.71,1337.57,6837.37,4780.92,973.71,1047.32,37.43,1084.75,,,32.94,,,,107.7,13.71,121.41,,,2.34,,,,29.0,14.0,46.0,250.0,,,,1336.0,42.0,1382.0,,,,,,,,,,24.0,,,,,,,,,,,77.58,1.77,0.05,,68.68,1.22,0.02,,96.67,3.33,,,,,383,383,383,383,383,383,0,383,383,0,375,383,383,0,0,383,0,0,0,383,383,383,383,0,383,383,0,95.99,95.99,95.99,95.99,95.99,95.99,0.0,95.99,95.99,0.0,93.98,95.99,95.99,0.0,0.0,95.99,0.0,0.0,0.0,95.99,95.99,95.99,95.99,0.0,95.99,95.99,0.0,-1.0,-1.0,-1.0,-1.0,-1.0,-1.0,0.0,-1.0,-1.0,0.0,-1.0,-1.0,-1.0,0.0,0.0,-1.0,0.0,0.0,0.0,-1.0,-1.0,-1.0,-1.0,0.0,-1.0,-1.0,0.0,1.38,0.22,0.54,1.48,,,,4.4,3.56,,,,,,,,,0.06,,,,,,,,,,1,1,1,1,0,0,78.81,67.64,72.71,72.8,1.89,0.87,1.64,1.03,,,,,,,,,11.19,10.28,36.64,7.11,,,,,,81.25,0.0,53.33,-9.42,,,,-2.48,-1.29,,,,,,,,,-27.27,,,,,,,,,,383,375,383,375,383,375,383,375,0,0,0,0,0,0,0,0,383,383,375,383,0,0,0,0,0,95.99,93.98,95.99,93.98,95.99,93.98,95.99,93.98,0.0,0.0,0.0,0.0,0.0,0.0,0.0,0.0,95.99,95.99,93.98,95.99,0.0,0.0,0.0,0.0,0.0,-1.0,-1.0,-1.0,-1.0,-1.0,-1.0,-1.0,-1.0,0.0,0.0,0.0,0.0,0.0,0.0,0.0,0.0,-1.0,-1.0,-1.0,-1.0,0.0,0.0,0.0,0.0,0.0,2022-2023,93760.0,18602.0,0.0,112362.0
2023-05-27T00:00:00.000,CA,61443.29,55699.95,4398.62,47450.94,43658.98,2963.5,9943.51,6575.86,1375.09,6763.41,4726.92,989.94,1022.5,32.94,1055.45,,,30.31,,,,118.31,13.29,131.6,,,1.2,,,,20.0,9.0,39.0,249.0,,,,1338.0,64.0,1377.0,,,,,,,,,,23.0,,,,,,,,,,,77.23,1.72,0.05,,68.02,1.32,0.01,,97.17,2.83,,,,,383,383,383,383,383,383,0,383,383,0,375,383,383,0,0,383,0,0,0,383,383,383,383,0,383,383,0,95.99,95.99,95.99,95.99,95.99,95.99,0.0,95.99,95.99,0.0,93.98,95.99,95.99,0.0,0.0,95.99,0.0,0.0,0.0,95.99,95.99,95.99,95.99,0.0,95.99,95.99,0.0,0.0,0.0,0.0,0.0,0.0,0.0,0.0,0.0,0.0,0.0,0.0,0.0,0.0,0.0,0.0,0.0,0.0,0.0,0.0,0.0,0.0,0.0,0.0,0.0,0.0,0.0,0.0,0.95,0.14,0.46,1.47,,,,4.4,3.55,,,,,,,,,0.06,,,,,,,,,,1,1,1,1,0,0,78.38,67.37,71.88,71.99,1.84,0.75,1.8,0.97,,,,,,,,,12.47,11.57,40.33,3.96,,,,,,-31.03,-35.71,-15.22,-0.4,,,,0.15,-0.36,,,,,,,,,-4.17,,,,,,,,,,383,375,383,375,383,375,383,375,0,0,0,0,0,0,0,0,383,383,375,383,0,0,0,0,0,95.99,93.98,95.99,93.98,95.99,93.98,95.99,93.98,0.0,0.0,0.0,0.0,0.0,0.0,0.0,0.0,95.99,95.99,93.98,95.99,0.0,0.0,0.0,0.0,0.0,0.0,0.0,0.0,0.0,0.0,0.0,0.0,0.0,0.0,0.0,0.0,0.0,0.0,0.0,0.0,0.0,0.0,0.0,0.0,0.0,0.0,0.0,0.0,0.0,0.0,2022-2023,95137.0,18625.0,0.0,113762.0
2023-06-03T00:00:00.000,CA,61029.06,55293.46,4334.86,46880.69,42854.55,2770.74,9969.57,6571.28,1393.71,6616.79,4628.5,942.0,968.85,30.0,998.85,,,37.02,,,,117.26,18.14,135.4,,,0.86,,,,20.0,7.0,34.0,224.0,,,,1187.0,37.0,1221.0,,,,,,,,,,48.0,,,,,,,,,,,76.82,1.64,0.06,,66.37,1.36,0.01,,97.22,2.78,,,,,383,383,383,383,383,383,0,383,383,0,375,383,383,0,0,383,0,0,0,383,383,383,383,0,383,383,0,95.99,95.99,95.99,95.99,95.99,95.99,0.0,95.99,95.99,0.0,93.98,95.99,95.99,0.0,0.0,95.99,0.0,0.0,0.0,95.99,95.99,95.99,95.99,0.0,95.99,95.99,0.0,0.0,0.0,0.0,0.0,0.0,0.0,0.0,0.0,0.0,0.0,0.0,0.0,0.0,0.0,0.0,0.0,0.0,0.0,0.0,0.0,0.0,0.0,0.0,0.0,0.0,0.0,0.0,0.95,0.11,0.4,1.32,,,,3.91,3.14,,,,,,,,,0.12,,,,,,,,,,1,1,1,1,0,0,77.5,63.92,70.44,67.59,1.75,0.69,1.78,1.3,,,,,,,,,13.56,12.1,60.48,2.32,,,,,,0.0,-22.22,-12.82,-10.04,,,,-11.29,-11.33,,,,,,,,,108.7,,,,,,,,,,383,375,383,375,383,375,383,375,0,0,0,0,0,0,0,0,383,383,375,383,0,0,0,0,0,95.99,93.98,95.99,93.98,95.99,93.98,95.99,93.98,0.0,0.0,0.0,0.0,0.0,0.0,0.0,0.0,95.99,95.99,93.98,95.99,0.0,0.0,0.0,0.0,0.0,0.0,0.0,0.0,0.0,0.0,0.0,0.0,0.0,0.0,0.0,0.0,0.0,0.0,0.0,0.0,0.0,0.0,0.0,0.0,0.0,0.0,0.0,0.0,0.0,0.0,2022-2023,96358.0,18673.0,0.0,115031.0
2023-06-10T00:00:00.000,CA,61390.71,55629.86,4358.0,47005.94,43245.51,2828.86,10005.71,6570.43,1391.14,6652.33,4636.19,956.29,930.27,25.86,956.13,,,33.56,,,,110.91,10.14,121.06,,,2.36,,,,23.0,13.0,36.0,221.0,,,,1220.0,36.0,1256.0,,,,,,,,,,43.0,,,,,,,,,,,76.57,1.56,0.05,,66.49,1.21,0.02,,97.13,2.87,,,,,384,384,384,384,384,384,0,384,384,0,376,384,384,0,0,384,0,0,0,384,384,384,384,0,384,384,0,96.24,96.24,96.24,96.24,96.24,96.24,0.0,96.24,96.24,0.0,94.24,96.24,96.24,0.0,0.0,96.24,0.0,0.0,0.0,96.24,96.24,96.24,96.24,0.0,96.24,96.24,0.0,0.25,0.25,0.25,0.25,0.25,0.25,0.0,0.25,0.25,0.0,0.25,0.25,0.25,0.0,0.0,0.25,0.0,0.0,0.0,0.25,0.25,0.25,0.25,0.0,0.25,0.25,0.0,1.1,0.2,0.43,1.3,,,,4.02,3.23,,,,,,,,,0.11,,,,,,,,,,1,1,1,1,0,0,77.74,64.91,70.56,68.74,1.67,0.59,1.69,0.73,,,,,,,,,12.66,11.92,39.23,7.02,,,,,,15.0,85.71,5.88,-1.34,,,,2.78,2.87,,,,,,,,,-10.42,,,,,,,,,,384,376,384,376,384,376,384,376,0,0,0,0,0,0,0,0,384,384,376,384,0,0,0,0,0,96.24,94.24,96.24,94.24,96.24,94.24,96.24,94.24,0.0,0.0,0.0,0.0,0.0,0.0,0.0,0.0,96.24,96.24,94.24,96.24,0.0,0.0,0.0,0.0,0.0,0.25,0.25,0.25,0.25,0.25,0.25,0.25,0.25,0.0,0.0,0.0,0.0,0.0,0.0,0.0,0.0,0.25,0.25,0.25,0.25,0.0,0.0,0.0,0.0,0.0,2022-2023,97614.0,18716.0,0.0,116330.0
2023-06-17T00:00:00.000,CA,61243.86,55367.14,4380.71,46535.79,42938.36,2762.14,9975.57,6562.14,1409.14,6598.57,4606.57,940.71,878.6,44.86,923.46,,,35.71,,,,101.43,22.29,123.71,,,3.71,,,,19.0,10.0,37.0,232.0,,,,1258.0,54.0,1295.0,,,,,,,,,,36.0,,,,,,,,,,,75.98,1.51,0.06,,66.15,1.24,0.04,,97.14,2.86,,,,,384,384,384,384,384,384,0,384,384,0,376,384,384,0,0,384,0,0,0,384,384,384,384,0,384,384,0,96.24,96.24,96.24,96.24,96.24,96.24,0.0,96.24,96.24,0.0,94.24,96.24,96.24,0.0,0.0,96.24,0.0,0.0,0.0,96.24,96.24,96.24,96.24,0.0,96.24,96.24,0.0,0.0,0.0,0.0,0.0,0.0,0.0,0.0,0.0,0.0,0.0,0.0,0.0,0.0,0.0,0.0,0.0,0.0,0.0,0.0,0.0,0.0,0.0,0.0,0.0,0.0,0.0,0.0,0.91,0.16,0.44,1.37,,,,4.14,3.34,,,,,,,,,0.09,,,,,,,,,,1,1,1,1,0,0,77.55,63.05,70.2,66.76,1.59,1.02,1.55,1.58,,,,,,,,,13.4,11.54,49.68,10.4,,,,,,-17.39,-23.08,2.78,4.98,,,,3.11,3.11,,,,,,,,,-16.28,,,,,,,,,,384,376,384,376,384,376,384,376,0,0,0,0,0,0,0,0,384,384,376,384,0,0,0,0,0,96.24,94.24,96.24,94.24,96.24,94.24,96.24,94.24,0.0,0.0,0.0,0.0,0.0,0.0,0.0,0.0,96.24,96.24,94.24,96.24,0.0,0.0,0.0,0.0,0.0,0.0,0.0,0.0,0.0,0.0,0.0,0.0,0.0,0.0,0.0,0.0,0.0,0.0,0.0,0.0,0.0,0.0,0.0,0.0,0.0,0.0,0.0,0.0,0.0,0.0,2022-2023,98909.0,18752.0,0.0,117661.0
2023-06-24T00:00:00.000,CA,61203.29,55389.43,4351.0,46647.14,43037.14,2732.71,9947.14,6601.14,1324.14,6576.14,4611.71,861.14,804.57,41.14,845.71,,,39.14,,,,85.29,23.86,109.14,,,3.43,,,,20.0,13.0,33.0,216.0,,,,1160.0,63.0,1193.0,,,,,,,,,,27.0,,,,,,,,,,,76.22,1.38,0.06,,66.11,1.1,0.03,,97.23,2.77,,,,,384,384,384,384,384,384,0,384,384,0,376,384,384,0,0,384,0,0,0,384,384,384,384,0,384,384,0,96.24,96.24,96.24,96.24,96.24,96.24,0.0,96.24,96.24,0.0,94.24,96.24,96.24,0.0,0.0,96.24,0.0,0.0,0.0,96.24,96.24,96.24,96.24,0.0,96.24,96.24,0.0,0.0,0.0,0.0,0.0,0.0,0.0,0.0,0.0,0.0,0.0,0.0,0.0,0.0,0.0,0.0,0.0,0.0,0.0,0.0,0.0,0.0,0.0,0.0,0.0,0.0,0.0,0.0,0.95,0.2,0.39,1.27,,,,3.82,3.07,,,,,,,,,0.07,,,,,,,,,,1,1,1,1,0,0,77.7,62.81,69.86,65.03,1.45,0.95,1.29,1.8,,,,,,,,,12.91,10.6,57.99,8.76,,,,,,5.26,30.0,-10.81,-6.9,,,,-7.79,-7.88,,,,,,,,,-25.0,,,,,,,,,,384,376,384,376,384,376,384,376,0,0,0,0,0,0,0,0,384,384,376,384,0,0,0,0,0,96.24,94.24,96.24,94.24,96.24,94.24,96.24,94.24,0.0,0.0,0.0,0.0,0.0,0.0,0.0,0.0,96.24,96.24,94.24,96.24,0.0,0.0,0.0,0.0,0.0,0.0,0.0,0.0,0.0,0.0,0.0,0.0,0.0,0.0,0.0,0.0,0.0,0.0,0.0,0.0,0.0,0.0,0.0,0.0,0.0,0.0,0.0,0.0,0.0,0.0,2022-2023,100102.0,18779.0,0.0,118881.0
2023-07-01T00:00:00.000,CA,61272.86,55443.0,4259.0,46703.48,43053.48,2716.43,9957.29,6582.86,1321.71,6684.71,4664.71,871.14,762.03,31.14,793.17,,,41.71,,,,81.43,9.29,90.71,,,4.14,,,,16.0,12.0,29.0,206.0,,,,1152.0,69.0,1181.0,,,,,,,,,,49.0,,,,,,,,,,,76.22,1.29,0.07,,67.13,0.91,0.04,,97.54,2.46,,,,,384,384,384,384,384,384,0,384,384,0,376,384,384,0,0,384,0,0,0,384,384,384,384,0,384,384,0,96.24,96.24,96.24,96.24,96.24,96.24,0.0,96.24,96.24,0.0,94.24,96.24,96.24,0.0,0.0,96.24,0.0,0.0,0.0,96.24,96.24,96.24,96.24,0.0,96.24,96.24,0.0,0.0,0.0,0.0,0.0,0.0,0.0,0.0,0.0,0.0,0.0,0.0,0.0,0.0,0.0,0.0,0.0,0.0,0.0,0.0,0.0,0.0,0.0,0.0,0.0,0.0,0.0,0.0,0.76,0.19,0.34,1.22,,,,3.79,3.04,,,,,,,,,0.13,,,,,,,,,,1,1,1,1,0,0,77.65,63.78,70.86,65.91,1.37,0.73,1.24,0.7,,,,,,,,,11.44,10.69,29.82,9.93,,,,,,-20.0,-7.69,-12.12,-4.63,,,,-0.69,-1.01,,,,,,,,,81.48,,,,,,,,,,384,376,384,376,384,376,384,376,0,0,0,0,0,0,0,0,384,384,376,384,0,0,0,0,0,96.24,94.24,96.24,94.24,96.24,94.24,96.24,94.24,0.0,0.0,0.0,0.0,0.0,0.0,0.0,0.0,96.24,96.24,94.24,96.24,0.0,0.0,0.0,0.0,0.0,0.0,0.0,0.0,0.0,0.0,0.0,0.0,0.0,0.0,0.0,0.0,0.0,0.0,0.0,0.0,0.0,0.0,0.0,0.0,0.0,0.0,0.0,0.0,0.0,0.0,2022-2023,101283.0,18828.0,0.0,120111.0
2023-07-08T00:00:00.000,CA,60847.12,55005.98,4249.86,45788.44,42191.15,2590.86,9888.0,6540.29,1304.43,6555.12,4561.4,841.86,766.43,58.33,824.76,,,36.43,,,,78.43,8.0,86.43,,,5.29,,,,27.0,10.0,38.0,214.0,,,,1186.0,46.0,1224.0,,,,,,,,,,26.0,,,,,,,,,,,75.25,1.36,0.06,,66.29,0.87,0.05,,96.9,3.1,,,,,384,384,384,384,384,384,0,384,384,0,376,384,384,0,0,384,0,0,0,384,384,384,384,0,384,384,0,96.24,96.24,96.24,96.24,96.24,96.24,0.0,96.24,96.24,0.0,94.24,96.24,96.24,0.0,0.0,96.24,0.0,0.0,0.0,96.24,96.24,96.24,96.24,0.0,96.24,96.24,0.0,0.0,0.0,0.0,0.0,0.0,0.0,0.0,0.0,0.0,0.0,0.0,0.0,0.0,0.0,0.0,0.0,0.0,0.0,0.0,0.0,0.0,0.0,0.0,0.0,0.0,0.0,0.0,1.29,0.16,0.45,1.26,,,,3.9,3.15,,,,,,,,,0.07,,,,,,,,,,1,1,1,1,0,0,76.7,60.96,69.74,64.54,1.39,1.37,1.2,0.61,,,,,,,,,10.48,10.23,13.71,14.51,,,,,,68.75,-16.67,31.03,3.88,,,,2.95,3.64,,,,,,,,,-46.94,,,,,,,,,,384,376,384,376,384,376,384,376,0,0,0,0,0,0,0,0,384,384,376,384,0,0,0,0,0,96.24,94.24,96.24,94.24,96.24,94.24,96.24,94.24,0.0,0.0,0.0,0.0,0.0,0.0,0.0,0.0,96.24,96.24,94.24,96.24,0.0,0.0,0.0,0.0,0.0,0.0,0.0,0.0,0.0,0.0,0.0,0.0,0.0,0.0,0.0,0.0,0.0,0.0,0.0,0.0,0.0,0.0,0.0,0.0,0.0,0.0,0.0,0.0,0.0,0.0,2022-2023,102507.0,18854.0,0.0,121361.0
2023-07-15T00:00:00.000,CA,61060.43,55249.14,4245.43,46646.5,42983.93,2671.0,9871.86,6530.71,1302.29,6601.0,4618.0,855.71,821.45,61.29,882.74,,,37.71,,,,82.86,9.86,92.71,,,5.71,,,,24.0,10.0,35.0,209.0,,,,1233.0,46.0,1268.0,,,,,,,,,,54.0,,,,,,,,,,,76.39,1.45,0.06,,66.87,0.94,0.06,,97.24,2.76,,,,,383,383,383,383,383,383,0,383,383,0,375,383,383,0,0,383,0,0,0,383,383,383,383,0,383,383,0,95.99,95.99,95.99,95.99,95.99,95.99,0.0,95.99,95.99,0.0,93.98,95.99,95.99,0.0,0.0,95.99,0.0,0.0,0.0,95.99,95.99,95.99,95.99,0.0,95.99,95.99,0.0,-0.25,-0.25,-0.25,-0.25,-0.25,-0.25,0.0,-0.25,-0.25,0.0,-0.25,-0.25,-0.25,0.0,0.0,-0.25,0.0,0.0,0.0,-0.25,-0.25,-0.25,-0.25,0.0,-0.25,-0.25,0.0,1.14,0.16,0.41,1.23,,,,4.06,3.27,,,,,,,,,0.14,,,,,,,,,,1,1,1,1,0,0,77.8,62.91,70.71,65.71,1.49,1.44,1.27,0.76,,,,,,,,,10.5,10.09,16.08,15.15,,,,,,-11.11,0.0,-7.89,-2.34,,,,3.96,3.59,,,,,,,,,107.69,,,,,,,,,,383,375,383,375,383,375,383,375,0,0,0,0,0,0,0,0,383,383,375,383,0,0,0,0,0,95.99,93.98,95.99,93.98,95.99,93.98,95.99,93.98,0.0,0.0,0.0,0.0,0.0,0.0,0.0,0.0,95.99,95.99,93.98,95.99,0.0,0.0,0.0,0.0,0.0,-0.25,-0.25,-0.25,-0.25,-0.25,-0.25,-0.25,-0.25,0.0,0.0,0.0,0.0,0.0,0.0,0.0,0.0,-0.25,-0.25,-0.25,-0.25,0.0,0.0,0.0,0.0,0.0,2022-2023,103775.0,18908.0,0.0,122683.0
2023-07-22T00:00:00.000,CA,61128.86,55245.86,4203.86,46885.75,43276.04,2595.43,9865.0,6532.57,1300.86,6555.67,4590.67,842.43,844.86,56.19,901.05,,,51.0,,,,97.0,9.71,106.71,,,6.0,,,,34.0,10.0,46.0,269.0,,,,1352.0,34.0,1398.0,,,,,,,,,,39.0,,,,,,,,,,,76.7,1.47,0.08,,66.45,1.08,0.06,,96.71,3.29,,,,,383,383,383,383,383,383,0,383,383,0,375,383,383,0,0,383,0,0,0,383,383,383,383,0,383,383,0,95.99,95.99,95.99,95.99,95.99,95.99,0.0,95.99,95.99,0.0,93.98,95.99,95.99,0.0,0.0,95.99,0.0,0.0,0.0,95.99,95.99,95.99,95.99,0.0,95.99,95.99,0.0,0.0,0.0,0.0,0.0,0.0,0.0,0.0,0.0,0.0,0.0,0.0,0.0,0.0,0.0,0.0,0.0,0.0,0.0,0.0,0.0,0.0,0.0,0.0,0.0,0.0,0.0,0.0,1.62,0.16,0.54,1.59,,,,4.45,3.6,,,,,,,,,0.1,,,,,,,,,,1,1,1,1,0,0,78.33,61.74,70.27,64.76,1.53,1.34,1.48,0.75,,,,,,,,,11.84,11.48,17.29,11.76,,,,,,41.67,0.0,31.43,28.71,,,,9.65,10.25,,,,,,,,,-27.78,,,,,,,,,,383,375,383,375,383,375,383,375,0,0,0,0,0,0,0,0,383,383,375,383,0,0,0,0,0,95.99,93.98,95.99,93.98,95.99,93.98,95.99,93.98,0.0,0.0,0.0,0.0,0.0,0.0,0.0,0.0,95.99,95.99,93.98,95.99,0.0,0.0,0.0,0.0,0.0,0.0,0.0,0.0,0.0,0.0,0.0,0.0,0.0,0.0,0.0,0.0,0.0,0.0,0.0,0.0,0.0,0.0,0.0,0.0,0.0,0.0,0.0,0.0,0.0,0.0,2022-2023,105173.0,18947.0,0.0,124120.0
2023-07-29T00:00:00.000,CA,61288.98,55364.05,4211.31,47026.39,43329.8,2651.17,9859.37,6515.65,1301.43,6556.36,4547.21,847.43,902.37,43.48,945.85,,,32.43,,,,84.93,9.86,94.79,,,6.29,,,,36.0,15.0,55.0,243.0,,,,1400.0,66.0,1455.0,,,,,,,,,,37.0,,,,,,,,,,,76.73,1.54,0.05,,66.5,0.96,0.06,,96.22,3.78,,,,,383,383,383,383,383,383,0,383,383,0,375,383,383,0,0,383,0,0,0,383,383,383,383,0,383,383,0,95.99,95.99,95.99,95.99,95.99,95.99,0.0,95.99,95.99,0.0,93.98,95.99,95.99,0.0,0.0,95.99,0.0,0.0,0.0,95.99,95.99,95.99,95.99,0.0,95.99,95.99,0.0,0.0,0.0,0.0,0.0,0.0,0.0,0.0,0.0,0.0,0.0,0.0,0.0,0.0,0.0,0.0,0.0,0.0,0.0,0.0,0.0,0.0,0.0,0.0,0.0,0.0,0.0,0.0,1.72,0.24,0.65,1.43,,,,4.61,3.75,,,,,,,,,0.1,,,,,,,,,,1,1,1,1,0,0,78.26,62.95,69.79,65.12,1.63,1.03,1.3,0.76,,,,,,,,,10.02,9.41,22.67,19.38,,,,,,5.88,50.0,19.57,-9.67,,,,3.55,4.08,,,,,,,,,-5.13,,,,,,,,,,383,375,383,375,383,375,383,375,0,0,0,0,0,0,0,0,383,383,375,383,0,0,0,0,0,95.99,93.98,95.99,93.98,95.99,93.98,95.99,93.98,0.0,0.0,0.0,0.0,0.0,0.0,0.0,0.0,95.99,95.99,93.98,95.99,0.0,0.0,0.0,0.0,0.0,0.0,0.0,0.0,0.0,0.0,0.0,0.0,0.0,0.0,0.0,0.0,0.0,0.0,0.0,0.0,0.0,0.0,0.0,0.0,0.0,0.0,0.0,0.0,0.0,0.0,2022-2023,106628.0,18984.0,0.0,125612.0
2023-08-05T00:00:00.000,CA,60604.99,54788.27,4237.14,46327.45,42688.74,2651.0,9856.03,6509.89,1303.43,6537.7,4535.7,832.86,1048.6,51.14,1099.74,,,35.33,,,,93.26,14.14,107.4,,,5.14,,,,34.0,18.0,60.0,302.0,,,,1628.0,44.0,1688.0,,,,,,,,,,43.0,,,,,,,,,,,76.44,1.81,0.06,,66.33,1.09,0.05,,96.45,3.55,,,,,382,382,382,382,382,374,0,382,374,0,374,382,382,0,0,374,0,0,0,382,382,382,374,0,382,374,0,95.74,95.74,95.74,95.74,95.74,93.73,0.0,95.74,93.73,0.0,93.73,95.74,95.74,0.0,0.0,93.73,0.0,0.0,0.0,95.74,95.74,95.74,93.73,0.0,95.74,93.73,0.0,-0.25,-0.25,-0.25,-0.25,-0.25,-2.26,0.0,-0.25,-2.26,0.0,-0.25,-0.25,-0.25,0.0,0.0,-2.26,0.0,0.0,0.0,-0.25,-0.25,-0.25,-2.26,0.0,-0.25,-2.26,0.0,1.62,0.28,0.71,1.78,,,,5.36,4.35,,,,,,,,,0.11,,,,,,,,,,1,1,1,1,0,0,77.92,62.57,69.67,63.9,1.91,1.21,1.43,1.09,,,,,,,,,9.77,8.89,27.65,14.56,,,,,,-5.56,20.0,9.09,24.28,,,,16.29,16.01,,,,,,,,,16.22,,,,,,,,,,382,374,382,374,382,374,382,374,0,0,0,0,0,0,0,0,382,382,374,374,0,0,0,0,0,95.74,93.73,95.74,93.73,95.74,93.73,95.74,93.73,0.0,0.0,0.0,0.0,0.0,0.0,0.0,0.0,95.74,95.74,93.73,93.73,0.0,0.0,0.0,0.0,0.0,-0.25,-0.25,-0.25,-0.25,-0.25,-0.25,-0.25,-0.25,0.0,0.0,0.0,0.0,0.0,0.0,0.0,0.0,-0.25,-0.25,-0.25,-2.26,0.0,0.0,0.0,0.0,0.0,2022-2023,108316.0,19027.0,0.0,127343.0
2023-08-12T00:00:00.000,CA,60218.57,54437.29,4216.43,46017.04,42443.18,2568.71,9732.5,6442.93,1300.86,6451.71,4463.71,819.29,1189.29,55.29,1244.57,,,33.71,,,,112.5,13.57,126.07,,,5.57,,,,41.0,21.0,64.0,393.0,,,,1970.0,85.0,2034.0,,,,,,,,,,35.0,,,,,,,,,,,76.42,2.07,0.06,,66.29,1.3,0.06,,96.85,3.15,,,,,379,379,379,379,379,371,0,379,371,0,371,379,379,0,0,371,0,0,0,379,379,379,371,0,379,371,0,94.99,94.99,94.99,94.99,94.99,92.98,0.0,94.99,92.98,0.0,92.98,94.99,94.99,0.0,0.0,92.98,0.0,0.0,0.0,94.99,94.99,94.99,92.98,0.0,94.99,92.98,0.0,-0.75,-0.75,-0.75,-0.75,-0.75,-0.75,0.0,-0.75,-0.75,0.0,-0.75,-0.75,-0.75,0.0,0.0,-0.75,0.0,0.0,0.0,-0.75,-0.75,-0.75,-0.75,0.0,-0.75,-0.75,0.0,1.95,0.33,0.76,2.32,,,,6.48,5.24,,,,,,,,,0.09,,,,,,,,,,1,1,1,1,0,0,77.97,60.92,69.28,62.98,2.18,1.31,1.75,1.04,,,,,,,,,10.13,9.46,24.55,16.53,,,,,,20.59,16.67,6.67,30.13,,,,21.01,20.5,,,,,,,,,-18.6,,,,,,,,,,379,371,379,371,379,371,379,371,0,0,0,0,0,0,0,0,379,379,371,371,0,0,0,0,0,94.99,92.98,94.99,92.98,94.99,92.98,94.99,92.98,0.0,0.0,0.0,0.0,0.0,0.0,0.0,0.0,94.99,94.99,92.98,92.98,0.0,0.0,0.0,0.0,0.0,-0.75,-0.75,-0.75,-0.75,-0.75,-0.75,-0.75,-0.75,0.0,0.0,0.0,0.0,0.0,0.0,0.0,0.0,-0.75,-0.75,-0.75,-0.75,0.0,0.0,0.0,0.0,0.0,2022-2023,110350.0,19062.0,0.0,129412.0
2023-08-19T00:00:00.000,CA,60468.88,54697.31,4188.29,46530.71,42825.64,2619.36,9794.81,6489.64,1314.57,6548.43,4524.86,839.29,1412.19,66.98,1479.17,,,33.88,,,,145.52,14.86,160.38,,,4.86,,,,58.0,29.0,94.0,410.0,,,,2328.0,88.0,2422.0,,,,,,,,,,31.0,,,,,,,,,,,76.95,2.45,0.06,,66.86,1.64,0.05,,96.12,3.88,,,,,379,379,379,379,379,379,0,379,379,0,371,379,379,0,0,379,0,0,0,379,379,379,379,0,379,379,0,94.99,94.99,94.99,94.99,94.99,94.99,0.0,94.99,94.99,0.0,92.98,94.99,94.99,0.0,0.0,94.99,0.0,0.0,0.0,94.99,94.99,94.99,94.99,0.0,94.99,94.99,0.0,0.0,0.0,0.0,0.0,0.0,2.01,0.0,0.0,2.01,0.0,0.0,0.0,0.0,0.0,0.0,2.01,0.0,0.0,0.0,0.0,0.0,0.0,2.01,0.0,0.0,2.01,0.0,2.76,0.46,1.11,2.42,,,,7.66,6.24,,,,,,,,,0.08,,,,,,,,,,1,1,1,1,0,0,78.3,62.54,69.72,63.84,2.58,1.6,2.24,1.13,,,,,,,,,10.84,10.3,22.18,14.34,,,,,,41.46,38.1,46.88,4.33,,,,18.17,19.08,,,,,,,,,-11.43,,,,,,,,,,379,371,379,371,379,371,379,371,0,0,0,0,0,0,0,0,379,379,371,379,0,0,0,0,0,94.99,92.98,94.99,92.98,94.99,92.98,94.99,92.98,0.0,0.0,0.0,0.0,0.0,0.0,0.0,0.0,94.99,94.99,92.98,94.99,0.0,0.0,0.0,0.0,0.0,0.0,0.0,0.0,0.0,0.0,0.0,0.0,0.0,0.0,0.0,0.0,0.0,0.0,0.0,0.0,0.0,0.0,0.0,0.0,2.01,0.0,0.0,0.0,0.0,0.0,2022-2023,112772.0,19093.0,0.0,131865.0
2023-08-26T00:00:00.000,CA,60491.74,54722.69,4185.62,46358.0,42701.38,2638.05,9765.81,6461.52,1311.57,6493.64,4503.64,836.86,1641.17,80.48,1721.64,,,28.14,,,,167.45,13.14,180.6,,,2.29,,,,47.0,41.0,92.0,559.0,,,,2609.0,107.0,2701.0,,,,,,,,,,29.0,,,,,,,,,,,76.64,2.85,0.05,,66.49,1.85,0.02,,96.59,3.41,,,,,379,379,379,379,379,379,0,379,379,0,371,379,379,0,0,379,0,0,0,379,379,379,379,0,379,379,0,94.99,94.99,94.99,94.99,94.99,94.99,0.0,94.99,94.99,0.0,92.98,94.99,94.99,0.0,0.0,94.99,0.0,0.0,0.0,94.99,94.99,94.99,94.99,0.0,94.99,94.99,0.0,0.0,0.0,0.0,0.0,0.0,0.0,0.0,0.0,0.0,0.0,0.0,0.0,0.0,0.0,0.0,0.0,0.0,0.0,0.0,0.0,0.0,0.0,0.0,0.0,0.0,0.0,0.0,2.24,0.65,1.09,3.3,,,,8.59,6.96,,,,,,,,,0.07,,,,,,,,,,1,1,1,1,0,0,78.03,63.03,69.7,63.81,3.0,1.92,2.59,1.0,,,,,,,,,10.49,10.2,16.33,8.12,,,,,,-18.97,41.38,-2.13,36.34,,,,12.07,11.52,,,,,,,,,-6.45,,,,,,,,,,379,371,379,371,379,371,379,371,0,0,0,0,0,0,0,0,379,379,371,379,0,0,0,0,0,94.99,92.98,94.99,92.98,94.99,92.98,94.99,92.98,0.0,0.0,0.0,0.0,0.0,0.0,0.0,0.0,94.99,94.99,92.98,94.99,0.0,0.0,0.0,0.0,0.0,0.0,0.0,0.0,0.0,0.0,0.0,0.0,0.0,0.0,0.0,0.0,0.0,0.0,0.0,0.0,0.0,0.0,0.0,0.0,0.0,0.0,0.0,0.0,0.0,0.0,2022-2023,115473.0,19122.0,0.0,134595.0
2023-09-02T00:00:00.000,CA,60596.29,54804.57,4209.14,47600.93,43804.07,2735.57,9774.0,6464.29,1307.14,6525.21,4530.5,851.29,1779.32,104.86,1884.18,,,34.0,,,,195.68,19.0,214.68,,,2.43,,,,82.0,37.0,126.0,499.0,,,,2728.0,97.0,2854.0,,,,,,,,,,38.0,,,,,,,,,,,78.55,3.11,0.06,,66.76,2.2,0.02,,95.59,4.41,,,,,381,381,381,381,381,381,0,381,381,0,373,381,381,0,0,381,0,0,0,381,381,381,381,0,381,381,0,95.49,95.49,95.49,95.49,95.49,95.49,0.0,95.49,95.49,0.0,93.48,95.49,95.49,0.0,0.0,95.49,0.0,0.0,0.0,95.49,95.49,95.49,95.49,0.0,95.49,95.49,0.0,0.5,0.5,0.5,0.5,0.5,0.5,0.0,0.5,0.5,0.0,0.5,0.5,0.5,0.0,0.0,0.5,0.0,0.0,0.0,0.5,0.5,0.5,0.5,0.0,0.5,0.5,0.0,3.91,0.58,1.49,2.94,,,,8.98,7.35,,,,,,,,,0.1,,,,,,,,,,1,1,1,1,0,0,79.93,64.99,70.09,65.13,3.25,2.49,3.03,1.45,,,,,,,,,11.39,11.0,18.12,7.14,,,,,,74.47,-9.76,36.96,-10.73,,,,4.56,5.66,,,,,,,,,31.03,,,,,,,,,,381,373,381,373,381,373,381,373,0,0,0,0,0,0,0,0,381,381,373,381,0,0,0,0,0,95.49,93.48,95.49,93.48,95.49,93.48,95.49,93.48,0.0,0.0,0.0,0.0,0.0,0.0,0.0,0.0,95.49,95.49,93.48,95.49,0.0,0.0,0.0,0.0,0.0,0.5,0.5,0.5,0.5,0.5,0.5,0.5,0.5,0.0,0.0,0.0,0.0,0.0,0.0,0.0,0.0,0.5,0.5,0.5,0.5,0.0,0.0,0.0,0.0,0.0,2022-2023,118327.0,19160.0,0.0,137487.0
2023-09-09T00:00:00.000,CA,60870.07,55093.62,4222.45,46849.55,43068.36,2709.88,9818.43,6508.57,1311.0,6506.93,4520.9,852.14,1932.69,94.9,2027.6,,,43.14,,,,204.26,14.57,218.83,,,3.14,,,,70.0,40.0,116.0,528.0,,,,2792.0,105.0,2908.0,,,,,,,,,,42.0,,,,,,,,,,,76.97,3.33,0.07,,66.27,2.23,0.03,,96.01,3.99,,,,,383,383,383,383,383,383,0,383,383,0,375,383,383,0,0,383,0,0,0,383,383,383,383,0,383,383,0,95.99,95.99,95.99,95.99,95.99,95.99,0.0,95.99,95.99,0.0,93.98,95.99,95.99,0.0,0.0,95.99,0.0,0.0,0.0,95.99,95.99,95.99,95.99,0.0,95.99,95.99,0.0,0.5,0.5,0.5,0.5,0.5,0.5,0.0,0.5,0.5,0.0,0.5,0.5,0.5,0.0,0.0,0.5,0.0,0.0,0.0,0.5,0.5,0.5,0.5,0.0,0.5,0.5,0.0,3.34,0.63,1.37,3.12,,,,9.19,7.49,,,,,,,,,0.11,,,,,,,,,,1,1,1,1,0,0,78.17,64.18,69.46,65.0,3.51,2.25,3.14,1.11,,,,,,,,,10.79,10.57,15.35,7.28,,,,,,-14.63,8.11,-7.94,5.81,,,,2.35,1.89,,,,,,,,,10.53,,,,,,,,,,383,375,383,375,383,375,383,375,0,0,0,0,0,0,0,0,383,383,375,383,0,0,0,0,0,95.99,93.98,95.99,93.98,95.99,93.98,95.99,93.98,0.0,0.0,0.0,0.0,0.0,0.0,0.0,0.0,95.99,95.99,93.98,95.99,0.0,0.0,0.0,0.0,0.0,0.5,0.5,0.5,0.5,0.5,0.5,0.5,0.5,0.0,0.0,0.0,0.0,0.0,0.0,0.0,0.0,0.5,0.5,0.5,0.5,0.0,0.0,0.0,0.0,0.0,2022-2023,121235.0,19202.0,0.0,140437.0
2023-09-16T00:00:00.000,CA,61335.0,55466.57,4279.14,47265.16,43341.44,2770.0,9852.0,6531.43,1317.71,6626.5,4603.21,867.71,1947.71,82.14,2029.86,,,46.29,,,,217.43,16.86,234.29,,,4.0,,,,46.0,31.0,86.0,430.0,,,,2665.0,147.0,2751.0,,,,,,,,,,41.0,,,,,,,,,,,77.06,3.31,0.08,,67.26,2.38,0.04,,96.87,3.13,,,,,383,383,383,383,383,383,0,383,383,0,375,383,383,0,0,383,0,0,0,383,383,383,383,0,383,383,0,95.99,95.99,95.99,95.99,95.99,95.99,0.0,95.99,95.99,0.0,93.98,95.99,95.99,0.0,0.0,95.99,0.0,0.0,0.0,95.99,95.99,95.99,95.99,0.0,95.99,95.99,0.0,0.0,0.0,0.0,0.0,0.0,0.0,0.0,0.0,0.0,0.0,0.0,0.0,0.0,0.0,0.0,0.0,0.0,0.0,0.0,0.0,0.0,0.0,0.0,0.0,0.0,0.0,0.0,2.19,0.49,1.02,2.54,,,,8.77,7.09,,,,,,,,,0.11,,,,,,,,,,1,1,1,1,0,0,78.14,64.73,70.48,65.85,3.51,1.92,3.33,1.28,,,,,,,,,11.54,11.16,20.52,8.64,,,,,,-34.29,-22.5,-25.86,-18.56,,,,-4.55,-5.4,,,,,,,,,-2.38,,,,,,,,,,383,375,383,375,383,375,383,375,0,0,0,0,0,0,0,0,383,383,375,383,0,0,0,0,0,95.99,93.98,95.99,93.98,95.99,93.98,95.99,93.98,0.0,0.0,0.0,0.0,0.0,0.0,0.0,0.0,95.99,95.99,93.98,95.99,0.0,0.0,0.0,0.0,0.0,0.0,0.0,0.0,0.0,0.0,0.0,0.0,0.0,0.0,0.0,0.0,0.0,0.0,0.0,0.0,0.0,0.0,0.0,0.0,0.0,0.0,0.0,0.0,0.0,0.0,2022-2023,123986.0,19243.0,0.0,143229.0
2023-09-23T00:00:00.000,CA,61312.62,55480.62,4247.57,46970.79,43074.64,2731.14,9811.62,6526.33,1298.71,6577.9,4554.48,853.86,1817.43,78.43,1895.86,,,52.86,,,,215.57,14.57,230.14,,,4.86,,,,48.0,25.0,79.0,483.0,,,,2510.0,83.0,2589.0,,,,,,,,,,46.0,,,,,,,,,,,76.61,3.09,0.09,,67.04,2.35,0.05,,96.95,3.05,,,,,383,383,383,383,383,383,0,383,383,0,375,383,383,0,0,383,0,0,0,383,383,383,383,0,383,383,0,95.99,95.99,95.99,95.99,95.99,95.99,0.0,95.99,95.99,0.0,93.98,95.99,95.99,0.0,0.0,95.99,0.0,0.0,0.0,95.99,95.99,95.99,95.99,0.0,95.99,95.99,0.0,0.0,0.0,0.0,0.0,0.0,0.0,0.0,0.0,0.0,0.0,0.0,0.0,0.0,0.0,0.0,0.0,0.0,0.0,0.0,0.0,0.0,0.0,0.0,0.0,0.0,0.0,0.0,2.29,0.39,0.94,2.85,,,,8.26,6.67,,,,,,,,,0.12,,,,,,,,,,1,1,1,1,0,0,77.64,64.3,69.79,65.75,3.28,1.85,3.3,1.12,,,,,,,,,12.14,11.86,18.58,9.19,,,,,,4.35,-19.35,-8.14,12.33,,,,-5.82,-5.89,,,,,,,,,12.2,,,,,,,,,,383,375,383,375,383,375,383,375,0,0,0,0,0,0,0,0,383,383,375,383,0,0,0,0,0,95.99,93.98,95.99,93.98,95.99,93.98,95.99,93.98,0.0,0.0,0.0,0.0,0.0,0.0,0.0,0.0,95.99,95.99,93.98,95.99,0.0,0.0,0.0,0.0,0.0,0.0,0.0,0.0,0.0,0.0,0.0,0.0,0.0,0.0,0.0,0.0,0.0,0.0,0.0,0.0,0.0,0.0,0.0,0.0,0.0,0.0,0.0,0.0,0.0,0.0,2022-2023,126575.0,19289.0,0.0,145864.0
2023-09-30T00:00:00.000,CA,61184.36,55296.64,4266.71,46926.62,42989.29,2762.86,9829.71,6512.0,1295.0,6624.94,4613.68,849.36,1657.07,71.48,1728.55,,,50.18,,,,205.65,12.29,217.94,,,5.71,,,,41.0,14.0,57.0,360.0,,,,2191.0,79.0,2248.0,,,,,,,,,,46.0,,,,,,,,,,,76.7,2.83,0.08,,67.4,2.22,0.06,,97.46,2.54,,,,,383,383,383,383,383,383,0,383,383,0,375,383,383,0,0,383,0,0,0,383,383,383,383,0,383,383,0,95.99,95.99,95.99,95.99,95.99,95.99,0.0,95.99,95.99,0.0,93.98,95.99,95.99,0.0,0.0,95.99,0.0,0.0,0.0,95.99,95.99,95.99,95.99,0.0,95.99,95.99,0.0,0.0,0.0,0.0,0.0,0.0,0.0,0.0,0.0,0.0,0.0,0.0,0.0,0.0,0.0,0.0,0.0,0.0,0.0,0.0,0.0,0.0,0.0,0.0,0.0,0.0,0.0,0.0,1.95,0.22,0.67,2.12,,,,7.21,5.79,,,,,,,,,0.12,,,,,,,,,,1,1,1,1,0,0,77.74,64.75,70.85,65.59,3.0,1.68,3.16,0.95,,,,,,,,,12.61,12.41,17.19,11.39,,,,,,-14.58,-44.0,-27.85,-25.47,,,,-12.71,-13.17,,,,,,,,,0.0,,,,,,,,,,383,375,383,375,383,375,383,375,0,0,0,0,0,0,0,0,383,383,375,383,0,0,0,0,0,95.99,93.98,95.99,93.98,95.99,93.98,95.99,93.98,0.0,0.0,0.0,0.0,0.0,0.0,0.0,0.0,95.99,95.99,93.98,95.99,0.0,0.0,0.0,0.0,0.0,0.0,0.0,0.0,0.0,0.0,0.0,0.0,0.0,0.0,0.0,0.0,0.0,0.0,0.0,0.0,0.0,0.0,0.0,0.0,0.0,0.0,0.0,0.0,0.0,0.0,2022-2023,128823.0,19335.0,0.0,148158.0
2023-10-07T00:00:00.000,CA,61015.57,55124.86,4264.29,46661.29,42645.57,2737.71,9894.0,6574.86,1306.43,6614.14,4622.29,833.71,1489.71,63.57,1553.29,,,43.29,,,,178.86,13.29,192.14,,,4.71,,,,37.0,25.0,63.0,279.0,,,,1986.0,62.0,2049.0,,,,,,,,,,45.0,,,,,,,,,,,76.47,2.55,0.07,,66.85,1.94,0.05,,96.93,3.07,,,,,382,382,382,382,382,382,0,382,382,0,374,382,382,0,0,382,0,0,0,382,382,382,382,0,382,382,0,95.74,95.74,95.74,95.74,95.74,95.74,0.0,95.74,95.74,0.0,93.73,95.74,95.74,0.0,0.0,95.74,0.0,0.0,0.0,95.74,95.74,95.74,95.74,0.0,95.74,95.74,0.0,-0.25,-0.25,-0.25,-0.25,-0.25,-0.25,0.0,-0.25,-0.25,0.0,-0.25,-0.25,-0.25,0.0,0.0,-0.25,0.0,0.0,0.0,-0.25,-0.25,-0.25,-0.25,0.0,-0.25,-0.25,0.0,1.76,0.39,0.75,1.65,,,,6.54,5.28,,,,,,,,,0.12,,,,,,,,,,1,1,1,1,0,0,77.36,64.2,70.3,63.82,2.7,1.49,2.72,1.02,,,,,,,,,12.37,12.01,20.9,10.89,,,,,,-9.76,78.57,10.53,-22.5,,,,-9.36,-8.85,,,,,,,,,-2.17,,,,,,,,,,382,374,382,374,382,374,382,374,0,0,0,0,0,0,0,0,382,382,374,382,0,0,0,0,0,95.74,93.73,95.74,93.73,95.74,93.73,95.74,93.73,0.0,0.0,0.0,0.0,0.0,0.0,0.0,0.0,95.74,95.74,93.73,95.74,0.0,0.0,0.0,0.0,0.0,-0.25,-0.25,-0.25,-0.25,-0.25,-0.25,-0.25,-0.25,0.0,0.0,0.0,0.0,0.0,0.0,0.0,0.0,-0.25,-0.25,-0.25,-0.25,0.0,0.0,0.0,0.0,0.0,2023-2024,2049.0,45.0,0.0,2094.0
2023-10-14T00:00:00.000,CA,61265.57,55358.71,4261.86,46743.93,42899.36,2718.57,9899.71,6574.29,1309.14,6558.29,4579.43,820.14,1391.14,63.14,1454.29,,,49.14,,,,167.57,11.71,179.29,,,3.43,,,,40.0,19.0,60.0,273.0,,,,1773.0,56.0,1833.0,,,,,,,,,,60.0,,,,,,,,,,,76.3,2.37,0.08,,66.25,1.81,0.03,,96.73,3.27,,,,,382,382,382,382,382,382,0,382,382,0,374,382,382,0,0,382,0,0,0,382,382,382,382,0,382,382,0,95.74,95.74,95.74,95.74,95.74,95.74,0.0,95.74,95.74,0.0,93.73,95.74,95.74,0.0,0.0,95.74,0.0,0.0,0.0,95.74,95.74,95.74,95.74,0.0,95.74,95.74,0.0,0.0,0.0,0.0,0.0,0.0,0.0,0.0,0.0,0.0,0.0,0.0,0.0,0.0,0.0,0.0,0.0,0.0,0.0,0.0,0.0,0.0,0.0,0.0,0.0,0.0,0.0,0.0,1.91,0.3,0.71,1.61,,,,5.84,4.72,,,,,,,,,0.15,,,,,,,,,,1,1,1,1,0,0,77.49,63.79,69.66,62.65,2.51,1.48,2.55,0.89,,,,,,,,,12.33,12.05,18.55,6.98,,,,,,8.11,-24.0,-4.76,-2.15,,,,-10.73,-10.54,,,,,,,,,33.33,,,,,,,,,,382,374,382,374,382,374,382,374,0,0,0,0,0,0,0,0,382,382,374,382,0,0,0,0,0,95.74,93.73,95.74,93.73,95.74,93.73,95.74,93.73,0.0,0.0,0.0,0.0,0.0,0.0,0.0,0.0,95.74,95.74,93.73,95.74,0.0,0.0,0.0,0.0,0.0,0.0,0.0,0.0,0.0,0.0,0.0,0.0,0.0,0.0,0.0,0.0,0.0,0.0,0.0,0.0,0.0,0.0,0.0,0.0,0.0,0.0,0.0,0.0,0.0,0.0,2023-2024,3882.0,105.0,0.0,3987.0
2023-10-21T00:00:00.000,CA,61104.79,55189.21,4257.29,46559.0,42689.86,2738.86,9887.76,6555.76,1293.43,6536.48,4577.9,831.86,1308.21,57.71,1365.93,,,50.14,,,,156.07,12.71,168.79,,,2.29,,,,43.0,17.0,64.0,265.0,,,,1875.0,83.0,1939.0,,,,,,,,,,50.0,,,,,,,,,,,76.2,2.24,0.08,,66.11,1.71,0.02,,96.7,3.3,,,,,382,382,382,382,382,382,0,382,382,0,374,382,382,0,0,382,0,0,0,382,382,382,382,0,382,382,0,95.74,95.74,95.74,95.74,95.74,95.74,0.0,95.74,95.74,0.0,93.73,95.74,95.74,0.0,0.0,95.74,0.0,0.0,0.0,95.74,95.74,95.74,95.74,0.0,95.74,95.74,0.0,0.0,0.0,0.0,0.0,0.0,0.0,0.0,0.0,0.0,0.0,0.0,0.0,0.0,0.0,0.0,0.0,0.0,0.0,0.0,0.0,0.0,0.0,0.0,0.0,0.0,0.0,0.0,2.05,0.27,0.76,1.56,,,,6.17,4.99,,,,,,,,,0.13,,,,,,,,,,1,1,1,1,0,0,77.35,64.33,69.83,64.31,2.37,1.36,2.38,0.98,,,,,,,,,12.36,11.93,22.03,4.56,,,,,,7.5,-10.53,6.67,-2.93,,,,5.75,5.78,,,,,,,,,-16.67,,,,,,,,,,382,374,382,374,382,374,382,374,0,0,0,0,0,0,0,0,382,382,374,382,0,0,0,0,0,95.74,93.73,95.74,93.73,95.74,93.73,95.74,93.73,0.0,0.0,0.0,0.0,0.0,0.0,0.0,0.0,95.74,95.74,93.73,95.74,0.0,0.0,0.0,0.0,0.0,0.0,0.0,0.0,0.0,0.0,0.0,0.0,0.0,0.0,0.0,0.0,0.0,0.0,0.0,0.0,0.0,0.0,0.0,0.0,0.0,0.0,0.0,0.0,0.0,0.0,2023-2024,5821.0,155.0,0.0,5976.0
2023-10-28T00:00:00.000,CA,61242.74,55331.02,4238.43,46573.72,42723.51,2729.14,9929.19,6622.19,1295.71,6575.0,4625.0,842.14,1243.2,50.29,1293.49,,,51.0,,,,141.43,8.71,150.14,,,6.57,,,,28.0,11.0,40.0,279.0,,,,1580.0,48.0,1620.0,,,,,,,,,,76.0,,,,,,,,,,,76.05,2.11,0.08,,66.22,1.51,0.07,,97.53,2.47,,,,,382,382,382,382,382,382,0,382,382,0,374,382,382,0,0,382,0,0,0,382,382,382,382,0,382,382,0,95.74,95.74,95.74,95.74,95.74,95.74,0.0,95.74,95.74,0.0,93.73,95.74,95.74,0.0,0.0,95.74,0.0,0.0,0.0,95.74,95.74,95.74,95.74,0.0,95.74,95.74,0.0,0.0,0.0,0.0,0.0,0.0,0.0,0.0,0.0,0.0,0.0,0.0,0.0,0.0,0.0,0.0,0.0,0.0,0.0,0.0,0.0,0.0,0.0,0.0,0.0,0.0,0.0,0.0,1.33,0.17,0.47,1.65,,,,5.2,4.17,,,,,,,,,0.2,,,,,,,,,,1,1,1,1,0,0,77.21,64.39,69.84,64.99,2.25,1.19,2.14,0.67,,,,,,,,,11.61,11.38,17.33,12.89,,,,,,-34.88,-35.29,-37.5,5.28,,,,-15.73,-16.45,,,,,,,,,52.0,,,,,,,,,,382,374,382,374,382,374,382,374,0,0,0,0,0,0,0,0,382,382,374,382,0,0,0,0,0,95.74,93.73,95.74,93.73,95.74,93.73,95.74,93.73,0.0,0.0,0.0,0.0,0.0,0.0,0.0,0.0,95.74,95.74,93.73,95.74,0.0,0.0,0.0,0.0,0.0,0.0,0.0,0.0,0.0,0.0,0.0,0.0,0.0,0.0,0.0,0.0,0.0,0.0,0.0,0.0,0.0,0.0,0.0,0.0,0.0,0.0,0.0,0.0,0.0,0.0,2023-2024,7441.0,231.0,0.0,7672.0
2023-11-04T00:00:00.000,CA,61133.1,55244.52,4258.14,46124.1,42293.52,2726.88,9947.57,6612.57,1304.71,6600.57,4647.52,840.43,1153.71,58.57,1212.29,,,68.31,,,,137.57,17.14,154.71,,,7.31,,,,35.0,18.0,55.0,296.0,,,,1639.0,61.0,1694.0,,,,,,,,,,97.0,,,,,,,,,,,75.45,1.98,0.11,,66.35,1.56,0.07,,96.75,3.25,,,,,382,382,382,382,382,382,0,382,382,0,374,382,382,0,0,382,0,0,0,382,382,382,382,0,382,382,0,95.74,95.74,95.74,95.74,95.74,95.74,0.0,95.74,95.74,0.0,93.73,95.74,95.74,0.0,0.0,95.74,0.0,0.0,0.0,95.74,95.74,95.74,95.74,0.0,95.74,95.74,0.0,0.0,0.0,0.0,0.0,0.0,0.0,0.0,0.0,0.0,0.0,0.0,0.0,0.0,0.0,0.0,0.0,0.0,0.0,0.0,0.0,0.0,0.0,0.0,0.0,0.0,0.0,0.0,1.67,0.28,0.65,1.75,,,,5.39,4.36,,,,,,,,,0.25,,,,,,,,,,1,1,1,1,0,0,76.56,64.04,70.28,64.41,2.09,1.38,2.08,1.31,,,,,,,,,12.76,11.92,29.27,10.7,,,,,,25.0,63.64,37.5,6.09,,,,3.73,4.57,,,,,,,,,27.63,,,,,,,,,,382,374,382,374,382,374,382,374,0,0,0,0,0,0,0,0,382,382,374,382,0,0,0,0,0,95.74,93.73,95.74,93.73,95.74,93.73,95.74,93.73,0.0,0.0,0.0,0.0,0.0,0.0,0.0,0.0,95.74,95.74,93.73,95.74,0.0,0.0,0.0,0.0,0.0,0.0,0.0,0.0,0.0,0.0,0.0,0.0,0.0,0.0,0.0,0.0,0.0,0.0,0.0,0.0,0.0,0.0,0.0,0.0,0.0,0.0,0.0,0.0,0.0,0.0,2023-2024,9135.0,328.0,0.0,9463.0
2023-11-11T00:00:00.000,CA,61783.4,55833.33,4317.21,47554.19,43442.83,2898.21,9952.0,6610.43,1316.43,6741.4,4743.55,896.14,1248.86,66.43,1315.29,,,124.62,,,,146.29,6.43,152.71,,,14.57,,,,42.0,13.0,56.0,261.0,,,,1750.0,59.0,1806.0,,,,,,,,,,231.0,,,,,,,,,,,76.97,2.13,0.2,,67.74,1.53,0.15,,96.9,3.1,,,,,382,382,382,382,382,382,0,382,382,0,374,382,382,0,0,382,0,0,0,382,382,382,382,0,382,382,0,95.74,95.74,95.74,95.74,95.74,95.74,0.0,95.74,95.74,0.0,93.73,95.74,95.74,0.0,0.0,95.74,0.0,0.0,0.0,95.74,95.74,95.74,95.74,0.0,95.74,95.74,0.0,0.0,0.0,0.0,0.0,0.0,0.0,0.0,0.0,0.0,0.0,0.0,0.0,0.0,0.0,0.0,0.0,0.0,0.0,0.0,0.0,0.0,0.0,0.0,0.0,0.0,0.0,0.0,2.0,0.2,0.66,1.54,,,,5.76,4.65,,,,,,,,,0.59,,,,,,,,,,1,1,1,1,0,0,77.81,67.13,71.76,68.07,2.24,1.54,2.21,0.49,,,,,,,,,11.61,11.71,9.68,11.69,,,,,,20.0,-27.78,1.82,-11.82,,,,6.77,6.61,,,,,,,,,138.14,,,,,,,,,,382,374,382,374,382,374,382,374,0,0,0,0,0,0,0,0,382,382,374,382,0,0,0,0,0,95.74,93.73,95.74,93.73,95.74,93.73,95.74,93.73,0.0,0.0,0.0,0.0,0.0,0.0,0.0,0.0,95.74,95.74,93.73,95.74,0.0,0.0,0.0,0.0,0.0,0.0,0.0,0.0,0.0,0.0,0.0,0.0,0.0,0.0,0.0,0.0,0.0,0.0,0.0,0.0,0.0,0.0,0.0,0.0,0.0,0.0,0.0,0.0,0.0,0.0,2023-2024,10941.0,559.0,0.0,11500.0
2023-11-18T00:00:00.000,CA,61768.38,55830.5,4308.45,47686.38,43607.64,2958.02,9989.71,6643.14,1324.43,6802.55,4798.12,922.14,1380.71,69.57,1450.29,,,199.29,,,,153.29,9.29,162.57,,,17.93,,,,56.0,24.0,87.0,300.0,,,,1974.0,80.0,2061.0,,,,,,,,,,372.0,,,,,,,,,,,77.2,2.35,0.32,,68.1,1.63,0.18,,95.78,4.22,,,,,381,381,381,381,381,381,0,381,381,0,373,381,381,0,0,381,0,0,0,381,381,381,381,0,381,381,0,95.49,95.49,95.49,95.49,95.49,95.49,0.0,95.49,95.49,0.0,93.48,95.49,95.49,0.0,0.0,95.49,0.0,0.0,0.0,95.49,95.49,95.49,95.49,0.0,95.49,95.49,0.0,-0.25,-0.25,-0.25,-0.25,-0.25,-0.25,0.0,-0.25,-0.25,0.0,-0.25,-0.25,-0.25,0.0,0.0,-0.25,0.0,0.0,0.0,-0.25,-0.25,-0.25,-0.25,0.0,-0.25,-0.25,0.0,2.67,0.38,1.03,1.77,,,,6.5,5.31,,,,,,,,,0.96,,,,,,,,,,1,1,1,1,0,0,78.11,68.66,72.23,69.63,2.47,1.61,2.31,0.7,,,,,,,,,11.21,11.1,13.35,9.0,,,,,,33.33,84.62,55.36,14.94,,,,12.8,14.12,,,,,,,,,61.04,,,,,,,,,,381,373,381,373,381,373,381,373,0,0,0,0,0,0,0,0,381,381,373,381,0,0,0,0,0,95.49,93.48,95.49,93.48,95.49,93.48,95.49,93.48,0.0,0.0,0.0,0.0,0.0,0.0,0.0,0.0,95.49,95.49,93.48,95.49,0.0,0.0,0.0,0.0,0.0,-0.25,-0.25,-0.25,-0.25,-0.25,-0.25,-0.25,-0.25,0.0,0.0,0.0,0.0,0.0,0.0,0.0,0.0,-0.25,-0.25,-0.25,-0.25,0.0,0.0,0.0,0.0,0.0,2023-2024,13002.0,931.0,0.0,13933.0
2023-11-25T00:00:00.000,CA,61188.07,55252.38,4304.12,45917.36,42025.24,2811.69,9961.14,6615.86,1321.0,6693.1,4718.81,906.57,1493.0,64.29,1557.29,1.8,,275.52,0.0,0.4,0.4,174.86,7.71,182.57,,,29.29,0.0,,0.0,56.0,17.0,80.0,352.0,,,,2149.0,72.0,2229.0,,,,,,,,1.0,,459.0,,,1.0,,,,,,,1.0,75.04,2.55,0.45,0.0,67.19,1.83,0.29,0.0,96.41,3.59,0.22,,,100.0,382,382,382,382,382,382,2,382,382,1,374,382,382,0,1,382,1,0,1,382,382,382,382,2,382,382,1,95.74,95.74,95.74,95.74,95.74,95.74,0.5,95.74,95.74,0.25,93.73,95.74,95.74,0.0,0.25,95.74,0.25,0.0,0.25,95.74,95.74,95.74,95.74,0.5,95.74,95.74,0.25,0.25,0.25,0.25,0.25,0.25,0.25,0.5,0.25,0.25,0.25,0.25,0.25,0.25,0.0,0.25,0.25,0.25,0.0,0.25,0.25,0.25,0.25,0.25,0.5,0.25,0.25,0.25,2.67,0.27,0.95,2.08,,,,7.07,5.74,,,,,,,,0.0,1.18,,,0.01,,,,,,0.0,1,1,1,1,0,0,76.06,65.33,71.33,68.63,2.7,1.49,2.64,0.58,0.0,,,,0.0,0.01,0.0,,11.72,11.71,12.0,10.63,,,0.0,,,0.0,-29.17,-8.05,17.33,,,,8.87,8.15,,,,,,,,,23.39,,,,,,,,,,382,374,382,374,382,374,382,374,1,0,0,0,1,1,1,0,382,382,374,382,0,0,1,1,0,95.74,93.73,95.74,93.73,95.74,93.73,95.74,93.73,0.25,0.0,0.0,0.0,0.25,0.25,0.25,0.0,95.74,95.74,93.73,95.74,0.0,0.0,0.25,0.25,0.0,0.25,0.25,0.25,0.25,0.25,0.25,0.25,0.25,0.25,0.0,0.0,0.0,0.25,0.25,0.25,0.0,0.25,0.25,0.25,0.25,0.0,0.0,0.25,0.25,0.0,2023-2024,15231.0,1390.0,1.0,16622.0
2023-12-02T00:00:00.000,CA,61870.43,55937.57,4331.57,47972.43,43896.86,2958.57,9979.79,6658.93,1332.14,6860.86,4888.71,937.43,1680.57,78.43,1759.0,9.67,0.5,411.14,6.17,1.57,7.74,187.0,14.14,201.14,1.0,0.0,48.43,1.33,2.33,3.66,60.0,28.0,98.0,399.0,,,,2588.0,97.0,2686.0,,,1.0,,,,,25.0,,683.0,,,6.0,,,,,12.0,,18.0,77.54,2.84,0.66,0.01,68.75,2.02,0.49,0.04,96.35,3.65,3.66,0.15,66.67,33.33,381,381,381,381,381,381,13,381,381,13,373,381,381,13,12,381,13,13,13,381,381,381,381,13,381,381,13,95.49,95.49,95.49,95.49,95.49,95.49,3.26,95.49,95.49,3.26,93.48,95.49,95.49,3.26,3.01,95.49,3.26,3.26,3.26,95.49,95.49,95.49,95.49,3.26,95.49,95.49,3.26,-0.25,-0.25,-0.25,-0.25,-0.25,-0.25,2.76,-0.25,-0.25,3.01,-0.25,-0.25,-0.25,3.26,2.76,-0.25,3.01,3.26,3.01,-0.25,-0.25,-0.25,-0.25,2.76,-0.25,-0.25,3.01,2.86,0.44,1.16,2.35,,,,8.52,6.92,,,0.01,,,,,0.08,1.76,,,0.07,,,,,0.04,0.05,1,1,1,1,0,0,78.47,68.3,73.42,70.37,3.0,1.81,2.81,1.06,0.02,0.01,0.02,0.0,0.01,0.04,0.02,0.18,11.44,11.13,18.03,11.78,10.34,0.0,47.29,21.53,148.48,7.14,64.71,22.5,13.35,,,,20.43,20.5,,,,,,,,2400.0,48.8,,,500.0,,,,,,1700.0,381,373,381,373,381,373,381,373,12,13,12,13,13,13,13,13,381,381,373,381,12,13,13,13,13,95.49,93.48,95.49,93.48,95.49,93.48,95.49,93.48,3.01,3.26,3.01,3.26,3.26,3.26,3.26,3.26,95.49,95.49,93.48,95.49,3.01,3.26,3.26,3.26,3.26,-0.25,-0.25,-0.25,-0.25,-0.25,-0.25,-0.25,-0.25,2.76,3.26,3.01,3.26,3.01,3.01,3.01,3.26,-0.25,-0.25,-0.25,-0.25,3.01,3.26,3.01,3.01,3.26,2023-2024,17917.0,2073.0,19.0,20009.0
2023-12-09T00:00:00.000,CA,62369.83,56344.83,4392.0,49127.07,44985.64,3009.0,10035.43,6719.71,1335.0,7034.81,5026.1,943.14,1769.9,79.9,1849.81,15.61,0.0,534.29,7.65,3.0,10.65,186.83,10.0,196.83,2.91,0.0,75.86,0.54,1.86,2.4,54.0,28.0,85.0,429.0,,,,2566.0,62.0,2651.0,,,0.0,,,,,19.0,,868.0,,,11.0,,,,,3.0,,14.0,78.77,2.97,0.86,0.02,70.1,1.96,0.76,0.02,96.79,3.21,2.19,0.0,21.43,78.57,381,381,381,381,381,381,12,381,381,12,373,381,381,12,12,381,12,12,12,381,381,381,381,12,381,381,12,95.49,95.49,95.49,95.49,95.49,95.49,3.01,95.49,95.49,3.01,93.48,95.49,95.49,3.01,3.01,95.49,3.01,3.01,3.01,95.49,95.49,95.49,95.49,3.01,95.49,95.49,3.01,0.0,0.0,0.0,0.0,0.0,0.0,-0.25,0.0,0.0,-0.25,0.0,0.0,0.0,-0.25,0.0,0.0,-0.25,-0.25,-0.25,0.0,0.0,0.0,0.0,-0.25,0.0,0.0,-0.25,2.57,0.44,1.01,2.53,,,,8.45,6.83,,,0.0,,,,,0.06,2.24,,,0.13,,,,,0.01,0.04,1,1,1,1,0,0,79.84,68.51,74.8,70.65,3.14,1.82,2.78,0.75,0.03,0.0,0.04,0.0,0.01,0.07,0.01,0.14,10.64,10.56,12.51,14.2,18.66,,22.53,7.09,61.9,-10.0,0.0,-13.27,7.52,,,,-0.85,-1.3,,,-100.0,,,,,-24.0,27.09,,,83.33,,,,,-75.0,-22.22,381,373,381,373,381,373,381,373,12,12,12,12,12,12,12,12,381,381,373,381,12,12,12,12,12,95.49,93.48,95.49,93.48,95.49,93.48,95.49,93.48,3.01,3.01,3.01,3.01,3.01,3.01,3.01,3.01,95.49,95.49,93.48,95.49,3.01,3.01,3.01,3.01,3.01,0.0,0.0,0.0,0.0,0.0,0.0,0.0,0.0,0.0,-0.25,0.0,-0.25,-0.25,-0.25,-0.25,-0.25,0.0,0.0,0.0,0.0,0.0,-0.25,-0.25,-0.25,-0.25,2023-2024,20568.0,2941.0,33.0,23542.0
2023-12-16T00:00:00.000,CA,62412.14,56416.0,4365.86,49666.71,45333.12,3106.19,10022.86,6692.0,1350.29,7099.17,5027.05,979.0,1908.71,86.57,1995.29,8.86,0.71,670.26,4.86,3.86,8.71,196.0,15.43,211.43,3.0,0.57,92.29,0.0,0.71,0.71,73.0,24.0,99.0,502.0,,,,2883.0,73.0,2982.0,,,1.0,,,,,20.0,,1077.0,,,9.0,,,,,6.0,,15.0,79.58,3.2,1.07,0.01,70.83,2.11,0.92,0.01,96.68,3.32,1.86,0.09,40.0,60.0,381,381,381,381,381,381,13,381,381,13,373,381,381,9,9,381,13,13,13,381,381,381,381,13,381,381,13,95.49,95.49,95.49,95.49,95.49,95.49,3.26,95.49,95.49,3.26,93.48,95.49,95.49,2.26,2.26,95.49,3.26,3.26,3.26,95.49,95.49,95.49,95.49,3.26,95.49,95.49,3.26,0.0,0.0,0.0,0.0,0.0,0.0,0.25,0.0,0.0,0.25,0.0,0.0,0.0,-0.75,-0.75,0.0,0.25,0.25,0.25,0.0,0.0,0.0,0.0,0.25,0.0,0.0,0.25,3.48,0.38,1.17,2.96,,,,9.49,7.68,,,0.01,,,,,0.07,2.77,,,0.11,,,,,0.02,0.04,1,1,1,1,0,0,80.36,71.15,75.12,72.5,3.38,1.98,2.93,1.14,0.02,0.02,0.04,0.04,0.01,0.09,0.0,0.05,10.6,10.27,17.82,13.77,33.87,80.0,8.2,0.0,18.52,35.19,-14.29,16.47,17.02,,,,12.35,12.49,,,,,,,,5.26,24.08,,,-18.18,,,,,100.0,7.14,381,373,381,373,381,373,381,373,9,9,9,9,13,13,13,13,381,381,373,381,9,9,13,13,13,95.49,93.48,95.49,93.48,95.49,93.48,95.49,93.48,2.26,2.26,2.26,2.26,3.26,3.26,3.26,3.26,95.49,95.49,93.48,95.49,2.26,2.26,3.26,3.26,3.26,0.0,0.0,0.0,0.0,0.0,0.0,0.0,0.0,-0.75,-0.75,-0.75,-0.75,0.25,0.25,0.25,0.25,0.0,0.0,0.0,0.0,-0.75,-0.75,0.25,0.25,0.25,2023-2024,23550.0,4018.0,48.0,27616.0
2023-12-23T00:00:00.000,CA,62392.45,56400.88,4447.29,49583.52,45276.88,3102.07,10029.1,6697.67,1344.14,7166.95,5050.38,979.0,2180.57,107.07,2287.64,23.86,1.57,1035.36,9.14,2.0,11.14,240.29,20.57,260.86,3.95,0.29,127.0,0.5,1.0,1.5,65.0,43.0,113.0,526.0,,,,3310.0,88.0,3423.0,,,5.0,,,,,22.0,,1763.0,,,6.0,,,,,10.0,,16.0,79.47,3.67,1.66,0.02,71.46,2.6,1.27,0.01,96.7,3.3,1.25,0.28,62.5,37.5,381,381,381,381,381,381,15,381,381,15,373,381,381,15,15,381,15,15,15,381,381,381,381,15,381,381,15,95.49,95.49,95.49,95.49,95.49,95.49,3.76,95.49,95.49,3.76,93.48,95.49,95.49,3.76,3.76,95.49,3.76,3.76,3.76,95.49,95.49,95.49,95.49,3.76,95.49,95.49,3.76,0.0,0.0,0.0,0.0,0.0,0.0,0.5,0.0,0.0,0.5,0.0,0.0,0.0,1.5,1.5,0.0,0.5,0.5,0.5,0.0,0.0,0.0,0.0,0.5,0.0,0.0,0.5,3.1,0.68,1.34,3.1,,,,10.89,8.82,,,0.06,,,,,0.07,4.54,,,0.07,,,,,0.03,0.04,1,1,1,1,0,0,80.28,69.75,75.41,72.83,3.87,2.41,3.59,1.53,0.04,0.04,0.06,0.02,0.02,0.04,0.01,0.07,11.4,11.02,19.21,12.27,16.57,18.18,13.46,5.47,50.0,-10.96,79.17,14.14,4.78,,,,14.81,14.79,,,400.0,,,,,10.0,63.7,,,-33.33,,,,,66.67,6.67,381,373,381,373,381,373,381,373,15,15,15,15,15,15,15,15,381,381,373,381,15,15,15,15,15,95.49,93.48,95.49,93.48,95.49,93.48,95.49,93.48,3.76,3.76,3.76,3.76,3.76,3.76,3.76,3.76,95.49,95.49,93.48,95.49,3.76,3.76,3.76,3.76,3.76,0.0,0.0,0.0,0.0,0.0,0.0,0.0,0.0,1.5,1.5,1.5,1.5,0.5,0.5,0.5,0.5,0.0,0.0,0.0,0.0,1.5,1.5,0.5,0.5,0.5,2023-2024,26973.0,5781.0,64.0,32818.0
2023-12-30T00:00:00.000,CA,61348.63,55357.92,4360.71,46849.04,42923.2,2799.83,9913.01,6592.22,1326.71,6879.69,4812.42,944.98,2477.11,126.0,2603.11,33.95,1.0,1269.55,10.36,2.11,12.46,280.73,21.86,302.59,6.98,0.43,181.35,0.14,0.71,0.86,107.0,36.0,153.0,631.0,,,,3739.0,146.0,3892.0,,,4.0,,,,,27.0,,1810.0,,,6.0,,,,,22.0,,28.0,76.37,4.24,2.07,0.02,69.4,3.05,1.83,0.01,96.07,3.93,1.49,0.22,78.57,21.43,381,381,381,381,381,381,15,381,381,15,373,381,381,13,15,381,15,15,15,381,381,381,381,15,381,381,15,95.49,95.49,95.49,95.49,95.49,95.49,3.76,95.49,95.49,3.76,93.48,95.49,95.49,3.26,3.76,95.49,3.76,3.76,3.76,95.49,95.49,95.49,95.49,3.76,95.49,95.49,3.76,0.0,0.0,0.0,0.0,0.0,0.0,0.0,0.0,0.0,0.0,0.0,0.0,0.0,-0.5,0.0,0.0,0.0,0.0,0.0,0.0,0.0,0.0,0.0,0.0,0.0,0.0,0.0,5.1,0.57,1.81,3.72,,,,12.31,10.02,,,0.05,,,,,0.09,4.66,,,0.07,,,,,0.07,0.07,1,1,1,1,0,0,77.54,64.21,73.0,71.23,4.47,2.89,4.26,1.65,0.06,0.02,0.11,0.03,0.02,0.05,0.0,0.05,11.62,11.33,17.35,14.28,20.55,42.86,6.88,1.38,33.9,64.62,-16.28,35.4,19.96,,,,12.96,13.7,,,-20.0,,,,,22.73,2.67,,,0.0,,,,,120.0,75.0,381,373,381,373,381,373,381,373,15,13,15,13,15,15,15,15,381,381,373,381,15,13,15,15,15,95.49,93.48,95.49,93.48,95.49,93.48,95.49,93.48,3.76,3.26,3.76,3.26,3.76,3.76,3.76,3.76,95.49,95.49,93.48,95.49,3.76,3.26,3.76,3.76,3.76,0.0,0.0,0.0,0.0,0.0,0.0,0.0,0.0,0.0,-0.5,0.0,-0.5,0.0,0.0,0.0,0.0,0.0,0.0,0.0,0.0,0.0,-0.5,0.0,0.0,0.0,2023-2024,30865.0,7591.0,92.0,38548.0
2024-01-06T00:00:00.000,CA,62024.14,56071.0,4320.71,48518.29,44547.71,2865.71,9990.29,6696.86,1315.29,6980.71,4980.0,918.71,2640.0,130.86,2770.86,23.6,1.14,1239.29,12.27,3.86,16.13,294.71,19.57,314.29,4.81,0.0,178.29,2.19,1.71,3.9,85.0,41.0,133.0,564.0,,,,3714.0,121.0,3847.0,,,6.0,,,,,25.0,,1470.0,,,11.0,,,,,27.0,,38.0,78.22,4.47,2.0,0.03,69.88,3.15,1.78,0.04,96.54,3.46,1.7,0.41,71.05,28.95,381,381,381,381,381,381,15,381,381,15,373,381,381,15,15,381,15,15,15,381,381,381,381,15,381,381,15,95.49,95.49,95.49,95.49,95.49,95.49,3.76,95.49,95.49,3.76,93.48,95.49,95.49,3.76,3.76,95.49,3.76,3.76,3.76,95.49,95.49,95.49,95.49,3.76,95.49,95.49,3.76,0.0,0.0,0.0,0.0,0.0,0.0,0.0,0.0,0.0,0.0,0.0,0.0,0.0,0.5,0.0,0.0,0.0,0.0,0.0,0.0,0.0,0.0,0.0,0.0,0.0,0.0,0.0,4.05,0.65,1.57,3.33,,,,12.22,9.91,,,0.07,,,,,0.08,3.79,,,0.13,,,,,0.09,0.1,1,1,1,1,0,0,79.45,66.33,74.36,69.85,4.71,3.03,4.4,1.49,0.04,0.03,0.07,0.0,0.02,0.09,0.03,0.13,11.34,11.16,14.96,14.39,20.38,0.0,24.21,17.85,44.44,-20.56,13.89,-13.07,-10.62,,,,-0.67,-1.16,,,50.0,,,,,-7.41,-18.78,,,83.33,,,,,22.73,35.71,381,373,381,373,381,373,381,373,15,15,15,15,15,15,15,15,381,381,373,381,15,15,15,15,15,95.49,93.48,95.49,93.48,95.49,93.48,95.49,93.48,3.76,3.76,3.76,3.76,3.76,3.76,3.76,3.76,95.49,95.49,93.48,95.49,3.76,3.76,3.76,3.76,3.76,0.0,0.0,0.0,0.0,0.0,0.0,0.0,0.0,0.0,0.5,0.0,0.5,0.0,0.0,0.0,0.0,0.0,0.0,0.0,0.0,0.0,0.5,0.0,0.0,0.0,2023-2024,34712.0,9061.0,130.0,43903.0
2024-01-13T00:00:00.000,CA,62705.29,56758.14,4330.57,50228.5,46205.92,2898.57,10022.57,6730.29,1327.14,7163.36,5154.29,920.0,2532.93,111.86,2644.79,17.47,0.57,930.92,18.06,1.43,19.49,312.5,18.57,331.07,2.71,0.14,147.71,1.91,0.29,2.2,66.0,25.0,93.0,556.0,,,,3367.0,84.0,3460.0,,,2.0,,,,,28.0,,1075.0,,,3.0,,,,,20.0,,23.0,80.1,4.22,1.48,0.03,71.47,3.3,1.47,0.02,97.31,2.69,2.6,0.19,86.96,13.04,382,382,382,382,382,382,15,382,382,15,374,382,382,11,12,382,14,15,15,382,382,382,382,15,382,382,15,95.74,95.74,95.74,95.74,95.74,95.74,3.76,95.74,95.74,3.76,93.73,95.74,95.74,2.76,3.01,95.74,3.51,3.76,3.76,95.74,95.74,95.74,95.74,3.76,95.74,95.74,3.76,0.25,0.25,0.25,0.25,0.25,0.25,0.0,0.25,0.25,0.0,0.25,0.25,0.25,-1.0,-0.75,0.25,-0.25,0.0,0.0,0.25,0.25,0.25,0.25,0.0,0.25,0.25,0.0,3.15,0.39,1.1,3.28,,,,11.08,8.91,,,0.02,,,,,0.09,2.77,,,0.04,,,,,0.07,0.06,1,1,1,1,0,0,81.41,66.93,76.58,69.32,4.46,2.58,4.64,1.4,0.03,0.01,0.04,0.01,0.03,0.03,0.03,0.02,12.52,12.34,16.6,15.87,15.54,25.0,11.29,10.6,20.0,-22.35,-39.02,-30.08,-1.42,,,,-9.34,-10.06,,,-66.67,,,,,12.0,-26.87,,,-72.73,,,,,-25.93,-39.47,382,374,382,374,382,374,382,374,12,11,12,11,15,14,15,14,382,382,374,382,12,11,15,15,14,95.74,93.73,95.74,93.73,95.74,93.73,95.74,93.73,3.01,2.76,3.01,2.76,3.76,3.51,3.76,3.51,95.74,95.74,93.73,95.74,3.01,2.76,3.76,3.76,3.51,0.25,0.25,0.25,0.25,0.25,0.25,0.25,0.25,-0.75,-1.0,-0.75,-1.0,0.0,-0.25,0.0,-0.25,0.25,0.25,0.25,0.25,-0.75,-1.0,0.0,0.0,-0.25,2023-2024,38172.0,10136.0,153.0,48461.0
2024-01-20T00:00:00.000,CA,62933.0,56958.71,4331.71,50458.4,46410.4,2936.43,10093.48,6757.48,1348.43,7201.64,5192.79,913.57,2467.43,101.71,2569.14,8.81,0.0,831.86,13.12,0.29,13.4,316.14,15.29,331.43,0.67,0.0,119.62,0.43,0.14,0.57,58.0,28.0,89.0,530.0,,,,3136.0,71.0,3225.0,,,0.0,,,,,12.0,,1096.0,,,1.0,,,,,15.0,,16.0,80.18,4.08,1.32,0.02,71.35,3.28,1.19,0.01,97.24,2.76,1.09,0.0,93.75,6.25,382,382,382,382,382,382,14,382,382,14,374,382,382,13,13,382,13,14,14,382,382,382,382,14,382,382,14,95.74,95.74,95.74,95.74,95.74,95.74,3.51,95.74,95.74,3.51,93.73,95.74,95.74,3.26,3.26,95.74,3.26,3.51,3.51,95.74,95.74,95.74,95.74,3.51,95.74,95.74,3.51,0.0,0.0,0.0,0.0,0.0,0.0,-0.25,0.0,0.0,-0.25,0.0,0.0,0.0,0.5,0.25,0.0,-0.25,-0.25,-0.25,0.0,0.0,0.0,0.0,-0.25,0.0,0.0,-0.25,2.76,0.44,1.05,3.13,,,,10.32,8.31,,,0.0,,,,,0.04,2.82,,,0.01,,,,,0.05,0.04,1,1,1,1,0,0,81.48,67.79,76.85,67.75,4.33,2.35,4.68,1.13,0.02,0.0,0.01,0.0,0.02,0.01,0.01,0.01,12.9,12.81,15.03,14.38,7.57,,4.26,3.27,50.0,-12.12,12.0,-4.3,-4.68,,,,-6.86,-6.79,,,-100.0,,,,,-57.14,1.95,,,-66.67,,,,,-25.0,-30.43,382,374,382,374,382,374,382,374,13,13,13,13,14,13,14,13,382,382,374,382,13,13,14,14,13,95.74,93.73,95.74,93.73,95.74,93.73,95.74,93.73,3.26,3.26,3.26,3.26,3.51,3.26,3.51,3.26,95.74,95.74,93.73,95.74,3.26,3.26,3.51,3.51,3.26,0.0,0.0,0.0,0.0,0.0,0.0,0.0,0.0,0.25,0.5,0.25,0.5,-0.25,-0.25,-0.25,-0.25,0.0,0.0,0.0,0.0,0.25,0.5,-0.25,-0.25,-0.25,2023-2024,41397.0,11232.0,169.0,52798.0
2024-01-27T00:00:00.000,CA,62533.81,56480.5,4345.88,50087.17,46033.52,2917.79,10025.21,6715.36,1356.29,7078.31,5073.24,929.07,2192.12,98.55,2290.67,8.14,0.0,724.29,15.09,0.43,15.51,256.12,24.57,280.69,0.86,0.0,112.14,1.0,0.14,1.14,66.0,40.0,114.0,426.0,,,,2647.0,71.0,2761.0,,,0.0,,,,,13.0,,732.0,,,3.0,,,,,16.0,,19.0,80.1,3.66,1.16,0.02,70.61,2.8,1.12,0.01,95.87,4.13,1.78,0.0,84.21,15.79,381,381,381,381,381,381,15,381,381,15,373,381,381,12,13,381,13,15,15,381,381,381,381,15,381,381,15,95.49,95.49,95.49,95.49,95.49,95.49,3.76,95.49,95.49,3.76,93.48,95.49,95.49,3.01,3.26,95.49,3.26,3.76,3.76,95.49,95.49,95.49,95.49,3.76,95.49,95.49,3.76,-0.25,-0.25,-0.25,-0.25,-0.25,-0.25,0.25,-0.25,-0.25,0.25,-0.25,-0.25,-0.25,-0.25,0.0,-0.25,0.0,0.25,0.25,-0.25,-0.25,-0.25,-0.25,0.25,-0.25,-0.25,0.25,3.15,0.63,1.35,2.51,,,,8.71,7.11,,,0.0,,,,,0.04,1.89,,,0.04,,,,,0.05,0.05,1,1,1,1,0,0,81.5,67.14,75.55,68.5,3.88,2.27,3.81,1.81,0.01,0.0,0.01,0.0,0.03,0.01,0.01,0.01,12.25,11.68,24.93,15.48,10.53,,7.37,6.63,33.33,13.79,42.86,28.09,-19.62,,,,-15.59,-14.39,,,,,,,,8.33,-33.21,,,200.0,,,,,6.67,18.75,381,373,381,373,381,373,381,373,13,12,13,12,15,13,15,13,381,381,373,381,13,12,15,15,13,95.49,93.48,95.49,93.48,95.49,93.48,95.49,93.48,3.26,3.01,3.26,3.01,3.76,3.26,3.76,3.26,95.49,95.49,93.48,95.49,3.26,3.01,3.76,3.76,3.26,-0.25,-0.25,-0.25,-0.25,-0.25,-0.25,-0.25,-0.25,0.0,-0.25,0.0,-0.25,0.25,0.0,0.25,0.0,-0.25,-0.25,-0.25,-0.25,0.0,-0.25,0.25,0.25,0.0,2023-2024,44158.0,11964.0,188.0,56310.0
2024-02-03T00:00:00.000,CA,62575.57,56426.0,4423.43,49737.0,45670.86,2909.57,9997.57,6655.0,1359.14,7039.71,5035.71,917.71,1878.71,96.86,1975.57,4.86,0.0,540.14,13.46,0.43,13.89,231.14,9.57,240.71,0.57,0.0,85.71,0.71,0.29,1.0,53.0,31.0,93.0,399.0,,,,2291.0,75.0,2384.0,,,0.0,,,,,8.0,,547.0,,,2.0,,,,,10.0,,12.0,79.48,3.16,0.86,0.02,70.41,2.41,0.86,0.01,96.1,3.9,1.46,0.0,83.33,16.67,382,382,382,382,382,382,17,382,382,17,374,382,382,12,13,382,17,17,17,382,382,382,382,17,382,382,17,95.74,95.74,95.74,95.74,95.74,95.74,4.26,95.74,95.74,4.26,93.73,95.74,95.74,3.01,3.26,95.74,4.26,4.26,4.26,95.74,95.74,95.74,95.74,4.26,95.74,95.74,4.26,0.25,0.25,0.25,0.25,0.25,0.25,0.5,0.25,0.25,0.5,0.25,0.25,0.25,0.0,0.0,0.25,1.0,0.5,0.5,0.25,0.25,0.25,0.25,0.5,0.25,0.25,0.5,2.53,0.49,1.1,2.35,,,,7.54,6.14,,,0.0,,,,,0.03,1.41,,,0.02,,,,,0.03,0.03,1,1,1,1,0,0,80.94,65.78,75.67,67.52,3.33,2.19,3.47,0.7,0.01,0.0,0.01,0.0,0.02,0.01,0.01,0.02,12.18,12.3,9.88,15.87,11.76,,7.2,5.31,66.67,-19.7,-22.5,-18.42,-6.34,,,,-13.45,-13.65,,,,,,,,-38.46,-25.27,,,-33.33,,,,,-37.5,-36.84,382,374,382,374,382,374,382,374,14,12,12,12,17,17,17,17,382,382,374,382,12,12,17,17,17,95.74,93.73,95.74,93.73,95.74,93.73,95.74,93.73,3.51,3.01,3.01,3.01,4.26,4.26,4.26,4.26,95.74,95.74,93.73,95.74,3.01,3.01,4.26,4.26,4.26,0.25,0.25,0.25,0.25,0.25,0.25,0.25,0.25,0.25,0.0,-0.25,0.0,0.5,1.0,0.5,1.0,0.25,0.25,0.25,0.25,-0.25,0.0,0.5,0.5,1.0,2023-2024,46542.0,12511.0,200.0,59253.0
2024-02-10T00:00:00.000,CA,62376.29,56189.57,4429.43,48901.57,44786.29,2957.29,9987.43,6662.57,1342.71,6906.29,4857.14,929.57,1628.29,86.14,1714.43,4.43,0.0,397.43,8.4,1.43,9.83,187.71,9.43,197.14,0.57,0.0,52.14,1.0,0.86,1.86,51.0,35.0,90.0,389.0,,,,2017.0,67.0,2107.0,,,0.0,,,,,6.0,,464.0,,,3.0,,,,,8.0,,11.0,78.4,2.75,0.64,0.02,69.15,1.97,0.52,0.02,95.73,4.27,1.29,0.0,72.73,27.27,382,382,382,382,382,382,14,382,382,14,374,382,382,11,11,382,14,13,14,382,382,382,382,14,382,382,14,95.74,95.74,95.74,95.74,95.74,95.74,3.51,95.74,95.74,3.51,93.73,95.74,95.74,2.76,2.76,95.74,3.51,3.26,3.51,95.74,95.74,95.74,95.74,3.51,95.74,95.74,3.51,0.0,0.0,0.0,0.0,0.0,0.0,-0.75,0.0,0.0,-0.75,0.0,0.0,0.0,-0.25,-0.5,0.0,-0.75,-1.0,-0.75,0.0,0.0,0.0,0.0,-0.75,0.0,0.0,-0.75,2.43,0.55,1.07,2.3,,,,6.64,5.43,,,0.0,,,,,0.02,1.2,,,0.04,,,,,0.03,0.03,1,1,1,1,0,0,79.71,66.76,72.9,69.23,2.9,1.94,2.82,0.7,0.01,0.0,0.01,0.0,0.01,0.03,0.02,0.06,11.5,11.53,10.95,13.12,12.9,,18.89,11.9,60.0,-3.77,12.9,-3.23,-2.51,,,,-11.96,-11.62,,,,,,,,-25.0,-15.17,,,50.0,,,,,-20.0,-8.33,382,374,382,374,382,374,382,374,11,11,11,11,13,14,13,14,382,382,374,382,11,11,14,13,14,95.74,93.73,95.74,93.73,95.74,93.73,95.74,93.73,2.76,2.76,2.76,2.76,3.26,3.51,3.26,3.51,95.74,95.74,93.73,95.74,2.76,2.76,3.51,3.26,3.51,0.0,0.0,0.0,0.0,0.0,0.0,0.0,0.0,-0.75,-0.25,-0.25,-0.25,-1.0,-0.75,-1.0,-0.75,0.0,0.0,0.0,0.0,-0.25,-0.25,-0.75,-1.0,-0.75,2023-2024,48649.0,12975.0,211.0,61835.0
2024-02-17T00:00:00.000,CA,62190.86,56090.29,4173.86,48919.14,45017.71,2672.71,9869.14,6700.57,1262.0,6788.71,4889.86,844.43,1468.71,61.86,1530.57,2.29,0.0,282.57,3.51,0.43,3.94,157.71,10.57,168.29,0.43,0.0,40.14,0.0,0.0,0.0,37.0,24.0,64.0,321.0,,,,1953.0,75.0,2017.0,,,0.0,,,,,4.0,,342.0,,,1.0,,,,,5.0,,6.0,78.66,2.46,0.45,0.01,68.79,1.71,0.41,0.0,96.83,3.17,1.17,0.0,83.33,16.67,381,381,381,381,381,381,14,381,381,14,373,381,381,12,12,381,13,14,14,381,381,381,381,14,381,381,14,95.49,95.49,95.49,95.49,95.49,95.49,3.51,95.49,95.49,3.51,93.48,95.49,95.49,3.01,3.01,95.49,3.26,3.51,3.51,95.49,95.49,95.49,95.49,3.51,95.49,95.49,3.51,-0.25,-0.25,-0.25,-0.25,-0.25,-0.25,0.0,-0.25,-0.25,0.0,-0.25,-0.25,-0.25,0.25,0.25,-0.25,-0.25,0.25,0.0,-0.25,-0.25,-0.25,-0.25,0.0,-0.25,-0.25,0.0,1.76,0.38,0.76,1.89,,,,6.43,5.19,,,0.0,,,,,0.01,0.88,,,0.01,,,,,0.02,0.02,1,1,1,1,0,0,80.26,64.03,72.98,66.91,2.62,1.48,2.35,0.84,0.0,0.0,0.01,0.0,0.01,0.01,0.0,0.0,10.99,10.74,17.09,14.21,18.75,,0.0,0.0,0.0,-27.45,-31.43,-28.89,-17.48,,,,-3.17,-4.27,,,,,,,,-33.33,-26.29,,,-66.67,,,,,-37.5,-45.45,381,373,381,373,381,373,381,373,12,12,12,12,14,13,14,13,381,381,373,381,12,12,14,14,13,95.49,93.48,95.49,93.48,95.49,93.48,95.49,93.48,3.01,3.01,3.01,3.01,3.51,3.26,3.51,3.26,95.49,95.49,93.48,95.49,3.01,3.01,3.51,3.51,3.26,-0.25,-0.25,-0.25,-0.25,-0.25,-0.25,-0.25,-0.25,0.25,0.25,0.25,0.25,0.25,-0.25,0.25,-0.25,-0.25,-0.25,-0.25,-0.25,0.25,0.25,0.0,0.25,-0.25,2023-2024,50666.0,13317.0,217.0,64200.0
2024-02-24T00:00:00.000,CA,62646.77,56400.94,4420.4,49035.24,44982.84,2863.12,10007.77,6685.98,1336.71,6838.23,4881.37,861.86,1313.0,70.0,1383.0,5.43,0.71,242.67,2.86,0.0,2.86,134.74,10.86,145.6,2.86,0.0,33.29,0.0,0.0,0.0,39.0,20.0,62.0,274.0,,,,1625.0,63.0,1687.0,,,1.0,,,,,8.0,,302.0,,,0.0,,,,,6.0,,6.0,78.27,2.21,0.39,0.0,68.33,1.45,0.33,0.0,96.32,3.68,2.65,0.33,100.0,0.0,382,382,382,382,382,382,13,382,382,13,374,382,382,11,11,382,12,13,13,382,382,382,382,13,382,382,13,95.74,95.74,95.74,95.74,95.74,95.74,3.26,95.74,95.74,3.26,93.73,95.74,95.74,2.76,2.76,95.74,3.01,3.26,3.26,95.74,95.74,95.74,95.74,3.26,95.74,95.74,3.26,0.25,0.25,0.25,0.25,0.25,0.25,-0.25,0.25,0.25,-0.25,0.25,0.25,0.25,-0.25,-0.25,0.25,-0.25,-0.25,-0.25,0.25,0.25,0.25,0.25,-0.25,0.25,0.25,-0.25,1.86,0.32,0.73,1.62,,,,5.35,4.34,,,0.01,,,,,0.03,0.78,,,0.0,,,,,0.02,0.02,1,1,1,1,0,0,79.76,64.77,73.01,64.48,2.33,1.58,2.02,0.81,0.01,0.02,0.04,0.0,0.01,0.0,0.0,0.0,10.53,10.26,15.51,13.72,52.63,0.0,0.0,0.0,,5.41,-16.67,-3.13,-14.64,,,,-16.79,-16.36,,,,,,,,100.0,-11.7,,,-100.0,,,,,20.0,0.0,382,374,382,374,382,374,382,374,11,11,11,11,13,12,13,12,382,382,374,382,11,11,13,13,12,95.74,93.73,95.74,93.73,95.74,93.73,95.74,93.73,2.76,2.76,2.76,2.76,3.26,3.01,3.26,3.01,95.74,95.74,93.73,95.74,2.76,2.76,3.26,3.26,3.01,0.25,0.25,0.25,0.25,0.25,0.25,0.25,0.25,-0.25,-0.25,-0.25,-0.25,-0.25,-0.25,-0.25,-0.25,0.25,0.25,0.25,0.25,-0.25,-0.25,-0.25,-0.25,-0.25,2023-2024,52353.0,13619.0,223.0,66195.0
2024-03-02T00:00:00.000,CA,62235.12,56063.69,4456.86,48804.17,44789.02,2891.29,9920.64,6631.79,1329.0,6749.57,4802.71,866.86,1141.5,51.55,1193.05,3.86,0.29,223.21,3.93,1.0,4.93,129.14,8.71,137.86,0.86,0.0,29.43,0.0,0.14,0.14,29.0,11.0,42.0,321.0,,,,1459.0,40.0,1501.0,,,0.0,,,,,6.0,,266.0,,,3.0,,,,,6.0,,9.0,78.42,1.92,0.36,0.01,68.04,1.39,0.3,0.0,97.2,2.8,2.26,0.0,66.67,33.33,381,381,381,381,381,381,12,381,381,12,373,381,381,10,10,381,11,12,12,381,381,381,381,12,381,381,12,95.49,95.49,95.49,95.49,95.49,95.49,3.01,95.49,95.49,3.01,93.48,95.49,95.49,2.51,2.51,95.49,2.76,3.01,3.01,95.49,95.49,95.49,95.49,3.01,95.49,95.49,3.01,-0.25,-0.25,-0.25,-0.25,-0.25,-0.25,-0.25,-0.25,-0.25,-0.25,-0.25,-0.25,-0.25,-0.25,-0.25,-0.25,-0.25,-0.25,-0.25,-0.25,-0.25,-0.25,-0.25,-0.25,-0.25,-0.25,-0.25,1.38,0.17,0.5,1.89,,,,4.8,3.87,,,0.0,,,,,0.02,0.69,,,0.04,,,,,0.02,0.02,1,1,1,1,0,0,79.89,64.87,72.42,65.23,2.04,1.16,1.95,0.66,0.01,0.01,0.01,0.0,0.01,0.02,0.0,0.01,11.56,11.31,16.91,13.18,22.22,0.0,2.9,0.0,14.29,-25.64,-45.0,-32.26,17.15,,,,-10.22,-11.03,,,-100.0,,,,,-25.0,-11.92,,,,,,,,0.0,50.0,381,373,381,373,381,373,381,373,10,10,10,10,12,11,12,11,381,381,373,381,10,10,12,12,11,95.49,93.48,95.49,93.48,95.49,93.48,95.49,93.48,2.51,2.51,2.51,2.51,3.01,2.76,3.01,2.76,95.49,95.49,93.48,95.49,2.51,2.51,3.01,3.01,2.76,-0.25,-0.25,-0.25,-0.25,-0.25,-0.25,-0.25,-0.25,-0.25,-0.25,-0.25,-0.25,-0.25,-0.25,-0.25,-0.25,-0.25,-0.25,-0.25,-0.25,-0.25,-0.25,-0.25,-0.25,-0.25,2023-2024,53854.0,13885.0,232.0,67971.0
2024-03-09T00:00:00.000,CA,62099.62,55901.93,4475.12,48271.95,44171.83,2944.98,9955.29,6632.0,1344.57,6684.29,4745.43,887.57,946.57,46.29,992.86,2.71,0.0,180.1,4.79,0.57,5.36,98.43,8.14,106.57,0.29,0.0,26.29,0.0,0.0,0.0,20.0,14.0,34.0,238.0,,,,1228.0,18.0,1262.0,,,0.0,,,,,2.0,,207.0,,,1.0,,,,,6.0,,7.0,77.73,1.6,0.29,0.01,67.14,1.07,0.26,0.0,97.31,2.69,0.97,0.0,85.71,14.29,381,381,381,381,381,381,13,381,381,13,373,381,381,11,11,381,12,13,13,381,381,381,381,13,381,381,13,95.49,95.49,95.49,95.49,95.49,95.49,3.26,95.49,95.49,3.26,93.48,95.49,95.49,2.76,2.76,95.49,3.01,3.26,3.26,95.49,95.49,95.49,95.49,3.26,95.49,95.49,3.26,0.0,0.0,0.0,0.0,0.0,0.0,0.25,0.0,0.0,0.25,0.0,0.0,0.0,0.25,0.25,0.0,0.25,0.25,0.25,0.0,0.0,0.0,0.0,0.25,0.0,0.0,0.25,0.95,0.22,0.4,1.4,,,,4.04,3.25,,,0.0,,,,,0.01,0.53,,,0.01,,,,,0.02,0.02,1,1,1,1,0,0,79.02,65.81,71.55,66.01,1.69,1.03,1.48,0.61,0.0,0.0,0.0,0.0,0.01,0.01,0.0,0.0,10.73,10.4,17.59,14.6,10.53,,0.0,0.0,0.0,-31.03,27.27,-19.05,-25.86,,,,-15.83,-15.92,,,,,,,,-66.67,-22.18,,,-66.67,,,,,0.0,-22.22,381,373,381,373,381,373,381,373,11,11,11,11,13,12,13,12,381,381,373,381,11,11,13,13,12,95.49,93.48,95.49,93.48,95.49,93.48,95.49,93.48,2.76,2.76,2.76,2.76,3.26,3.01,3.26,3.01,95.49,95.49,93.48,95.49,2.76,2.76,3.26,3.26,3.01,0.0,0.0,0.0,0.0,0.0,0.0,0.0,0.0,0.25,0.25,0.25,0.25,0.25,0.25,0.25,0.25,0.0,0.0,0.0,0.0,0.25,0.25,0.25,0.25,0.25,2023-2024,55116.0,14092.0,239.0,69447.0
2024-03-16T00:00:00.000,CA,62206.14,56067.57,4435.57,48677.74,44489.17,2998.43,9912.29,6620.29,1345.14,6738.64,4794.21,914.43,826.4,44.43,870.83,2.0,0.0,159.86,2.88,0.0,2.88,96.33,6.43,102.76,0.0,0.0,23.29,0.29,0.0,0.29,31.0,12.0,43.0,186.0,,,,1075.0,21.0,1118.0,,,0.0,,,,,1.0,,188.0,,,0.0,,,,,4.0,,4.0,78.25,1.4,0.26,0.0,67.98,1.04,0.23,0.0,96.15,3.85,0.53,0.0,100.0,0.0,381,381,381,381,381,381,13,381,381,13,373,381,381,12,12,381,12,13,13,381,381,381,381,13,381,381,13,95.49,95.49,95.49,95.49,95.49,95.49,3.26,95.49,95.49,3.26,93.48,95.49,95.49,3.01,3.01,95.49,3.01,3.26,3.26,95.49,95.49,95.49,95.49,3.26,95.49,95.49,3.26,0.0,0.0,0.0,0.0,0.0,0.0,0.0,0.0,0.0,0.0,0.0,0.0,0.0,0.25,0.25,0.0,0.0,0.0,0.0,0.0,0.0,0.0,0.0,0.0,0.0,0.0,0.0,1.48,0.19,0.51,1.1,,,,3.54,2.88,,,0.0,,,,,0.0,0.48,,,0.0,,,,,0.01,0.01,1,1,1,1,0,0,79.35,67.6,72.42,67.98,1.47,1.0,1.46,0.48,0.0,0.0,0.0,0.0,0.01,0.0,0.0,0.0,11.8,11.66,14.47,14.57,0.0,,9.92,9.92,,55.0,-14.29,26.47,-21.85,,,,-12.46,-11.41,,,,,,,,-50.0,-9.18,,,-100.0,,,,,-33.33,-42.86,381,373,381,373,381,373,381,373,12,12,12,12,13,12,13,12,381,381,373,381,12,12,13,13,12,95.49,93.48,95.49,93.48,95.49,93.48,95.49,93.48,3.01,3.01,3.01,3.01,3.26,3.01,3.26,3.01,95.49,95.49,93.48,95.49,3.01,3.01,3.26,3.26,3.01,0.0,0.0,0.0,0.0,0.0,0.0,0.0,0.0,0.25,0.25,0.25,0.25,0.0,0.0,0.0,0.0,0.0,0.0,0.0,0.0,0.25,0.25,0.0,0.0,0.0,2023-2024,56234.0,14280.0,243.0,70757.0
2024-03-23T00:00:00.000,CA,62355.93,56211.93,4441.29,48817.13,44725.07,3013.63,9898.29,6631.29,1346.86,6740.37,4828.66,912.14,733.29,34.48,767.76,2.43,0.0,155.0,1.89,0.14,2.03,80.14,6.14,86.29,0.14,0.0,23.14,0.0,0.0,0.0,26.0,19.0,46.0,194.0,,,,960.0,16.0,1006.0,,,0.0,,,,,3.0,,175.0,,,1.0,,,,,2.0,,3.0,78.29,1.23,0.25,0.0,68.1,0.87,0.23,0.0,95.43,4.57,1.71,0.0,66.67,33.33,381,381,381,381,381,381,14,381,381,14,373,381,381,12,12,381,13,14,14,381,381,381,381,14,381,381,14,95.49,95.49,95.49,95.49,95.49,95.49,3.51,95.49,95.49,3.51,93.48,95.49,95.49,3.01,3.01,95.49,3.26,3.51,3.51,95.49,95.49,95.49,95.49,3.51,95.49,95.49,3.51,0.0,0.0,0.0,0.0,0.0,0.0,0.25,0.0,0.0,0.25,0.0,0.0,0.0,0.0,0.0,0.0,0.25,0.25,0.25,0.0,0.0,0.0,0.0,0.25,0.0,0.0,0.25,1.24,0.3,0.54,1.14,,,,3.16,2.59,,,0.0,,,,,0.01,0.45,,,0.01,,,,,0.01,0.01,1,1,1,1,0,0,79.57,67.85,72.82,67.72,1.3,0.78,1.21,0.46,0.0,0.0,0.0,0.0,0.0,0.0,0.0,0.0,11.24,10.93,17.82,14.93,5.88,,0.0,0.0,0.0,-16.13,58.33,6.98,4.3,,,,-10.7,-10.02,,,,,,,,200.0,-6.91,,,,,,,,-50.0,-25.0,381,373,381,373,381,373,381,373,12,12,12,12,14,13,14,13,381,381,373,381,12,12,14,14,13,95.49,93.48,95.49,93.48,95.49,93.48,95.49,93.48,3.01,3.01,3.01,3.01,3.51,3.26,3.51,3.26,95.49,95.49,93.48,95.49,3.01,3.01,3.51,3.51,3.26,0.0,0.0,0.0,0.0,0.0,0.0,0.0,0.0,0.0,0.0,0.0,0.0,0.25,0.25,0.25,0.25,0.0,0.0,0.0,0.0,0.0,0.0,0.25,0.25,0.25,2023-2024,57240.0,14455.0,246.0,71941.0
2024-03-30T00:00:00.000,CA,61800.71,55744.43,4384.0,48059.61,44036.46,3005.83,9769.64,6521.26,1350.14,6557.5,4651.26,894.71,639.55,30.88,670.43,2.86,0.0,149.26,1.14,0.29,1.43,68.05,4.0,72.05,0.0,0.0,15.31,0.0,0.29,0.29,15.0,14.0,34.0,169.0,,,,842.0,23.0,876.0,,,0.0,,,,,2.0,,180.0,,,1.0,,,,,2.0,,3.0,77.77,1.08,0.24,0.0,67.12,0.74,0.16,0.0,96.12,3.88,1.11,0.0,66.67,33.33,382,382,382,382,382,382,13,382,382,13,374,382,382,11,12,382,12,13,13,382,382,382,382,13,382,382,13,95.74,95.74,95.74,95.74,95.74,95.74,3.26,95.74,95.74,3.26,93.73,95.74,95.74,2.76,3.01,95.74,3.01,3.26,3.26,95.74,95.74,95.74,95.74,3.26,95.74,95.74,3.26,0.25,0.25,0.25,0.25,0.25,0.25,-0.25,0.25,0.25,-0.25,0.25,0.25,0.25,-0.25,0.0,0.25,-0.25,-0.25,-0.25,0.25,0.25,0.25,0.25,-0.25,0.25,0.25,-0.25,0.72,0.22,0.4,1.0,,,,2.77,2.26,,,0.0,,,,,0.01,0.46,,,0.01,,,,,0.01,0.01,1,1,1,1,0,0,79.0,68.56,71.32,66.27,1.15,0.7,1.04,0.3,0.01,0.0,0.0,0.0,0.0,0.01,0.0,0.02,10.75,10.64,12.95,10.26,0.0,,20.0,0.0,100.0,-42.31,-26.32,-26.09,-12.89,,,,-12.29,-12.92,,,,,,,,-33.33,2.86,,,0.0,,,,,0.0,0.0,382,374,382,374,382,374,382,374,12,11,12,11,13,12,13,12,382,382,374,382,12,11,13,13,12,95.74,93.73,95.74,93.73,95.74,93.73,95.74,93.73,3.01,2.76,3.01,2.76,3.26,3.01,3.26,3.01,95.74,95.74,93.73,95.74,3.01,2.76,3.26,3.26,3.01,0.25,0.25,0.25,0.25,0.25,0.25,0.25,0.25,0.0,-0.25,0.0,-0.25,-0.25,-0.25,-0.25,-0.25,0.25,0.25,0.25,0.25,0.0,-0.25,-0.25,-0.25,-0.25,2023-2024,58116.0,14635.0,249.0,73000.0
2024-04-06T00:00:00.000,CA,61676.91,55651.8,4316.57,47530.66,43503.92,2822.43,9741.34,6522.94,1298.57,6503.64,4656.32,847.0,584.67,25.29,609.95,3.57,0.14,139.43,0.43,0.0,0.43,78.17,3.86,82.02,0.29,0.0,17.43,0.0,0.0,0.0,14.0,12.0,27.0,140.0,,,,795.0,9.0,822.0,,,1.0,,,,,4.0,,151.0,,,0.0,,,,,2.0,,2.0,77.06,0.99,0.23,0.0,66.76,0.84,0.18,0.0,96.72,3.28,2.65,0.66,100.0,0.0,381,381,381,381,381,381,14,381,381,14,373,381,381,13,13,381,13,14,14,381,381,381,381,14,381,381,14,95.49,95.49,95.49,95.49,95.49,95.49,3.51,95.49,95.49,3.51,93.48,95.49,95.49,3.26,3.26,95.49,3.26,3.51,3.51,95.49,95.49,95.49,95.49,3.51,95.49,95.49,3.51,-0.25,-0.25,-0.25,-0.25,-0.25,-0.25,0.25,-0.25,-0.25,0.25,-0.25,-0.25,-0.25,0.5,0.25,-0.25,0.25,0.25,0.25,-0.25,-0.25,-0.25,-0.25,0.25,-0.25,-0.25,0.25,0.67,0.19,0.32,0.83,,,,2.62,2.12,,,0.01,,,,,0.01,0.39,,,0.0,,,,,0.01,0.01,1,1,1,1,0,0,78.17,65.39,71.38,65.23,1.05,0.59,1.2,0.3,0.01,0.0,0.0,0.0,0.0,0.0,0.0,0.0,13.45,13.37,15.25,12.5,8.0,0.0,0.0,0.0,,-6.67,-14.29,-20.59,-17.16,,,,-5.58,-6.16,,,,,,,,100.0,-16.11,,,-100.0,,,,,0.0,-33.33,381,373,381,373,381,373,381,373,13,13,13,13,14,13,14,13,381,381,373,381,13,13,14,14,13,95.49,93.48,95.49,93.48,95.49,93.48,95.49,93.48,3.26,3.26,3.26,3.26,3.51,3.26,3.51,3.26,95.49,95.49,93.48,95.49,3.26,3.26,3.51,3.51,3.26,-0.25,-0.25,-0.25,-0.25,-0.25,-0.25,-0.25,-0.25,0.25,0.5,0.25,0.5,0.25,0.25,0.25,0.25,-0.25,-0.25,-0.25,-0.25,0.25,0.5,0.25,0.25,0.25,2023-2024,58938.0,14786.0,251.0,73975.0
2024-04-13T00:00:00.000,CA,61793.57,55714.64,4315.5,48472.1,43989.02,2822.64,9779.71,6581.0,1300.29,6516.33,4717.33,831.14,547.29,22.86,570.14,2.14,0.0,129.67,1.29,0.29,1.57,58.29,4.29,62.57,0.14,0.0,13.57,0.0,0.0,0.0,14.0,13.0,30.0,124.0,,,,788.0,39.0,818.0,,,0.0,,,,,3.0,,179.0,,,2.0,,,,,3.0,,5.0,78.44,0.92,0.21,0.0,66.63,0.64,0.14,0.0,96.33,3.67,1.68,0.0,60.0,40.0,379,379,379,379,379,379,16,379,379,15,371,379,379,17,17,379,14,15,15,379,379,379,379,16,379,379,15,94.99,94.99,94.99,94.99,94.99,94.99,4.01,94.99,94.99,3.76,92.98,94.99,94.99,4.26,4.26,94.99,3.51,3.76,3.76,94.99,94.99,94.99,94.99,4.01,94.99,94.99,3.76,-0.5,-0.5,-0.5,-0.5,-0.5,-0.5,0.5,-0.5,-0.5,0.25,-0.5,-0.5,-0.5,1.0,1.0,-0.5,0.25,0.25,0.25,-0.5,-0.5,-0.5,-0.5,0.5,-0.5,-0.5,0.25,0.67,0.2,0.36,0.73,,,,2.59,2.11,,,0.0,,,,,0.01,0.46,,,0.02,,,,,0.01,0.01,1,1,1,1,0,0,78.95,65.41,71.68,63.92,0.98,0.53,0.89,0.33,0.0,0.0,0.0,0.0,0.0,0.01,0.0,0.0,10.97,10.65,18.75,10.47,6.67,,0.0,0.0,0.0,0.0,8.33,11.11,-11.43,,,,-0.88,-0.49,,,-100.0,,,,,-25.0,18.54,,,,,,,,50.0,150.0,379,371,379,371,379,371,379,371,17,17,17,17,16,14,15,14,379,379,371,379,17,17,15,15,14,94.99,92.98,94.99,92.98,94.99,92.98,94.99,92.98,4.26,4.26,4.26,4.26,4.01,3.51,3.76,3.51,94.99,94.99,92.98,94.99,4.26,4.26,3.76,3.76,3.51,-0.5,-0.5,-0.5,-0.5,-0.5,-0.5,-0.5,-0.5,1.0,1.0,1.0,1.0,0.5,0.25,0.25,0.25,-0.5,-0.5,-0.5,-0.5,1.0,1.0,0.25,0.25,0.25,2023-2024,59756.0,14965.0,256.0,74977.0
2024-04-20T00:00:00.000,CA,61737.33,55546.9,4370.57,48041.52,43868.81,2883.71,9738.67,6512.52,1312.71,6539.14,4661.71,869.14,481.67,24.57,506.24,1.31,0.0,125.86,1.33,1.0,2.33,49.43,4.43,53.86,0.0,0.0,13.14,0.0,0.0,0.0,9.0,9.0,19.0,135.0,,,,717.0,28.0,736.0,,,0.0,,,,,1.0,,157.0,,,5.0,,,,,0.0,,5.0,77.82,0.82,0.2,0.0,67.15,0.55,0.13,0.0,97.42,2.58,0.64,0.0,0.0,100.0,376,376,376,376,376,376,15,376,376,15,368,376,376,13,13,376,14,15,15,376,376,376,376,15,376,376,15,94.24,94.24,94.24,94.24,94.24,94.24,3.76,94.24,94.24,3.76,92.23,94.24,94.24,3.26,3.26,94.24,3.51,3.76,3.76,94.24,94.24,94.24,94.24,3.76,94.24,94.24,3.76,-0.75,-0.75,-0.75,-0.75,-0.75,-0.75,-0.25,-0.75,-0.75,0.0,-0.75,-0.75,-0.75,-1.0,-1.0,-0.75,0.0,0.0,0.0,-0.75,-0.75,-0.75,-0.75,-0.25,-0.75,-0.75,0.0,0.43,0.14,0.22,0.8,,,,2.36,1.9,,,0.0,,,,,0.0,0.4,,,0.06,,,,,0.0,0.01,1,1,1,1,0,0,78.98,65.98,71.58,66.21,0.87,0.56,0.76,0.34,0.0,0.0,0.0,0.0,0.0,0.02,0.0,0.0,10.64,10.26,18.02,10.44,0.0,,0.0,0.0,0.0,-35.71,-30.77,-36.67,8.87,,,,-9.01,-10.02,,,,,,,,-66.67,-12.29,,,150.0,,,,,-100.0,0.0,376,368,376,368,376,368,376,368,13,13,13,13,15,14,15,14,376,376,368,376,13,13,15,15,14,94.24,92.23,94.24,92.23,94.24,92.23,94.24,92.23,3.26,3.26,3.26,3.26,3.76,3.51,3.76,3.51,94.24,94.24,92.23,94.24,3.26,3.26,3.76,3.76,3.51,-0.75,-0.75,-0.75,-0.75,-0.75,-0.75,-0.75,-0.75,-1.0,-1.0,-1.0,-1.0,-0.25,0.0,0.0,0.0,-0.75,-0.75,-0.75,-0.75,-1.0,-1.0,0.0,0.0,0.0,2023-2024,60492.0,15122.0,261.0,75875.0
2024-04-27T00:00:00.000,CA,61333.97,55361.97,4208.71,47533.19,43624.47,2732.39,9641.43,6472.0,1280.29,6426.04,4609.57,824.14,487.79,24.5,512.29,1.0,0.0,122.96,0.5,0.0,0.5,53.75,5.18,58.93,0.0,0.0,15.89,0.0,0.0,0.0,9.0,12.0,22.0,129.0,,,,702.0,28.0,724.0,,,0.0,,,,,1.0,,156.0,,,0.0,,,,,0.0,,0.0,77.5,0.84,0.2,0.0,66.65,0.61,0.16,0.0,96.96,3.04,0.64,0.0,,,373,373,373,373,374,374,13,374,374,13,366,374,374,12,12,374,13,13,13,373,373,373,373,13,373,373,13,93.48,93.48,93.48,93.48,93.73,93.73,3.26,93.73,93.73,3.26,91.73,93.73,93.73,3.01,3.01,93.73,3.26,3.26,3.26,93.48,93.48,93.48,93.48,3.26,93.48,93.48,3.26,-0.75,-0.75,-0.75,-0.75,-0.5,-0.5,-0.5,-0.5,-0.5,-0.5,-0.5,-0.5,-0.5,-0.25,-0.25,-0.5,-0.25,-0.5,-0.5,-0.75,-0.75,-0.75,-0.75,-0.5,-0.75,-0.75,-0.5,0.43,0.19,0.26,0.76,,,,2.31,1.86,,,0.0,,,,,0.0,0.4,,,0.0,,,,,0.0,0.0,1,1,1,1,0,0,78.8,64.92,71.22,64.37,0.88,0.58,0.83,0.4,0.0,0.0,0.0,0.0,0.0,0.0,0.0,0.0,11.5,11.02,21.14,12.92,0.0,,0.0,0.0,,0.0,33.33,15.79,-4.44,,,,-2.09,-1.63,,,,,,,,0.0,-0.64,,,-100.0,,,,,,-100.0,373,365,373,365,373,365,373,365,12,12,12,12,13,13,13,13,374,373,366,374,12,12,13,13,13,93.48,91.48,93.48,91.48,93.48,91.48,93.48,91.48,3.01,3.01,3.01,3.01,3.26,3.26,3.26,3.26,93.73,93.48,91.73,93.73,3.01,3.01,3.26,3.26,3.26,-0.75,-0.75,-0.75,-0.75,-0.75,-0.75,-0.75,-0.75,-0.25,-0.25,-0.25,-0.25,-0.5,-0.25,-0.5,-0.25,-0.5,-0.75,-0.5,-0.5,-0.25,-0.25,-0.5,-0.5,-0.25,2023-2024,61216.0,15278.0,261.0,76755.0
2024-05-04T00:00:00.000,CA,57952.49,52357.83,3919.33,44166.26,40575.32,2491.14,9117.81,6146.45,1257.26,6069.33,4330.0,799.5,486.27,20.38,506.65,0.57,0.0,94.99,0.0,0.0,0.0,54.55,6.05,60.59,0.0,0.0,7.05,0.0,0.0,0.0,3.0,0.0,4.0,86.0,,,,551.0,22.0,555.0,,,0.0,,,,,1.0,,77.0,,,0.0,,,,,0.0,,0.0,76.21,0.87,0.16,0.0,66.57,0.66,0.08,0.0,99.28,0.72,1.3,0.0,,,364,364,364,364,365,365,14,365,365,14,357,365,365,13,13,365,14,14,14,364,364,364,364,14,364,364,14,91.23,91.23,91.23,91.23,91.48,91.48,3.51,91.48,91.48,3.51,89.47,91.48,91.48,3.26,3.26,91.48,3.51,3.51,3.51,91.23,91.23,91.23,91.23,3.51,91.23,91.23,3.51,-2.26,-2.26,-2.26,-2.26,-2.26,-2.26,0.25,-2.26,-2.26,0.25,-2.26,-2.26,-2.26,0.25,0.25,-2.26,0.25,0.25,0.25,-2.26,-2.26,-2.26,-2.26,0.25,-2.26,-2.26,0.25,0.14,0.0,0.05,0.51,,,,1.81,1.43,,,0.0,,,,,0.0,0.2,,,0.0,,,,,0.0,0.0,1,1,1,1,0,0,77.5,63.56,70.45,63.59,0.93,0.52,0.89,0.48,0.0,0.0,0.0,0.0,0.0,0.0,0.0,0.0,11.96,11.22,29.67,7.42,0.0,,,,,-66.67,-100.0,-81.82,-33.33,,,,-21.51,-23.34,,,,,,,,0.0,-50.64,,,,,,,,,,364,356,364,356,364,356,364,356,13,13,13,13,14,14,14,14,365,364,357,365,13,13,14,14,14,91.23,89.22,91.23,89.22,91.23,89.22,91.23,89.22,3.26,3.26,3.26,3.26,3.51,3.51,3.51,3.51,91.48,91.23,89.47,91.48,3.26,3.26,3.51,3.51,3.51,-2.26,-2.26,-2.26,-2.26,-2.26,-2.26,-2.26,-2.26,0.25,0.25,0.25,0.25,0.25,0.25,0.25,0.25,-2.26,-2.26,-2.26,-2.26,0.25,0.25,0.25,0.25,0.25,2023-2024,61771.0,15355.0,261.0,77387.0
2024-05-11T00:00:00.000,CA,37169.05,33671.48,2664.86,28610.53,26298.71,1674.39,5958.0,4024.43,803.0,3893.34,2726.1,493.07,290.52,10.21,300.74,1.0,0.0,61.17,0.0,0.0,0.0,26.21,1.29,27.5,0.0,0.0,4.29,0.0,0.0,0.0,13.0,3.0,17.0,58.0,,,,421.0,18.0,438.0,,,0.0,,,,,1.0,,49.0,,,0.0,,,,,0.0,,0.0,76.97,0.81,0.16,0.0,65.35,0.46,0.07,0.0,96.12,3.88,2.04,0.0,,,226,226,226,226,227,227,13,227,227,13,219,227,227,12,12,227,13,13,13,226,226,226,226,13,226,226,13,56.64,56.64,56.64,56.64,56.89,56.89,3.26,56.89,56.89,3.26,54.89,56.89,56.89,3.01,3.01,56.89,3.26,3.26,3.26,56.64,56.64,56.64,56.64,3.26,56.64,56.64,3.26,-34.59,-34.59,-34.59,-34.59,-34.59,-34.59,-0.25,-34.59,-34.59,-0.25,-34.59,-34.59,-34.59,-0.25,-0.25,-34.59,-0.25,-0.25,-0.25,-34.59,-34.59,-34.59,-34.59,-0.25,-34.59,-34.59,-0.25,0.62,0.05,0.2,0.34,,,,1.39,1.13,,,0.0,,,,,0.0,0.13,,,0.0,,,,,0.0,0.0,0,0,0,0,0,0,78.1,62.83,67.74,61.4,0.86,0.38,0.65,0.16,0.0,0.0,0.0,0.0,0.0,0.0,0.0,0.0,9.14,9.02,12.59,7.01,0.0,,,,,333.33,,325.0,-32.56,,,,-23.59,-21.08,,,,,,,,0.0,-36.36,,,,,,,,,,226,218,226,218,226,218,226,218,12,12,12,12,13,13,13,13,227,226,219,227,12,12,13,13,13,56.64,54.64,56.64,54.64,56.64,54.64,56.64,54.64,3.01,3.01,3.01,3.01,3.26,3.26,3.26,3.26,56.89,56.64,54.89,56.89,3.01,3.01,3.26,3.26,3.26,-34.59,-34.59,-34.59,-34.59,-34.59,-34.59,-34.59,-34.59,-0.25,-0.25,-0.25,-0.25,-0.25,-0.25,-0.25,-0.25,-34.59,-34.59,-34.59,-34.59,-0.25,-0.25,-0.25,-0.25,-0.25,2023-2024,62209.0,15404.0,261.0,77874.0
2024-05-18T00:00:00.000,CA,35486.19,32088.33,2574.0,27449.88,25162.89,1628.59,5537.86,3691.86,799.14,3693.58,2581.21,481.86,324.91,9.21,334.13,0.0,0.0,47.02,0.0,0.0,0.0,26.21,1.0,27.21,0.0,0.0,5.97,0.0,0.0,0.0,16.0,10.0,26.0,64.0,,,,460.0,13.0,486.0,,,0.0,,,,,0.0,,57.0,,,0.0,,,,,0.0,,0.0,77.35,0.94,0.13,0.0,66.7,0.49,0.11,0.0,94.65,5.35,0.0,0.0,,,213,213,213,213,214,214,12,214,214,12,214,214,214,12,12,214,12,12,12,213,213,213,213,12,213,213,12,53.38,53.38,53.38,53.38,53.63,53.63,3.01,53.63,53.63,3.01,53.63,53.63,53.63,3.01,3.01,53.63,3.01,3.01,3.01,53.38,53.38,53.38,53.38,3.01,53.38,53.38,3.01,-3.26,-3.26,-3.26,-3.26,-3.26,-3.26,-0.25,-3.26,-3.26,-0.25,-1.25,-3.26,-3.26,0.0,0.0,-3.26,-0.25,-0.25,-0.25,-3.26,-3.26,-3.26,-3.26,-0.25,-3.26,-3.26,-0.25,0.76,0.16,0.31,0.38,,,,1.51,1.25,,,0.0,,,,,0.0,0.15,,,0.0,,,,,0.0,0.0,0,0,0,0,0,0,78.42,63.27,69.92,60.3,1.01,0.36,0.71,0.13,0.0,0.0,0.0,0.0,0.0,0.0,0.0,0.0,8.14,8.07,10.85,12.7,,,,,,23.08,233.33,52.94,10.34,,,,9.26,10.96,,,,,,,,-100.0,16.33,,,,,,,,,,213,213,213,213,213,213,213,213,12,12,12,12,12,12,12,12,214,213,214,214,12,12,12,12,12,53.38,53.38,53.38,53.38,53.38,53.38,53.38,53.38,3.01,3.01,3.01,3.01,3.01,3.01,3.01,3.01,53.63,53.38,53.63,53.63,3.01,3.01,3.01,3.01,3.01,-3.26,-1.25,-3.26,-1.25,-3.26,-1.25,-3.26,-1.25,0.0,0.0,0.0,0.0,-0.25,-0.25,-0.25,-0.25,-3.26,-3.26,-1.25,-3.26,0.0,0.0,-0.25,-0.25,-0.25,2023-2024,62695.0,15461.0,261.0,78417.0
2024-05-25T00:00:00.000,CA,34807.76,31386.48,2572.29,26792.8,24605.44,1612.52,5454.14,3611.14,798.71,3585.62,2509.81,490.57,310.64,11.43,322.07,0.57,0.0,53.69,0.0,0.0,0.0,33.0,1.29,34.29,0.0,0.0,5.95,0.0,0.0,0.0,22.0,7.0,30.0,84.0,,,,475.0,18.0,505.0,,,0.0,,,,,1.0,,42.0,,,0.0,,,,,0.0,,0.0,76.97,0.93,0.15,0.0,65.74,0.63,0.11,0.0,94.06,5.94,2.38,0.0,,,207,207,207,207,208,208,12,208,208,12,208,208,208,11,11,208,12,12,12,207,207,207,207,12,207,207,12,51.88,51.88,51.88,51.88,52.13,52.13,3.01,52.13,52.13,3.01,52.13,52.13,52.13,2.76,2.76,52.13,3.01,3.01,3.01,51.88,51.88,51.88,51.88,3.01,51.88,51.88,3.01,-1.5,-1.5,-1.5,-1.5,-1.5,-1.5,0.0,-1.5,-1.5,0.0,-1.5,-1.5,-1.5,-0.25,-0.25,-1.5,0.0,0.0,0.0,-1.5,-1.5,-1.5,-1.5,0.0,-1.5,-1.5,0.0,1.05,0.11,0.36,0.5,,,,1.56,1.3,,,0.0,,,,,0.0,0.11,,,0.0,,,,,0.0,0.0,0,0,0,0,0,0,78.4,62.69,69.5,61.42,0.99,0.44,0.91,0.16,0.0,0.0,0.0,0.0,0.0,0.0,0.0,0.0,10.65,10.62,11.25,11.09,0.0,,,,,37.5,-30.0,15.38,31.25,,,,3.26,3.91,,,,,,,,,-26.32,,,,,,,,,,207,207,207,207,207,207,207,207,11,11,11,11,12,12,12,12,208,207,208,208,11,11,12,12,12,51.88,51.88,51.88,51.88,51.88,51.88,51.88,51.88,2.76,2.76,2.76,2.76,3.01,3.01,3.01,3.01,52.13,51.88,52.13,52.13,2.76,2.76,3.01,3.01,3.01,-1.5,-1.5,-1.5,-1.5,-1.5,-1.5,-1.5,-1.5,-0.25,-0.25,-0.25,-0.25,0.0,0.0,0.0,0.0,-1.5,-1.5,-1.5,-1.5,-0.25,-0.25,0.0,0.0,0.0,2023-2024,63200.0,15503.0,261.0,78964.0
2024-06-01T00:00:00.000,CA,34684.36,31333.36,2569.86,26258.88,24198.21,1509.67,5439.83,3593.12,792.14,3521.52,2453.57,461.0,349.62,15.9,365.52,1.57,0.0,56.05,0.0,0.0,0.0,32.71,2.0,34.71,0.0,0.0,4.0,0.0,0.0,0.0,16.0,8.0,25.0,77.0,,,,532.0,14.0,557.0,,,0.0,,,,,1.0,,56.0,,,0.0,,,,,0.0,,0.0,75.71,1.05,0.16,0.0,64.74,0.64,0.07,0.0,95.51,4.49,1.79,0.0,,,203,203,203,203,204,204,11,204,204,11,204,204,204,10,10,204,11,11,11,203,203,203,203,11,203,203,11,50.88,50.88,50.88,50.88,51.13,51.13,2.76,51.13,51.13,2.76,51.13,51.13,51.13,2.51,2.51,51.13,2.76,2.76,2.76,50.88,50.88,50.88,50.88,2.76,50.88,50.88,2.76,-1.0,-1.0,-1.0,-1.0,-1.0,-1.0,-0.25,-1.0,-1.0,-0.25,-1.0,-1.0,-1.0,-0.25,-0.25,-1.0,-0.25,-0.25,-0.25,-1.0,-1.0,-1.0,-1.0,-0.25,-1.0,-1.0,-0.25,0.76,0.13,0.3,0.45,,,,1.75,1.43,,,0.0,,,,,0.0,0.14,,,0.0,,,,,0.0,0.0,0,0,0,0,0,0,77.23,58.75,68.29,58.2,1.12,0.62,0.91,0.25,0.01,0.0,0.0,0.0,0.0,0.0,0.0,0.0,9.5,9.36,12.57,7.14,0.0,,,,,-27.27,14.29,-16.67,-8.33,,,,12.0,10.3,,,,,,,,0.0,33.33,,,,,,,,,,203,203,203,203,203,203,203,203,10,10,10,10,11,11,11,11,204,203,204,204,10,10,11,11,11,50.88,50.88,50.88,50.88,50.88,50.88,50.88,50.88,2.51,2.51,2.51,2.51,2.76,2.76,2.76,2.76,51.13,50.88,51.13,51.13,2.51,2.51,2.76,2.76,2.76,-1.0,-1.0,-1.0,-1.0,-1.0,-1.0,-1.0,-1.0,-0.25,-0.25,-0.25,-0.25,-0.25,-0.25,-0.25,-0.25,-1.0,-1.0,-1.0,-1.0,-0.25,-0.25,-0.25,-0.25,-0.25,2023-2024,63757.0,15559.0,261.0,79577.0
2024-06-08T00:00:00.000,CA,34431.13,31031.49,2580.14,26506.23,24320.23,1591.29,5420.6,3543.67,815.43,3607.12,2490.41,497.14,377.09,13.29,390.38,1.29,0.0,59.11,0.0,0.0,0.0,30.38,0.86,31.24,1.0,0.0,4.14,0.0,0.0,0.0,4.0,7.0,16.0,86.0,,,,590.0,19.0,606.0,,,0.0,,,,,0.0,,59.0,,,0.0,,,,,0.0,,0.0,76.98,1.13,0.17,0.0,66.54,0.58,0.08,0.0,97.36,2.64,0.0,0.0,,,201,201,201,201,202,202,11,202,202,11,202,202,202,11,11,202,11,11,11,201,201,201,201,11,201,201,11,50.38,50.38,50.38,50.38,50.63,50.63,2.76,50.63,50.63,2.76,50.63,50.63,50.63,2.76,2.76,50.63,2.76,2.76,2.76,50.38,50.38,50.38,50.38,2.76,50.38,50.38,2.76,-0.5,-0.5,-0.5,-0.5,-0.5,-0.5,0.0,-0.5,-0.5,0.0,-0.5,-0.5,-0.5,0.25,0.25,-0.5,0.0,0.0,0.0,-0.5,-0.5,-0.5,-0.5,0.0,-0.5,-0.5,0.0,0.19,0.11,0.19,0.51,,,,1.94,1.56,,,0.0,,,,,0.0,0.15,,,0.0,,,,,0.0,0.0,0,0,0,0,0,0,78.37,61.67,70.28,60.97,1.22,0.51,0.86,0.11,0.0,0.0,0.03,0.0,0.0,0.0,0.0,0.0,8.0,8.06,6.45,7.01,77.78,,,,,-75.0,-12.5,-36.0,11.69,,,,10.9,8.8,,,,,,,,-100.0,5.36,,,,,,,,,,201,201,201,201,201,201,201,201,11,11,11,11,11,11,11,11,202,201,202,202,11,11,11,11,11,50.38,50.38,50.38,50.38,50.38,50.38,50.38,50.38,2.76,2.76,2.76,2.76,2.76,2.76,2.76,2.76,50.63,50.38,50.63,50.63,2.76,2.76,2.76,2.76,2.76,-0.5,-0.5,-0.5,-0.5,-0.5,-0.5,-0.5,-0.5,0.25,0.25,0.25,0.25,0.0,0.0,0.0,0.0,-0.5,-0.5,-0.5,-0.5,0.25,0.25,0.0,0.0,0.0,2023-2024,64363.0,15618.0,261.0,80242.0
2024-06-15T00:00:00.000,CA,34266.93,30843.93,2612.86,26513.11,24210.57,1654.0,5379.14,3511.29,813.86,3594.86,2436.61,525.14,438.64,15.43,454.07,0.57,0.0,51.96,0.0,0.0,0.0,35.68,3.0,38.68,0.0,0.0,6.75,0.0,0.0,0.0,10.0,5.0,15.0,98.0,,,,739.0,25.0,754.0,,,0.0,,,,,0.0,,58.0,,,0.0,,,,,0.0,,0.0,77.37,1.33,0.15,0.0,66.83,0.72,0.13,0.0,98.01,1.99,0.0,0.0,,,199,199,199,199,200,200,9,200,200,9,200,200,200,9,9,200,9,9,9,199,199,199,199,9,199,199,9,49.87,49.87,49.87,49.87,50.13,50.13,2.26,50.13,50.13,2.26,50.13,50.13,50.13,2.26,2.26,50.13,2.26,2.26,2.26,49.87,49.87,49.87,49.87,2.26,49.87,49.87,2.26,-0.5,-0.5,-0.5,-0.5,-0.5,-0.5,-0.5,-0.5,-0.5,-0.5,-0.5,-0.5,-0.5,-0.5,-0.5,-0.5,-0.5,-0.5,-0.5,-0.5,-0.5,-0.5,-0.5,-0.5,-0.5,-0.5,-0.5,0.48,0.08,0.18,0.58,,,,2.43,1.94,,,0.0,,,,,0.0,0.15,,,0.0,,,,,0.0,0.0,0,0,0,0,0,0,78.49,63.3,69.39,64.53,1.42,0.59,1.02,0.37,0.0,0.0,0.0,0.0,0.0,0.0,0.0,0.0,8.52,8.13,19.44,12.99,0.0,,,,,150.0,-28.57,-6.25,13.95,,,,25.25,24.42,,,,,,,,,-1.69,,,,,,,,,,199,199,199,199,199,199,199,199,9,9,9,9,9,9,9,9,200,199,200,200,9,9,9,9,9,49.87,49.87,49.87,49.87,49.87,49.87,49.87,49.87,2.26,2.26,2.26,2.26,2.26,2.26,2.26,2.26,50.13,49.87,50.13,50.13,2.26,2.26,2.26,2.26,2.26,-0.5,-0.5,-0.5,-0.5,-0.5,-0.5,-0.5,-0.5,-0.5,-0.5,-0.5,-0.5,-0.5,-0.5,-0.5,-0.5,-0.5,-0.5,-0.5,-0.5,-0.5,-0.5,-0.5,-0.5,-0.5,2023-2024,65117.0,15676.0,261.0,81054.0
2024-06-22T00:00:00.000,CA,33964.69,30622.69,2571.71,25410.93,23232.26,1614.86,5341.43,3479.43,813.0,3464.9,2331.0,520.52,508.33,24.14,532.48,0.0,0.0,51.38,0.0,0.29,0.29,38.05,5.71,43.76,0.0,0.0,3.14,0.0,0.0,0.0,19.0,5.0,24.0,137.0,,,,881.0,21.0,905.0,,,0.0,,,,,0.0,,64.0,,,2.0,,,,,0.0,,2.0,74.82,1.57,0.15,0.0,64.87,0.82,0.06,0.0,97.35,2.65,0.0,0.0,0.0,100.0,198,198,198,198,199,199,10,199,199,10,199,199,199,10,10,199,10,10,10,198,198,198,198,10,198,198,10,49.62,49.62,49.62,49.62,49.87,49.87,2.51,49.87,49.87,2.51,49.87,49.87,49.87,2.51,2.51,49.87,2.51,2.51,2.51,49.62,49.62,49.62,49.62,2.51,49.62,49.62,2.51,-0.25,-0.25,-0.25,-0.25,-0.25,-0.25,0.25,-0.25,-0.25,0.25,-0.25,-0.25,-0.25,0.25,0.25,-0.25,0.25,0.25,0.25,-0.25,-0.25,-0.25,-0.25,0.25,-0.25,-0.25,0.25,0.91,0.08,0.28,0.81,,,,2.9,2.33,,,0.0,,,,,0.0,0.16,,,0.02,,,,,0.0,0.01,0,0,0,0,0,0,75.87,62.79,66.99,64.03,1.66,0.94,1.09,0.7,0.0,0.0,0.0,0.0,0.0,0.01,0.0,0.0,8.22,7.48,23.67,6.12,,,0.0,,0.0,90.0,0.0,60.0,39.8,,,,19.22,20.03,,,,,,,,,10.34,,,,,,,,,,198,198,198,198,198,198,198,198,10,10,10,10,10,9,10,10,199,198,199,199,10,10,10,10,9,49.62,49.62,49.62,49.62,49.62,49.62,49.62,49.62,2.51,2.51,2.51,2.51,2.51,2.26,2.51,2.51,49.87,49.62,49.87,49.87,2.51,2.51,2.51,2.51,2.26,-0.25,-0.25,-0.25,-0.25,-0.25,-0.25,-0.25,-0.25,0.25,0.25,0.25,0.25,0.25,0.0,0.25,0.25,-0.25,-0.25,-0.25,-0.25,0.25,0.25,0.25,0.25,0.0,2023-2024,66022.0,15740.0,263.0,82025.0
2024-06-29T00:00:00.000,CA,35067.93,31759.93,2560.29,26733.19,24516.86,1600.28,5512.64,3683.93,804.14,3711.65,2573.5,518.86,631.66,19.0,650.66,0.43,0.0,53.74,0.0,0.29,0.29,46.2,5.86,52.06,0.0,0.0,5.03,0.0,0.0,0.0,18.0,6.0,25.0,129.0,,,,1011.0,50.0,1036.0,,,0.0,,,,,0.0,,49.0,,,2.0,,,,,0.0,,2.0,76.23,1.86,0.15,0.0,67.33,0.94,0.09,0.0,97.59,2.41,0.0,0.0,0.0,100.0,207,207,207,207,208,208,9,208,208,9,200,208,208,9,9,208,9,9,9,207,207,207,207,9,207,207,9,51.88,51.88,51.88,51.88,52.13,52.13,2.26,52.13,52.13,2.26,50.13,52.13,52.13,2.26,2.26,52.13,2.26,2.26,2.26,51.88,51.88,51.88,51.88,2.26,51.88,51.88,2.26,2.26,2.26,2.26,2.26,2.26,2.26,-0.25,2.26,2.26,-0.25,0.25,2.26,2.26,-0.25,-0.25,2.26,-0.25,-0.25,-0.25,2.26,2.26,2.26,2.26,-0.25,2.26,2.26,-0.25,0.86,0.09,0.3,0.76,,,,3.33,2.67,,,0.0,,,,,0.0,0.13,,,0.02,,,,,0.0,0.01,0,0,0,0,0,0,77.19,62.5,69.86,64.52,1.99,0.74,1.25,0.73,0.0,0.0,0.0,0.0,0.0,0.01,0.0,0.0,8.0,7.31,30.83,9.36,0.0,,0.0,,0.0,-5.26,20.0,4.17,-5.84,,,,14.76,14.48,,,,,,,,,-23.44,,,0.0,,,,,,0.0,207,199,207,199,207,199,207,199,9,9,9,9,9,9,9,9,208,207,200,208,9,9,9,9,9,51.88,49.87,51.88,49.87,51.88,49.87,51.88,49.87,2.26,2.26,2.26,2.26,2.26,2.26,2.26,2.26,52.13,51.88,50.13,52.13,2.26,2.26,2.26,2.26,2.26,2.26,0.25,2.26,0.25,2.26,0.25,2.26,0.25,-0.25,-0.25,-0.25,-0.25,-0.25,0.0,-0.25,-0.25,2.26,2.26,0.25,2.26,-0.25,-0.25,-0.25,-0.25,0.0,2023-2024,67058.0,15789.0,265.0,83112.0
2024-07-06T00:00:00.000,CA,35418.86,32044.14,2615.57,26782.26,24614.54,1598.0,5668.71,3740.86,888.86,3758.03,2570.46,548.71,750.74,26.14,776.89,4.0,0.0,45.6,0.0,0.0,0.0,69.49,5.29,74.77,1.0,0.0,3.86,0.0,0.0,0.0,28.0,10.0,43.0,153.0,,,,1329.0,171.0,1372.0,,,0.0,,,,,0.0,,37.0,,,0.0,,,,,0.0,,0.0,75.62,2.19,0.13,0.0,66.29,1.32,0.07,0.0,96.87,3.13,0.0,0.0,,,209,209,209,209,210,210,11,210,210,11,202,210,210,11,10,210,11,11,11,209,209,209,209,11,209,209,11,52.38,52.38,52.38,52.38,52.63,52.63,2.76,52.63,52.63,2.76,50.63,52.63,52.63,2.76,2.51,52.63,2.76,2.76,2.76,52.38,52.38,52.38,52.38,2.76,52.38,52.38,2.76,0.5,0.5,0.5,0.5,0.5,0.5,0.5,0.5,0.5,0.5,0.5,0.5,0.5,0.5,0.25,0.5,0.5,0.5,0.5,0.5,0.5,0.5,0.5,0.5,0.5,0.5,0.5,1.33,0.16,0.51,0.9,,,,4.37,3.53,,,0.0,,,,,0.0,0.1,,,0.0,,,,,0.0,0.0,0,0,0,0,0,0,76.81,61.1,68.71,61.73,2.34,1.0,1.86,0.59,0.01,0.0,0.03,0.0,0.0,0.0,0.0,0.0,9.62,9.26,20.22,8.46,25.0,,,,,55.56,66.67,72.0,18.6,,,,31.45,32.43,,,,,,,,,-24.49,,,-100.0,,,,,,-100.0,209,201,209,201,209,201,209,201,11,11,11,11,11,11,11,11,210,209,202,210,11,11,11,11,11,52.38,50.38,52.38,50.38,52.38,50.38,52.38,50.38,2.76,2.76,2.76,2.76,2.76,2.76,2.76,2.76,52.63,52.38,50.63,52.63,2.76,2.76,2.76,2.76,2.76,0.5,0.5,0.5,0.5,0.5,0.5,0.5,0.5,0.5,0.5,0.5,0.5,0.5,0.5,0.5,0.5,0.5,0.5,0.5,0.5,0.5,0.5,0.5,0.5,0.5,2023-2024,68430.0,15826.0,265.0,84521.0
2024-07-13T00:00:00.000,CA,34842.57,31517.57,2592.43,26882.69,24715.31,1619.48,5608.43,3694.29,881.43,3734.07,2586.79,541.29,843.4,32.0,875.4,0.0,0.0,52.33,0.0,0.0,0.0,81.88,6.29,88.17,0.0,0.0,6.88,0.0,0.0,0.0,28.0,10.0,44.0,170.0,,,,1492.0,248.0,1536.0,,,0.0,,,,,0.0,,39.0,,,0.0,,,,,0.0,,0.0,77.15,2.51,0.15,0.0,66.58,1.57,0.12,0.0,97.14,2.86,0.0,0.0,,,207,207,207,207,208,208,9,208,208,9,200,208,208,9,9,208,9,9,9,207,207,207,207,9,207,207,9,51.88,51.88,51.88,51.88,52.13,52.13,2.26,52.13,52.13,2.26,50.13,52.13,52.13,2.26,2.26,52.13,2.26,2.26,2.26,51.88,51.88,51.88,51.88,2.26,51.88,51.88,2.26,-0.5,-0.5,-0.5,-0.5,-0.5,-0.5,-0.5,-0.5,-0.5,-0.5,-0.5,-0.5,-0.5,-0.5,-0.25,-0.5,-0.5,-0.5,-0.5,-0.5,-0.5,-0.5,-0.5,-0.5,-0.5,-0.5,-0.5,1.33,0.16,0.52,1.0,,,,4.91,3.96,,,0.0,,,,,0.0,0.1,,,0.0,,,,,0.0,0.0,0,0,0,0,0,0,78.42,62.47,70.02,61.41,2.68,1.23,2.22,0.71,0.0,0.0,0.0,0.0,0.0,0.0,0.0,0.0,10.07,9.71,19.64,13.15,,,,,,0.0,0.0,2.33,11.11,,,,12.26,11.95,,,,,,,,,5.41,,,,,,,,,,207,199,207,199,207,199,207,199,8,9,9,9,9,9,9,9,208,207,200,208,8,9,9,9,9,51.88,49.87,51.88,49.87,51.88,49.87,51.88,49.87,2.01,2.26,2.26,2.26,2.26,2.26,2.26,2.26,52.13,51.88,50.13,52.13,2.01,2.26,2.26,2.26,2.26,-0.5,-0.5,-0.5,-0.5,-0.5,-0.5,-0.5,-0.5,-0.75,-0.5,-0.5,-0.5,-0.5,-0.5,-0.5,-0.5,-0.5,-0.5,-0.5,-0.5,-0.75,-0.5,-0.5,-0.5,-0.5,2023-2024,69966.0,15865.0,265.0,86096.0
2024-07-20T00:00:00.000,CA,36354.12,32851.98,2759.14,28094.64,25742.93,1755.55,5876.24,3837.52,878.57,3851.26,2686.05,543.86,953.1,41.57,994.67,0.86,0.0,46.14,0.0,0.0,0.0,82.48,7.43,89.9,0.0,0.0,5.43,0.0,0.0,0.0,33.0,16.0,51.0,219.0,,,,1659.0,228.0,1710.0,,,0.0,,,,,1.0,,35.0,,,0.0,,,,,0.0,,0.0,77.28,2.74,0.13,0.0,65.54,1.53,0.09,0.0,97.02,2.98,2.86,0.0,,,206,206,206,206,207,207,8,207,207,8,199,207,207,8,8,207,8,8,8,206,206,206,206,8,206,206,8,51.63,51.63,51.63,51.63,51.88,51.88,2.01,51.88,51.88,2.01,49.87,51.88,51.88,2.01,2.01,51.88,2.01,2.01,2.01,51.63,51.63,51.63,51.63,2.01,51.63,51.63,2.01,-0.25,-0.25,-0.25,-0.25,-0.25,-0.25,-0.25,-0.25,-0.25,-0.25,-0.25,-0.25,-0.25,-0.25,-0.25,-0.25,-0.25,-0.25,-0.25,-0.25,-0.25,-0.25,-0.25,-0.25,-0.25,-0.25,-0.25,1.57,0.25,0.6,1.29,,,,5.46,4.4,,,0.0,,,,,0.0,0.09,,,0.0,,,,,0.0,0.0,0,0,0,0,0,0,78.36,63.63,69.99,61.9,2.9,1.51,2.15,0.85,0.0,0.0,0.0,0.0,0.0,0.0,0.0,0.0,9.04,8.65,17.87,11.76,0.0,,,,,17.86,60.0,15.91,28.82,,,,11.19,11.33,,,,,,,,,-10.26,,,,,,,,,,206,198,206,198,206,198,206,198,8,8,8,8,8,8,8,8,207,206,199,207,8,8,8,8,8,51.63,49.62,51.63,49.62,51.63,49.62,51.63,49.62,2.01,2.01,2.01,2.01,2.01,2.01,2.01,2.01,51.88,51.63,49.87,51.88,2.01,2.01,2.01,2.01,2.01,-0.25,-0.25,-0.25,-0.25,-0.25,-0.25,-0.25,-0.25,0.0,-0.25,-0.25,-0.25,-0.25,-0.25,-0.25,-0.25,-0.25,-0.25,-0.25,-0.25,0.0,-0.25,-0.25,-0.25,-0.25,2023-2024,71676.0,15900.0,265.0,87841.0
2024-07-27T00:00:00.000,CA,35946.14,32445.86,2752.57,27827.0,25486.12,1727.5,5776.14,3718.86,897.14,3757.5,2582.52,547.14,1094.57,42.31,1136.88,1.21,0.0,36.31,0.0,0.0,0.0,99.64,8.14,107.79,0.0,0.0,3.29,0.0,0.0,0.0,38.0,15.0,66.0,229.0,,,,1819.0,277.0,1885.0,,,0.0,,,,,0.0,,29.0,,,0.0,,,,,0.0,,0.0,77.41,3.16,0.1,0.0,65.05,1.87,0.06,0.0,96.5,3.5,0.0,0.0,,,199,199,199,199,200,200,9,200,200,9,200,200,200,9,9,200,9,9,9,199,199,199,199,9,199,199,9,49.87,49.87,49.87,49.87,50.13,50.13,2.26,50.13,50.13,2.26,50.13,50.13,50.13,2.26,2.26,50.13,2.26,2.26,2.26,49.87,49.87,49.87,49.87,2.26,49.87,49.87,2.26,-1.75,-1.75,-1.75,-1.75,-1.75,-1.75,0.25,-1.75,-1.75,0.25,0.25,-1.75,-1.75,0.25,0.25,-1.75,0.25,0.25,0.25,-1.75,-1.75,-1.75,-1.75,0.25,-1.75,-1.75,0.25,1.81,0.24,0.78,1.35,,,,5.99,4.85,,,0.0,,,,,0.0,0.07,,,0.0,,,,,0.0,0.0,0,0,0,0,0,0,78.55,62.76,69.44,60.99,3.37,1.54,2.68,0.91,0.0,0.0,0.0,0.0,0.0,0.0,0.0,0.0,9.48,9.1,19.25,9.05,0.0,,,,,15.15,-6.25,29.41,4.57,,,,9.64,10.23,,,,,,,,-100.0,-17.14,,,,,,,,,,199,199,199,199,199,199,199,199,9,9,9,9,9,9,9,9,200,199,200,200,9,9,9,9,9,49.87,49.87,49.87,49.87,49.87,49.87,49.87,49.87,2.26,2.26,2.26,2.26,2.26,2.26,2.26,2.26,50.13,49.87,50.13,50.13,2.26,2.26,2.26,2.26,2.26,-1.75,0.25,-1.75,0.25,-1.75,0.25,-1.75,0.25,0.25,0.25,0.25,0.25,0.25,0.25,0.25,0.25,-1.75,-1.75,0.25,-1.75,0.25,0.25,0.25,0.25,0.25,2023-2024,73561.0,15929.0,265.0,89755.0
2024-08-03T00:00:00.000,CA,35743.14,32222.57,2752.43,27379.43,25046.62,1742.33,5748.29,3690.0,879.0,3721.29,2552.24,540.86,1129.88,45.2,1175.08,0.14,0.0,30.9,0.0,0.0,0.0,106.6,11.0,117.6,0.0,0.0,3.14,0.0,0.0,0.0,42.0,24.0,82.0,226.0,,,,1831.0,269.0,1913.0,,,0.0,,,,,0.0,,31.0,,,0.0,,,,,0.0,,0.0,76.6,3.29,0.09,0.0,64.74,2.05,0.05,0.0,95.71,4.29,0.0,0.0,,,200,200,200,200,203,203,10,203,203,10,203,203,203,11,11,203,10,10,10,200,200,200,200,10,200,200,10,50.13,50.13,50.13,50.13,50.88,50.88,2.51,50.88,50.88,2.51,50.88,50.88,50.88,2.76,2.76,50.88,2.51,2.51,2.51,50.13,50.13,50.13,50.13,2.51,50.13,50.13,2.51,0.25,0.25,0.25,0.25,0.75,0.75,0.25,0.75,0.75,0.25,0.75,0.75,0.75,0.5,0.5,0.75,0.25,0.25,0.25,0.25,0.25,0.25,0.25,0.25,0.25,0.25,0.25,2.0,0.38,0.97,1.33,,,,6.03,4.93,,,0.0,,,,,0.0,0.08,,,0.0,,,,,0.0,0.0,0,0,0,0,0,0,77.73,63.3,69.17,61.53,3.51,1.64,2.89,1.25,0.0,0.0,0.0,0.0,0.0,0.0,0.0,0.0,10.01,9.43,24.34,10.17,0.0,,,,,10.53,60.0,24.24,-1.31,,,,0.66,1.49,,,,,,,,,6.9,,,,,,,,,,200,200,200,200,200,200,200,200,10,10,10,10,10,10,10,10,203,202,201,203,11,11,10,10,10,50.13,50.13,50.13,50.13,50.13,50.13,50.13,50.13,2.51,2.51,2.51,2.51,2.51,2.51,2.51,2.51,50.88,50.63,50.38,50.88,2.76,2.76,2.51,2.51,2.51,0.25,0.25,0.25,0.25,0.25,0.25,0.25,0.25,0.25,0.25,0.25,0.25,0.25,0.25,0.25,0.25,0.75,0.75,0.25,0.75,0.5,0.5,0.25,0.25,0.25,2023-2024,75474.0,15960.0,265.0,91699.0
2024-08-10T00:00:00.000,CA,36117.43,32085.0,3229.57,27302.26,24983.86,1700.9,6262.02,3686.14,929.0,3728.02,2579.4,540.0,1203.69,50.76,1254.45,1.07,0.0,24.14,0.0,0.29,0.29,119.48,10.57,130.05,0.0,0.0,1.14,0.0,0.0,0.0,55.0,24.0,81.0,271.0,,,,1940.0,272.0,2021.0,,,0.0,,,,,3.0,,19.0,,,1.0,,,,,0.0,,1.0,75.59,3.47,0.07,0.0,59.53,2.08,0.02,0.0,95.99,4.01,15.79,0.0,0.0,100.0,200,200,200,200,203,203,11,203,203,11,203,203,203,11,11,203,11,11,11,200,200,200,200,11,200,200,11,50.13,50.13,50.13,50.13,50.88,50.88,2.76,50.88,50.88,2.76,50.88,50.88,50.88,2.76,2.76,50.88,2.76,2.76,2.76,50.13,50.13,50.13,50.13,2.76,50.13,50.13,2.76,0.0,0.0,0.0,0.0,0.0,0.0,0.25,0.0,0.0,0.25,0.0,0.0,0.0,0.0,0.0,0.0,0.25,0.25,0.25,0.0,0.0,0.0,0.0,0.25,0.0,0.0,0.25,2.62,0.38,0.96,1.6,,,,6.39,5.2,,,0.0,,,,,0.01,0.05,,,0.01,,,,,0.0,0.0,0,0,0,0,0,0,77.87,52.67,69.98,58.13,3.75,1.57,3.24,1.14,0.0,0.0,0.0,0.0,0.0,0.01,0.0,0.0,10.37,9.93,20.83,4.73,0.0,,0.0,,0.0,30.95,0.0,-1.22,19.91,,,,5.95,5.65,,,,,,,,,-38.71,,,,,,,,,,200,200,200,200,200,200,200,200,11,11,11,11,11,11,11,11,203,202,201,203,11,11,11,11,11,50.13,50.13,50.13,50.13,50.13,50.13,50.13,50.13,2.76,2.76,2.76,2.76,2.76,2.76,2.76,2.76,50.88,50.63,50.38,50.88,2.76,2.76,2.76,2.76,2.76,0.0,0.0,0.0,0.0,0.0,0.0,0.0,0.0,0.25,0.25,0.25,0.25,0.25,0.25,0.25,0.25,0.0,0.0,0.0,0.0,0.0,0.0,0.25,0.25,0.25,2023-2024,77495.0,15979.0,266.0,93740.0
2024-08-17T00:00:00.000,CA,35646.1,32121.67,2753.29,27173.86,24980.24,1598.19,5698.95,3667.0,857.57,3601.9,2545.9,533.71,1234.02,53.43,1287.45,0.0,0.0,30.1,0.0,0.0,0.0,117.33,10.0,127.33,0.0,0.0,2.0,0.0,0.0,0.0,39.0,26.0,67.0,276.0,,,,1984.0,238.0,2051.0,,,0.0,,,,,0.0,,32.0,,,0.0,,,,,0.0,,0.0,76.23,3.61,0.08,0.0,63.2,2.23,0.04,0.0,96.73,3.27,0.0,0.0,,,199,199,199,199,202,202,9,202,202,9,202,202,202,9,10,202,9,9,9,199,199,199,199,9,199,199,9,49.87,49.87,49.87,49.87,50.63,50.63,2.26,50.63,50.63,2.26,50.63,50.63,50.63,2.26,2.51,50.63,2.26,2.26,2.26,49.87,49.87,49.87,49.87,2.26,49.87,49.87,2.26,-0.25,-0.25,-0.25,-0.25,-0.25,-0.25,-0.5,-0.25,-0.25,-0.5,-0.25,-0.25,-0.25,-0.5,-0.25,-0.25,-0.5,-0.5,-0.5,-0.25,-0.25,-0.25,-0.25,-0.5,-0.25,-0.25,-0.5,1.86,0.41,0.79,1.63,,,,6.53,5.28,,,0.0,,,,,0.0,0.08,,,0.0,,,,,0.0,0.0,0,0,0,0,0,0,77.77,58.05,69.43,62.24,3.84,1.94,3.2,1.17,0.0,0.0,0.0,0.0,0.0,0.0,0.0,0.0,9.89,9.51,18.72,6.65,,,,,,-29.09,8.33,-17.28,1.85,,,,2.27,1.48,,,,,,,,-100.0,68.42,,,-100.0,,,,,,-100.0,199,199,199,199,199,199,199,199,10,9,10,9,9,9,9,9,202,201,200,202,10,9,9,9,9,49.87,49.87,49.87,49.87,49.87,49.87,49.87,49.87,2.51,2.26,2.51,2.26,2.26,2.26,2.26,2.26,50.63,50.38,50.13,50.63,2.51,2.26,2.26,2.26,2.26,-0.25,-0.25,-0.25,-0.25,-0.25,-0.25,-0.25,-0.25,-0.25,-0.5,-0.25,-0.5,-0.5,-0.5,-0.5,-0.5,-0.25,-0.25,-0.25,-0.25,-0.25,-0.5,-0.5,-0.5,-0.5,2023-2024,79546.0,16011.0,266.0,95823.0
2024-08-24T00:00:00.000,CA,35562.86,32031.0,2740.86,27444.11,25047.13,1655.64,5679.29,3645.14,856.29,3634.68,2547.2,566.86,1229.87,50.36,1280.22,0.0,0.0,31.57,1.0,0.0,1.0,116.57,8.98,125.55,0.0,0.0,1.0,0.0,0.0,0.0,47.0,27.0,74.0,279.0,,,,2022.0,314.0,2096.0,,,0.0,,,,,0.0,,18.0,,,0.0,,,,,0.0,,0.0,77.17,3.6,0.09,0.0,64.0,2.21,0.02,0.0,96.47,3.53,0.0,0.0,,,199,199,199,199,202,202,10,202,202,10,202,202,202,7,8,202,9,10,10,199,199,199,199,10,199,199,10,49.87,49.87,49.87,49.87,50.63,50.63,2.51,50.63,50.63,2.51,50.63,50.63,50.63,1.75,2.01,50.63,2.26,2.51,2.51,49.87,49.87,49.87,49.87,2.51,49.87,49.87,2.51,0.0,0.0,0.0,0.0,0.0,0.0,0.25,0.0,0.0,0.25,0.0,0.0,0.0,-0.5,-0.5,0.0,0.0,0.25,0.25,0.0,0.0,0.0,0.0,0.25,0.0,0.0,0.25,2.24,0.43,0.88,1.65,,,,6.66,5.4,,,0.0,,,,,0.0,0.05,,,0.0,,,,,0.0,0.0,0,0,0,0,0,0,78.2,60.41,69.88,66.2,3.84,1.84,3.2,1.05,0.0,0.0,0.0,0.0,0.0,0.0,0.0,0.0,9.81,9.48,17.83,3.17,,,0.0,0.0,,20.51,3.85,10.45,1.09,,,,1.92,2.19,,,,,,,,,-43.75,,,,,,,,,,199,199,199,199,199,199,199,199,8,7,8,7,10,9,10,9,202,201,200,202,8,7,10,10,9,49.87,49.87,49.87,49.87,49.87,49.87,49.87,49.87,2.01,1.75,2.01,1.75,2.51,2.26,2.51,2.26,50.63,50.38,50.13,50.63,2.01,1.75,2.51,2.51,2.26,0.0,0.0,0.0,0.0,0.0,0.0,0.0,0.0,-0.5,-0.5,-0.5,-0.5,0.25,0.0,0.25,0.0,0.0,0.0,0.0,0.0,-0.5,-0.5,0.25,0.25,0.0,2023-2024,81642.0,16029.0,266.0,97937.0
2024-08-31T00:00:00.000,CA,35892.38,32267.62,2816.76,27367.71,25091.0,1695.57,5834.57,3716.0,878.29,3698.15,2604.87,574.0,1112.65,52.29,1164.94,0.0,0.0,26.07,2.0,0.0,2.0,109.48,8.71,118.19,0.0,0.0,1.57,0.0,0.0,0.0,35.0,16.0,55.0,250.0,,,,1667.0,225.0,1722.0,,,0.0,,,,,0.0,,20.0,,,0.0,,,,,0.0,,0.0,76.25,3.25,0.07,0.01,63.38,2.03,0.03,0.0,96.81,3.19,0.0,0.0,,,200,200,200,200,203,203,11,203,202,11,202,202,202,7,8,203,9,11,11,200,200,200,200,11,200,199,11,50.13,50.13,50.13,50.13,50.88,50.88,2.76,50.88,50.63,2.76,50.63,50.63,50.63,1.75,2.01,50.88,2.26,2.76,2.76,50.13,50.13,50.13,50.13,2.76,50.13,49.87,2.76,0.25,0.25,0.25,0.25,0.25,0.25,0.25,0.25,0.0,0.25,0.0,0.0,0.0,0.0,0.0,0.25,0.0,0.25,0.25,0.25,0.25,0.25,0.25,0.25,0.25,0.0,0.25,1.67,0.25,0.65,1.48,,,,5.49,4.43,,,0.0,,,,,0.0,0.05,,,0.0,,,,,0.0,0.0,0,0,0,0,0,0,77.76,60.2,70.1,65.35,3.45,1.86,2.95,0.99,0.0,0.0,0.0,0.0,0.01,0.0,0.0,0.0,10.15,9.84,16.67,6.03,,,0.0,0.0,,-25.53,-40.74,-25.68,-10.39,,,,-17.56,-17.84,,,,,,,,,11.11,,,,,,,,,,200,200,200,200,200,200,200,200,8,7,8,7,11,9,11,9,203,202,201,202,8,7,11,11,9,50.13,50.13,50.13,50.13,50.13,50.13,50.13,50.13,2.01,1.75,2.01,1.75,2.76,2.26,2.76,2.26,50.88,50.63,50.38,50.63,2.01,1.75,2.76,2.76,2.26,0.25,0.25,0.25,0.25,0.25,0.25,0.25,0.25,0.0,0.0,0.0,0.0,0.25,0.0,0.25,0.0,0.25,0.25,0.25,0.0,0.0,0.0,0.25,0.25,0.0,2023-2024,83364.0,16049.0,266.0,99679.0
2024-09-07T00:00:00.000,CA,35107.48,31757.48,2562.29,26815.97,24722.63,1514.43,5654.24,3668.67,817.43,3613.55,2590.2,524.71,1099.08,43.71,1142.8,0.0,0.0,24.74,0.0,0.0,0.0,122.47,9.43,131.9,0.0,0.0,2.02,0.0,0.0,0.0,41.0,25.0,66.0,235.0,,,,1596.0,145.0,1662.0,,,0.0,,,,,0.0,,15.0,,,0.0,,,,,0.0,,0.0,76.38,3.26,0.07,0.0,63.91,2.33,0.04,0.0,96.03,3.97,0.0,0.0,,,195,195,195,195,198,198,9,198,198,9,198,198,198,7,8,198,8,9,9,195,195,195,195,9,195,195,9,48.87,48.87,48.87,48.87,49.62,49.62,2.26,49.62,49.62,2.26,49.62,49.62,49.62,1.75,2.01,49.62,2.01,2.26,2.26,48.87,48.87,48.87,48.87,2.26,48.87,48.87,2.26,-1.25,-1.25,-1.25,-1.25,-1.25,-1.25,-0.5,-1.25,-1.0,-0.5,-1.0,-1.0,-1.0,0.0,0.0,-1.25,-0.25,-0.5,-0.5,-1.25,-1.25,-1.25,-1.25,-0.5,-1.25,-1.0,-0.5,1.95,0.39,0.78,1.39,,,,5.25,4.28,,,0.0,,,,,0.0,0.04,,,0.0,,,,,0.0,0.0,0,0,0,0,0,0,77.85,59.1,70.6,64.19,3.46,1.71,3.34,1.15,0.0,0.0,0.0,0.0,0.0,0.0,0.0,0.0,11.54,11.14,21.57,8.18,,,,,,17.14,56.25,20.0,-6.0,,,,-4.26,-3.48,,,,,,,,,-25.0,,,,,,,,,,195,195,195,195,195,195,195,195,8,7,8,7,9,8,9,8,198,198,196,198,8,7,9,9,8,48.87,48.87,48.87,48.87,48.87,48.87,48.87,48.87,2.01,1.75,2.01,1.75,2.26,2.01,2.26,2.01,49.62,49.62,49.12,49.62,2.01,1.75,2.26,2.26,2.01,-1.25,-1.25,-1.25,-1.25,-1.25,-1.25,-1.25,-1.25,0.0,0.0,0.0,0.0,-0.5,-0.25,-0.5,-0.25,-1.25,-1.0,-1.25,-1.0,0.0,0.0,-0.5,-0.5,-0.25,2023-2024,85026.0,16064.0,266.0,101356.0
2024-09-14T00:00:00.000,CA,35293.9,31945.48,2562.14,27934.73,25742.19,1498.0,5657.71,3669.02,804.57,3636.42,2607.42,513.86,1010.01,37.57,1047.58,0.5,0.0,28.79,0.0,0.0,0.0,95.48,6.74,102.21,0.0,0.0,2.12,0.0,0.0,0.0,36.0,13.0,50.0,203.0,,,,1398.0,141.0,1448.0,,,0.0,,,,,1.0,,25.0,,,0.0,,,,,0.0,,0.0,79.15,2.97,0.08,0.0,64.27,1.81,0.04,0.0,96.55,3.45,4.0,0.0,,,195,195,195,195,198,198,10,198,198,10,198,198,198,8,9,198,9,10,10,195,195,195,195,10,195,195,10,48.87,48.87,48.87,48.87,49.62,49.62,2.51,49.62,49.62,2.51,49.62,49.62,49.62,2.01,2.26,49.62,2.26,2.51,2.51,48.87,48.87,48.87,48.87,2.51,48.87,48.87,2.51,0.0,0.0,0.0,0.0,0.0,0.0,0.25,0.0,0.0,0.25,0.0,0.0,0.0,0.25,0.25,0.0,0.25,0.25,0.25,0.0,0.0,0.0,0.0,0.25,0.0,0.0,0.25,1.72,0.2,0.59,1.2,,,,4.6,3.73,,,0.0,,,,,0.0,0.06,,,0.0,,,,,0.0,0.0,0,0,0,0,0,0,80.58,58.47,71.07,63.87,3.16,1.47,2.6,0.84,0.0,0.0,0.0,0.0,0.0,0.0,0.0,0.0,9.76,9.45,17.93,7.36,0.0,,,,,-12.2,-48.0,-24.24,-13.62,,,,-12.41,-12.88,,,,,,,,,66.67,,,,,,,,,,195,195,195,195,195,195,195,195,9,8,9,8,10,9,10,9,198,197,196,198,9,8,10,10,9,48.87,48.87,48.87,48.87,48.87,48.87,48.87,48.87,2.26,2.01,2.26,2.01,2.51,2.26,2.51,2.26,49.62,49.37,49.12,49.62,2.26,2.01,2.51,2.51,2.26,0.0,0.0,0.0,0.0,0.0,0.0,0.0,0.0,0.25,0.25,0.25,0.25,0.25,0.25,0.25,0.25,0.0,-0.25,0.0,0.0,0.25,0.25,0.25,0.25,0.25,2023-2024,86474.0,16089.0,266.0,102829.0
2024-09-21T00:00:00.000,CA,35179.5,31828.79,2555.62,27005.21,24861.62,1536.43,5652.57,3662.38,802.14,3615.86,2566.46,526.33,816.46,28.0,844.46,1.29,0.0,31.9,0.0,0.14,0.14,82.62,1.57,84.19,0.5,0.0,1.88,0.0,0.0,0.0,25.0,12.0,42.0,178.0,,,,1102.0,174.0,1144.0,,,0.0,,,,,1.0,,17.0,,,0.0,,,,,0.0,,0.0,76.76,2.4,0.09,0.0,63.97,1.49,0.03,0.0,96.33,3.67,5.88,0.0,,,195,195,195,195,198,198,10,198,198,10,198,198,198,9,9,198,9,10,10,195,195,195,195,10,195,195,10,48.87,48.87,48.87,48.87,49.62,49.62,2.51,49.62,49.62,2.51,49.62,49.62,49.62,2.26,2.26,49.62,2.26,2.51,2.51,48.87,48.87,48.87,48.87,2.51,48.87,48.87,2.51,0.0,0.0,0.0,0.0,0.0,0.0,0.0,0.0,0.0,0.0,0.0,0.0,0.0,0.25,0.0,0.0,0.0,0.0,0.0,0.0,0.0,0.0,0.0,0.0,0.0,0.0,0.0,1.19,0.19,0.5,1.05,,,,3.63,2.95,,,0.0,,,,,0.0,0.04,,,0.0,,,,,0.0,0.0,0,0,0,0,0,0,78.11,60.12,70.08,65.62,2.57,1.1,2.26,0.2,0.0,0.0,0.01,0.0,0.0,0.01,0.0,0.0,9.97,10.12,5.61,5.9,38.89,,0.0,,0.0,-30.56,-7.69,-16.0,-12.32,,,,-21.17,-20.99,,,,,,,,0.0,-32.0,,,,,,,,,,195,195,195,195,195,195,195,195,9,9,9,9,10,9,10,9,198,198,196,198,9,9,10,10,9,48.87,48.87,48.87,48.87,48.87,48.87,48.87,48.87,2.26,2.26,2.26,2.26,2.51,2.26,2.51,2.26,49.62,49.62,49.12,49.62,2.26,2.26,2.51,2.51,2.26,0.0,0.0,0.0,0.0,0.0,0.0,0.0,0.0,0.0,0.25,0.0,0.25,0.0,0.0,0.0,0.0,0.0,0.25,0.0,0.0,0.0,0.25,0.0,0.0,0.0,2023-2024,87618.0,16106.0,266.0,103990.0
2024-09-28T00:00:00.000,CA,34921.71,31586.43,2557.29,26867.29,24676.04,1539.82,5614.57,3632.43,803.57,3619.71,2551.43,538.14,729.15,23.0,752.15,0.0,0.0,33.14,0.0,0.0,0.0,66.69,2.86,69.55,0.0,0.0,1.29,0.0,0.0,0.0,26.0,4.0,30.0,129.0,,,,1035.0,141.0,1065.0,,,0.0,,,,,0.0,,26.0,,,0.0,,,,,0.0,,0.0,76.94,2.15,0.09,0.0,64.47,1.24,0.02,0.0,97.18,2.82,0.0,0.0,,,190,190,190,190,193,193,8,193,193,8,193,193,193,7,8,193,7,8,8,190,190,190,190,8,190,190,8,47.62,47.62,47.62,47.62,48.37,48.37,2.01,48.37,48.37,2.01,48.37,48.37,48.37,1.75,2.01,48.37,1.75,2.01,2.01,47.62,47.62,47.62,47.62,2.01,47.62,47.62,2.01,-1.25,-1.25,-1.25,-1.25,-1.25,-1.25,-0.5,-1.25,-1.25,-0.5,-1.25,-1.25,-1.25,-0.5,-0.25,-1.25,-0.5,-0.5,-0.5,-1.25,-1.25,-1.25,-1.25,-0.5,-1.25,-1.25,-0.5,1.24,0.06,0.36,0.76,,,,3.41,2.74,,,0.0,,,,,0.0,0.07,,,0.0,,,,,0.0,0.0,0,0,0,0,0,0,78.12,60.21,70.24,66.97,2.31,0.9,1.84,0.36,0.0,0.0,0.0,0.0,0.0,0.0,0.0,0.0,9.25,9.15,12.42,3.88,,,,,,4.0,-66.67,-28.57,-27.53,,,,-6.08,-6.91,,,,,,,,-100.0,52.94,,,,,,,,,,190,190,190,190,190,190,190,190,8,7,8,7,8,7,8,7,193,192,191,193,8,7,8,8,7,47.62,47.62,47.62,47.62,47.62,47.62,47.62,47.62,2.01,1.75,2.01,1.75,2.01,1.75,2.01,1.75,48.37,48.12,47.87,48.37,2.01,1.75,2.01,2.01,1.75,-1.25,-1.25,-1.25,-1.25,-1.25,-1.25,-1.25,-1.25,-0.25,-0.5,-0.25,-0.5,-0.5,-0.5,-0.5,-0.5,-1.25,-1.5,-1.25,-1.25,-0.25,-0.5,-0.5,-0.5,-0.5,2023-2024,88683.0,16132.0,266.0,105081.0
2024-10-05T00:00:00.000,CA,31691.23,28558.15,2352.8,24246.72,22278.18,1346.66,5039.79,3311.21,729.43,3263.17,2276.6,495.46,545.33,25.0,570.33,0.0,0.0,29.56,0.0,0.0,0.0,49.12,3.0,52.12,0.0,0.0,2.43,0.0,0.0,0.0,14.0,7.0,22.0,115.0,,,,700.0,17.0,722.0,,,0.0,,,,,0.0,,30.0,,,0.0,,,,,0.0,,0.0,76.51,1.8,0.09,0.0,64.75,1.03,0.05,0.0,96.95,3.05,0.0,0.0,,,178,178,178,178,181,181,8,181,181,8,181,181,181,5,6,181,7,8,8,178,178,178,178,8,178,178,8,44.61,44.61,44.61,44.61,45.36,45.36,2.01,45.36,45.36,2.01,45.36,45.36,45.36,1.25,1.5,45.36,1.75,2.01,2.01,44.61,44.61,44.61,44.61,2.01,44.61,44.61,2.01,-3.01,-3.01,-3.01,-3.01,-3.01,-3.01,0.0,-3.01,-3.01,0.0,-3.01,-3.01,-3.01,-0.5,-0.5,-3.01,0.0,0.0,0.0,-3.01,-3.01,-3.01,-3.01,0.0,-3.01,-3.01,0.0,0.67,0.11,0.26,0.68,,,,2.3,1.86,,,0.0,,,,,0.0,0.08,,,0.0,,,,,0.0,0.0,0,0,0,0,0,0,78.01,57.24,68.75,67.92,1.91,1.06,1.48,0.41,0.0,0.0,0.0,0.0,0.0,0.0,0.0,0.0,9.14,9.01,12.0,8.22,,,,,,-46.15,75.0,-26.67,-10.85,,,,-32.37,-32.21,,,,,,,,,15.38,,,,,,,,,,178,178,178,178,178,178,178,178,6,5,6,5,8,7,8,7,181,180,179,181,6,5,8,8,7,44.61,44.61,44.61,44.61,44.61,44.61,44.61,44.61,1.5,1.25,1.5,1.25,2.01,1.75,2.01,1.75,45.36,45.11,44.86,45.36,1.5,1.25,2.01,2.01,1.75,-3.01,-3.01,-3.01,-3.01,-3.01,-3.01,-3.01,-3.01,-0.5,-0.5,-0.5,-0.5,0.0,0.0,0.0,0.0,-3.01,-3.01,-3.01,-3.01,-0.5,-0.5,0.0,0.0,0.0,2024-2025,722.0,30.0,0.0,752.0
2024-10-12T00:00:00.000,CA,21986.0,20118.0,1503.0,16552.0,15497.0,937.0,3333.0,2310.0,881.0,2123.0,1620.0,440.0,322.0,2.0,324.0,25.0,1.0,26.0,1.0,0.0,1.0,25.0,2.0,27.0,4.0,0.0,4.0,0.0,0.0,0.0,6.0,1.0,7.0,46.0,54.0,61.0,132.0,293.0,9.0,309.0,2.0,1.0,3.0,6.0,5.0,7.0,9.0,27.0,0.0,30.0,2.0,0.0,2.0,0.0,0.0,0.0,1.0,1.0,0.0,3.0,75.28,1.47,0.12,0.0,63.7,0.81,0.12,0.0,94.82,2.27,90.0,10.0,33.33,66.67,131,131,130,130,131,131,131,131,131,131,132,132,132,132,132,132,132,132,132,131,130,131,131,131,130,130,130,32.83,32.83,32.58,32.58,32.83,32.83,32.83,32.83,32.83,32.83,33.08,33.08,33.08,33.08,33.08,33.08,33.08,33.08,33.08,32.83,32.58,32.83,32.83,32.83,32.58,32.58,32.58,-11.78,-11.78,-12.03,-12.03,-12.53,-12.53,30.83,-12.53,-12.53,30.83,-12.28,-12.28,-12.28,31.83,31.58,-12.28,31.33,31.08,31.08,-11.78,-12.03,-11.78,-11.78,30.83,-12.03,-12.03,30.58,0.29,0.02,0.08,0.27,0.76,1.67,4.98,0.96,0.8,0.1,0.02,0.04,0.04,0.07,0.19,0.34,0.09,0.08,0.1,0.0,0.02,0.0,0.0,0.0,0.04,0.0,0.01,0,0,0,0,0,0,77.03,62.34,70.13,49.94,1.6,0.13,1.08,0.23,0.12,0.07,0.17,0.0,0.0,0.0,0.0,0.0,8.33,7.76,100.0,15.38,16.0,0.0,0.0,0.0,,-57.14,-85.71,-68.18,-60.0,,,,-58.14,-57.2,,,,,,,,,0.0,,,,,,,,,,131,131,129,116,131,131,129,116,131,131,129,116,131,131,129,116,130,130,130,130,130,130,130,130,130,32.83,32.83,32.33,29.07,32.83,32.83,32.33,29.07,32.83,32.83,32.33,29.07,32.83,32.83,32.33,29.07,32.58,32.58,32.58,32.58,32.58,32.58,32.58,32.58,32.58,-11.78,-11.78,-12.28,-15.54,-11.78,-11.78,-12.28,-15.54,31.33,31.58,30.83,27.82,30.83,31.08,30.33,27.32,-12.78,-12.53,-12.28,-12.78,31.08,31.33,30.58,30.58,30.83,2024-2025,1031.0,60.0,3.0,1094.0
2024-10-19T00:00:00.000,CA,38234.0,33511.0,4041.0,28511.0,25841.0,2263.0,5903.0,3981.0,1653.0,3870.0,2637.0,1021.0,499.0,21.0,520.0,43.0,1.0,44.0,4.0,4.0,8.0,48.0,3.0,51.0,3.0,0.0,3.0,0.0,0.0,0.0,20.0,13.0,33.0,83.0,98.0,121.0,223.0,525.0,3.0,561.0,5.0,4.0,9.0,8.0,15.0,19.0,23.0,65.0,1.0,75.0,4.0,2.0,6.0,4.0,2.0,1.0,3.0,10.0,0.0,16.0,74.57,1.36,0.12,0.02,65.56,0.86,0.05,0.0,93.58,5.88,86.67,12.0,62.5,37.5,214,214,204,204,214,214,214,214,214,214,216,216,216,216,216,216,216,216,216,214,204,214,214,214,204,204,204,53.63,53.63,51.13,51.13,53.63,53.63,53.63,53.63,53.63,53.63,54.14,54.14,54.14,54.14,54.14,54.14,54.14,54.14,54.14,53.63,51.13,53.63,53.63,53.63,51.13,51.13,51.13,20.8,20.8,18.55,18.55,20.8,20.8,20.8,20.8,20.8,20.8,21.05,21.05,21.05,21.05,21.05,21.05,21.05,21.05,21.05,20.8,18.55,20.8,20.8,20.8,18.55,18.55,18.55,0.95,0.2,0.39,0.49,1.38,3.31,8.41,1.73,1.44,0.24,0.06,0.11,0.05,0.21,0.52,0.87,0.21,0.19,0.19,0.03,0.07,0.02,0.03,0.03,0.11,0.03,0.04,0,0,0,0,0,0,77.11,56.0,66.24,61.77,1.49,0.52,1.21,0.18,0.13,0.02,0.08,0.0,0.01,0.1,0.0,0.0,9.81,9.62,14.29,6.82,6.98,0.0,0.0,0.0,0.0,233.33,1200.0,371.43,80.43,81.48,98.36,68.94,79.18,81.55,150.0,300.0,200.0,33.33,200.0,171.43,155.56,140.74,150.0,100.0,,200.0,,,,200.0,900.0,433.33,214,214,203,185,214,214,203,185,214,214,203,185,214,214,203,185,213,213,213,213,213,213,213,213,213,53.63,53.63,50.88,46.37,53.63,53.63,50.88,46.37,53.63,53.63,50.88,46.37,53.63,53.63,50.88,46.37,53.38,53.38,53.38,53.38,53.38,53.38,53.38,53.38,53.38,20.8,20.8,18.55,17.29,20.8,20.8,18.55,17.29,20.8,20.8,18.55,17.29,20.8,20.8,18.55,17.29,20.8,20.8,20.8,20.8,20.8,20.8,20.8,20.8,20.8,2024-2025,1592.0,135.0,19.0,1746.0
2024-10-26T00:00:00.000,CA,39350.0,35132.0,3861.0,28832.0,26415.0,2231.0,5671.0,3816.0,1528.0,3641.0,2585.0,953.0,460.0,10.0,470.0,118.0,5.0,123.0,3.0,6.0,9.0,53.0,4.0,57.0,5.0,1.0,6.0,0.0,1.0,1.0,14.0,5.0,19.0,71.0,114.0,105.0,240.0,530.0,1.0,550.0,5.0,3.0,8.0,27.0,30.0,28.0,44.0,129.0,0.0,137.0,14.0,3.0,17.0,4.0,5.0,5.0,12.0,26.0,0.0,43.0,73.27,1.19,0.31,0.02,64.2,1.01,0.11,0.02,96.36,3.45,94.16,5.84,60.47,39.53,212,212,212,212,212,212,212,214,214,214,215,215,215,215,215,215,215,215,215,212,212,212,212,212,212,212,212,53.13,53.13,53.13,53.13,53.13,53.13,53.13,53.63,53.63,53.63,53.88,53.88,53.88,53.88,53.88,53.88,53.88,53.88,53.88,53.13,53.13,53.13,53.13,53.13,53.13,53.13,53.13,-0.5,-0.5,2.01,2.01,-0.5,-0.5,-0.5,0.0,0.0,0.0,-0.25,-0.25,-0.25,-0.25,-0.25,-0.25,-0.25,-0.25,-0.25,-0.5,2.01,-0.5,-0.5,-0.5,2.01,2.01,2.01,0.67,0.08,0.22,0.42,1.6,2.87,9.05,1.74,1.42,0.24,0.05,0.09,0.16,0.42,0.76,1.66,0.42,0.35,0.67,0.05,0.2,0.02,0.07,0.14,0.45,0.09,0.11,0,0,0,0,0,0,75.19,57.78,67.74,62.37,1.31,0.26,1.39,0.26,0.34,0.13,0.13,0.07,0.01,0.16,0.0,0.07,12.13,11.52,40.0,4.88,4.24,20.0,11.11,0.0,16.67,-30.0,-61.54,-42.42,-14.46,16.33,-13.22,7.62,0.95,-1.96,0.0,-25.0,-11.11,237.5,100.0,47.37,91.3,98.46,82.67,250.0,50.0,183.33,0.0,150.0,400.0,300.0,160.0,168.75,212,212,211,193,212,212,211,193,212,212,211,193,212,212,211,193,212,212,212,212,212,212,212,212,212,53.13,53.13,52.88,48.37,53.13,53.13,52.88,48.37,53.13,53.13,52.88,48.37,53.13,53.13,52.88,48.37,53.13,53.13,53.13,53.13,53.13,53.13,53.13,53.13,53.13,-0.5,-0.5,2.01,2.01,-0.5,-0.5,2.01,2.01,-0.5,-0.5,2.01,2.01,-0.5,-0.5,2.01,2.01,-0.25,-0.25,-0.25,-0.25,-0.25,-0.25,-0.25,-0.25,-0.25,2024-2025,2142.0,272.0,62.0,2476.0
2024-11-02T00:00:00.000,CA,52263.0,46326.0,5292.0,38373.0,34784.0,3164.0,7694.0,5258.0,2121.0,4931.0,3428.0,1369.0,525.0,8.0,533.0,56.0,10.0,66.0,11.0,16.0,27.0,47.0,3.0,50.0,9.0,3.0,12.0,0.0,3.0,3.0,15.0,3.0,18.0,76.0,76.0,110.0,259.0,521.0,3.0,542.0,5.0,12.0,17.0,26.0,31.0,17.0,21.0,95.0,0.0,112.0,31.0,4.0,35.0,2.0,3.0,3.0,9.0,17.0,0.0,52.0,73.42,1.02,0.13,0.05,64.09,0.65,0.16,0.04,96.13,3.32,84.82,15.18,32.69,67.31,299,299,294,294,299,299,299,299,299,299,302,302,302,302,302,302,302,302,302,299,294,299,299,299,294,294,294,74.94,74.94,73.68,73.68,74.94,74.94,74.94,74.94,74.94,74.94,75.69,75.69,75.69,75.69,75.69,75.69,75.69,75.69,75.69,74.94,73.68,74.94,74.94,74.94,73.68,73.68,73.68,21.8,21.8,20.55,20.55,21.8,21.8,21.8,21.3,21.3,21.3,21.8,21.8,21.8,21.8,21.8,21.8,21.8,21.8,21.8,21.8,20.55,21.8,21.8,21.8,20.55,20.55,20.55,0.72,0.05,0.21,0.45,1.07,3.0,9.77,1.71,1.4,0.24,0.19,0.2,0.15,0.44,0.46,0.79,0.31,0.29,1.48,0.06,0.41,0.01,0.04,0.08,0.34,0.06,0.13,0,0,0,0,0,0,75.09,59.79,65.2,64.55,1.13,0.15,0.89,0.14,0.12,0.19,0.17,0.14,0.02,0.3,0.0,0.14,9.38,8.95,37.5,18.18,16.07,30.0,11.11,0.0,18.75,7.14,-40.0,-5.26,7.04,-33.33,4.76,7.92,-1.7,-1.45,0.0,300.0,112.5,-3.7,3.33,-39.29,-52.27,-26.36,-18.25,121.43,33.33,105.88,-50.0,-40.0,-40.0,-25.0,-34.62,20.93,299,299,293,262,299,299,293,262,299,299,293,262,299,299,293,262,297,297,297,297,297,297,297,297,297,74.94,74.94,73.43,65.66,74.94,74.94,73.43,65.66,74.94,74.94,73.43,65.66,74.94,74.94,73.43,65.66,74.44,74.44,74.44,74.44,74.44,74.44,74.44,74.44,74.44,21.8,21.8,20.55,17.29,21.8,21.8,20.55,17.29,21.8,21.8,20.55,17.29,21.8,21.8,20.55,17.29,21.3,21.3,21.3,21.3,21.3,21.3,21.3,21.3,21.3,2024-2025,2684.0,384.0,114.0,3182.0
2024-11-09T00:00:00.000,CA,67921.0,60356.0,6939.0,50857.0,45447.0,4746.0,10035.0,6641.0,2959.0,6818.0,4667.0,1926.0,634.0,32.0,666.0,103.0,13.0,116.0,27.0,41.0,68.0,79.0,18.0,97.0,19.0,7.0,26.0,5.0,5.0,10.0,16.0,7.0,23.0,85.0,104.0,136.0,292.0,617.0,3.0,643.0,7.0,14.0,21.0,49.0,26.0,26.0,55.0,156.0,0.0,177.0,68.0,9.0,77.0,4.0,6.0,11.0,18.0,39.0,1.0,117.0,74.88,0.98,0.17,0.1,67.94,0.97,0.26,0.1,95.96,3.58,88.14,11.86,33.33,65.81,380,380,372,372,380,380,380,378,378,378,384,384,384,384,384,384,384,384,384,380,372,380,380,380,372,372,372,95.24,95.24,93.23,93.23,95.24,95.24,95.24,94.74,94.74,94.74,96.24,96.24,96.24,96.24,96.24,96.24,96.24,96.24,96.24,95.24,93.23,95.24,95.24,95.24,93.23,93.23,93.23,20.3,20.3,19.55,19.55,20.3,20.3,20.3,19.8,19.8,19.8,20.55,20.55,20.55,20.55,20.55,20.55,20.55,20.55,20.55,20.3,19.55,20.3,20.3,20.3,19.55,19.55,19.55,0.76,0.11,0.27,0.5,1.46,3.71,11.01,2.03,1.66,0.33,0.22,0.25,0.29,0.37,0.71,2.07,0.51,0.46,3.24,0.14,0.91,0.02,0.08,0.3,0.68,0.13,0.3,1,1,1,1,1,1,75.3,68.4,70.28,65.09,1.05,0.46,1.19,0.61,0.17,0.19,0.29,0.24,0.04,0.59,0.08,0.17,14.56,12.46,56.25,22.41,18.45,53.85,14.71,18.52,12.2,6.67,133.33,27.78,11.84,36.84,23.64,12.74,18.43,18.63,40.0,16.67,23.53,88.46,-16.13,52.94,161.9,64.21,58.04,119.35,125.0,120.0,100.0,100.0,266.67,100.0,129.41,125.0,380,380,371,336,380,380,371,336,380,380,371,336,380,380,371,336,375,375,375,375,375,375,375,375,375,95.24,95.24,92.98,84.21,95.24,95.24,92.98,84.21,95.24,95.24,92.98,84.21,95.24,95.24,92.98,84.21,93.98,93.98,93.98,93.98,93.98,93.98,93.98,93.98,93.98,20.3,20.3,19.55,18.55,20.3,20.3,19.55,18.55,20.3,20.3,19.55,18.55,20.3,20.3,19.55,18.55,19.55,19.55,19.55,19.55,19.55,19.55,19.55,19.55,19.55,2024-2025,3327.0,561.0,231.0,4119.0
2024-11-16T00:00:00.000,CA,67975.0,60415.0,6895.0,51534.0,46148.0,4657.0,10213.0,6800.0,2974.0,6961.0,4834.0,1892.0,625.0,32.0,657.0,170.0,21.0,191.0,25.0,54.0,79.0,74.0,13.0,87.0,29.0,5.0,34.0,3.0,17.0,20.0,14.0,12.0,26.0,95.0,122.0,142.0,326.0,685.0,4.0,715.0,18.0,21.0,39.0,80.0,56.0,60.0,85.0,281.0,3.0,323.0,69.0,10.0,79.0,17.0,19.0,5.0,24.0,65.0,2.0,146.0,75.81,0.97,0.28,0.12,68.16,0.85,0.33,0.2,95.8,3.64,87.0,12.07,44.52,54.11,381,381,376,376,381,381,381,381,381,381,386,386,386,386,386,386,386,386,386,381,376,381,381,381,376,376,376,95.49,95.49,94.24,94.24,95.49,95.49,95.49,95.49,95.49,95.49,96.74,96.74,96.74,96.74,96.74,96.74,96.74,96.74,96.74,95.49,94.24,95.49,95.49,95.49,94.24,94.24,94.24,0.25,0.25,1.0,1.0,0.25,0.25,0.25,0.75,0.75,0.75,0.5,0.5,0.5,0.5,0.5,0.5,0.5,0.5,0.5,0.25,1.0,0.25,0.25,0.25,1.0,1.0,1.0,0.67,0.19,0.31,0.56,1.71,3.88,12.3,2.25,1.84,0.86,0.33,0.46,0.47,0.79,1.64,3.21,0.92,0.83,3.29,0.16,0.94,0.1,0.27,0.14,0.91,0.21,0.38,1,1,1,1,1,1,76.39,67.54,71.09,63.62,1.03,0.46,1.09,0.44,0.28,0.3,0.43,0.17,0.04,0.78,0.04,0.57,13.24,11.84,40.63,17.8,17.06,23.81,25.32,12.0,31.48,-12.5,71.43,13.04,11.76,17.31,4.41,11.64,11.02,11.2,157.14,50.0,85.71,63.27,115.38,130.77,54.55,80.13,82.49,1.47,11.11,2.6,325.0,216.67,-54.55,33.33,66.67,24.79,381,381,375,339,381,381,375,339,381,381,375,339,381,381,375,339,377,377,377,377,377,377,377,377,377,95.49,95.49,93.98,84.96,95.49,95.49,93.98,84.96,95.49,95.49,93.98,84.96,95.49,95.49,93.98,84.96,94.49,94.49,94.49,94.49,94.49,94.49,94.49,94.49,94.49,0.25,0.25,1.0,0.75,0.25,0.25,1.0,0.75,0.25,0.25,1.0,0.75,0.25,0.25,1.0,0.75,0.5,0.5,0.5,0.5,0.5,0.5,0.5,0.5,0.5,2024-2025,4042.0,884.0,377.0,5303.0
2024-11-23T00:00:00.000,CA,67682.0,60180.0,6890.0,51837.0,46502.0,4663.0,10202.0,6853.0,2959.0,7088.0,4960.0,1901.0,645.0,32.0,677.0,273.0,24.0,297.0,57.0,70.0,127.0,88.0,15.0,103.0,38.0,5.0,43.0,7.0,16.0,23.0,24.0,15.0,39.0,81.0,86.0,124.0,357.0,648.0,2.0,689.0,34.0,30.0,64.0,126.0,88.0,92.0,150.0,456.0,6.0,526.0,100.0,18.0,118.0,17.0,19.0,25.0,34.0,95.0,1.0,214.0,76.59,1.0,0.44,0.19,69.48,1.01,0.42,0.23,94.05,5.66,86.69,12.17,44.39,55.14,383,383,377,377,383,383,383,382,382,382,388,388,388,388,388,388,388,387,388,383,377,383,383,383,377,377,377,95.99,95.99,94.49,94.49,95.99,95.99,95.99,95.74,95.74,95.74,97.24,97.24,97.24,97.24,97.24,97.24,97.24,96.99,97.24,95.99,94.49,95.99,95.99,95.99,94.49,94.49,94.49,0.5,0.5,0.25,0.25,0.5,0.5,0.5,0.25,0.25,0.25,0.5,0.5,0.5,0.5,0.5,0.5,0.5,0.25,0.5,0.5,0.25,0.5,0.5,0.5,0.25,0.25,0.25,1.14,0.24,0.46,0.48,1.21,3.39,13.47,2.13,1.77,1.62,0.47,0.76,0.74,1.24,2.51,5.66,1.5,1.35,4.77,0.28,1.4,0.1,0.27,0.68,1.28,0.31,0.55,1,1,1,1,1,1,77.27,67.68,72.38,64.24,1.07,0.46,1.28,0.51,0.45,0.35,0.55,0.17,0.09,1.02,0.1,0.54,15.21,13.64,46.88,14.48,13.92,20.83,18.11,12.28,22.86,71.43,25.0,50.0,-14.74,-29.51,-12.68,9.51,-5.4,-3.64,88.89,42.86,64.1,57.5,57.14,53.33,76.47,62.28,62.85,44.93,80.0,49.37,0.0,0.0,400.0,41.67,46.15,46.58,383,383,376,341,383,383,376,341,383,383,376,341,382,383,376,341,378,378,378,378,378,378,378,377,378,95.99,95.99,94.24,85.46,95.99,95.99,94.24,85.46,95.99,95.99,94.24,85.46,95.74,95.99,94.24,85.46,94.74,94.74,94.74,94.74,94.74,94.74,94.74,94.49,94.74,0.5,0.5,0.25,0.5,0.5,0.5,0.25,0.5,0.5,0.5,0.25,0.5,0.25,0.5,0.25,0.5,0.25,0.25,0.25,0.25,0.25,0.25,0.25,0.0,0.25,2024-2025,4731.0,1410.0,591.0,6732.0
2024-11-30T00:00:00.000,CA,66177.0,58722.0,6868.0,49810.0,44533.0,4579.0,9994.0,6646.0,2960.0,6869.0,4727.0,1884.0,626.0,35.0,661.0,317.0,44.0,361.0,79.0,76.0,155.0,82.0,14.0,96.0,52.0,7.0,59.0,11.0,18.0,29.0,32.0,25.0,57.0,80.0,100.0,159.0,302.0,641.0,5.0,703.0,53.0,65.0,118.0,145.0,126.0,116.0,194.0,581.0,9.0,708.0,165.0,33.0,198.0,25.0,19.0,30.0,54.0,128.0,2.0,328.0,75.27,1.0,0.55,0.23,68.73,0.96,0.59,0.29,91.18,8.11,82.06,16.67,39.02,60.37,381,381,375,375,381,381,381,380,380,380,385,384,385,385,385,385,385,385,385,381,375,381,381,381,375,375,375,95.49,95.49,93.98,93.98,95.49,95.49,95.49,95.24,95.24,95.24,96.49,96.24,96.49,96.49,96.49,96.49,96.49,96.49,96.49,95.49,93.98,95.49,95.49,95.49,93.98,93.98,93.98,-0.5,-0.5,-0.5,-0.5,-0.5,-0.5,-0.5,-0.5,-0.5,-0.5,-0.75,-1.0,-0.75,-0.75,-0.75,-0.75,-0.75,-0.5,-0.75,-0.5,-0.5,-0.5,-0.5,-0.5,-0.5,-0.5,-0.5,1.53,0.39,0.67,0.47,1.4,4.34,11.39,2.11,1.81,2.53,1.02,1.4,0.86,1.77,3.17,7.32,1.91,1.82,7.87,0.52,2.34,0.15,0.27,0.82,2.04,0.42,0.84,1,1,1,1,1,1,75.84,66.67,71.13,63.65,1.07,0.51,1.23,0.47,0.54,0.64,0.78,0.24,0.13,1.11,0.17,0.61,14.52,13.1,40.0,16.34,16.4,15.91,18.71,13.92,23.68,33.33,66.67,46.15,-1.23,16.28,28.23,-15.41,-1.08,2.03,55.88,116.67,84.38,15.08,43.18,26.09,29.33,27.41,34.6,65.0,83.33,67.8,47.06,0.0,20.0,58.82,34.74,53.27,381,381,374,342,381,381,374,342,381,381,374,342,381,381,374,342,377,377,377,377,377,377,377,377,377,95.49,95.49,93.73,85.71,95.49,95.49,93.73,85.71,95.49,95.49,93.73,85.71,95.49,95.49,93.73,85.71,94.49,94.49,94.49,94.49,94.49,94.49,94.49,94.49,94.49,-0.5,-0.5,-0.5,0.25,-0.5,-0.5,-0.5,0.25,-0.5,-0.5,-0.5,0.25,-0.25,-0.5,-0.5,0.25,-0.25,-0.25,-0.25,-0.25,-0.25,-0.25,-0.25,0.0,-0.25,2024-2025,5434.0,2118.0,919.0,8471.0
2024-12-07T00:00:00.000,CA,67024.0,59473.0,6926.0,51661.0,46252.0,4675.0,10012.0,6678.0,2956.0,7056.0,4979.0,1883.0,630.0,25.0,655.0,551.0,54.0,605.0,118.0,97.0,215.0,98.0,14.0,112.0,74.0,7.0,81.0,17.0,18.0,35.0,27.0,20.0,47.0,104.0,112.0,156.0,354.0,726.0,8.0,781.0,75.0,90.0,165.0,266.0,179.0,186.0,326.0,957.0,5.0,1127.0,239.0,35.0,274.0,31.0,24.0,41.0,58.0,154.0,1.0,429.0,77.08,0.98,0.9,0.32,70.48,1.12,0.81,0.35,92.96,6.02,84.92,14.64,35.9,63.87,379,379,374,374,379,379,379,379,379,379,387,386,387,387,387,387,387,387,387,379,374,379,379,379,374,374,374,94.99,94.99,93.73,93.73,94.99,94.99,94.99,94.99,94.99,94.99,96.99,96.74,96.99,96.99,96.99,96.99,96.99,96.99,96.99,94.99,93.73,94.99,94.99,94.99,93.73,93.73,93.73,-0.5,-0.5,-0.25,-0.25,-0.5,-0.5,-0.5,-0.25,-0.25,-0.25,0.5,0.5,0.5,0.5,0.5,0.5,0.5,0.5,0.5,-0.5,-0.25,-0.5,-0.5,-0.5,-0.25,-0.25,-0.25,1.29,0.32,0.56,0.61,1.57,4.26,13.35,2.39,2.01,3.58,1.42,1.95,1.57,2.51,5.08,12.3,3.15,2.9,11.39,0.55,3.24,0.18,0.34,1.12,2.19,0.51,1.1,1,1,1,1,1,1,77.77,67.5,74.56,63.7,1.06,0.36,1.47,0.47,0.93,0.78,1.11,0.24,0.2,1.4,0.25,0.61,17.1,15.56,56.0,13.39,13.43,12.96,16.28,14.41,18.56,-15.63,-20.0,-17.54,30.0,12.0,-1.89,17.22,13.26,11.1,41.51,38.46,39.83,83.45,42.06,60.34,68.04,64.72,59.18,44.85,6.06,38.38,24.0,26.32,36.67,7.41,20.31,30.79,379,379,373,340,378,379,373,340,379,379,373,340,379,379,373,340,372,371,372,372,372,372,372,372,372,94.99,94.99,93.48,85.21,94.74,94.99,93.48,85.21,94.99,94.99,93.48,85.21,94.99,94.99,93.48,85.21,93.23,92.98,93.23,93.23,93.23,93.23,93.23,93.23,93.23,-0.5,-0.5,-0.25,-0.5,-0.75,-0.5,-0.25,-0.5,-0.5,-0.5,-0.25,-0.5,-0.5,-0.5,-0.25,-0.5,-1.25,-1.5,-1.25,-1.25,-1.25,-1.25,-1.25,-1.25,-1.25,2024-2025,6215.0,3245.0,1348.0,10808.0
2024-12-14T00:00:00.000,CA,67083.0,59333.0,6958.0,52146.0,46582.0,4731.0,10077.0,6717.0,2971.0,7101.0,4984.0,1893.0,691.0,36.0,727.0,688.0,72.0,760.0,136.0,128.0,264.0,124.0,17.0,141.0,99.0,10.0,109.0,18.0,28.0,46.0,19.0,12.0,31.0,85.0,118.0,150.0,373.0,726.0,6.0,763.0,109.0,190.0,299.0,307.0,233.0,261.0,408.0,1209.0,13.0,1521.0,254.0,44.0,298.0,31.0,45.0,44.0,67.0,187.0,0.0,485.0,77.73,1.08,1.13,0.39,70.47,1.4,1.08,0.46,95.15,4.06,79.49,19.66,38.56,61.44,380,380,377,377,380,380,380,383,383,383,388,387,388,388,388,388,388,388,388,380,377,380,380,380,377,377,377,95.24,95.24,94.49,94.49,95.24,95.24,95.24,95.99,95.99,95.99,97.24,96.99,97.24,97.24,97.24,97.24,97.24,97.24,97.24,95.24,94.49,95.24,95.24,95.24,94.49,94.49,94.49,0.25,0.25,0.75,0.75,0.25,0.25,0.25,1.0,1.0,1.0,0.25,0.25,0.25,0.25,0.25,0.25,0.25,0.25,0.25,0.25,0.75,0.25,0.25,0.25,0.75,0.75,0.75,0.91,0.19,0.37,0.5,1.66,4.1,14.07,2.39,1.97,5.2,2.99,3.54,1.81,3.27,7.13,15.39,3.98,3.92,12.11,0.69,3.53,0.18,0.63,1.2,2.53,0.62,1.25,1,1,1,1,1,1,78.51,67.99,74.2,63.72,1.16,0.52,1.85,0.57,1.16,1.03,1.47,0.34,0.23,1.84,0.27,0.94,19.39,17.95,47.22,14.34,14.39,13.89,17.42,13.24,21.88,-29.63,-40.0,-34.04,-18.27,5.36,-3.85,5.37,0.0,-2.3,45.33,111.11,81.21,15.41,30.17,40.32,25.15,26.33,34.96,6.28,25.71,8.76,0.0,87.5,7.32,15.52,21.43,13.05,380,380,376,343,379,380,376,343,380,380,376,343,380,380,376,343,376,375,376,376,376,376,376,376,376,95.24,95.24,94.24,85.96,94.99,95.24,94.24,85.96,95.24,95.24,94.24,85.96,95.24,95.24,94.24,85.96,94.24,93.98,94.24,94.24,94.24,94.24,94.24,94.24,94.24,0.25,0.25,0.75,0.75,0.25,0.25,0.75,0.75,0.25,0.25,0.75,0.75,0.25,0.25,0.75,0.75,1.0,1.0,1.0,1.0,1.0,1.0,1.0,1.0,1.0,2024-2025,6978.0,4766.0,1833.0,13577.0
2024-12-21T00:00:00.000,CA,66327.0,58597.0,6943.0,51970.0,46310.0,4759.0,9902.0,6556.0,2977.0,7023.0,4898.0,1911.0,719.0,43.0,762.0,1193.0,128.0,1321.0,185.0,157.0,342.0,115.0,20.0,135.0,149.0,22.0,171.0,21.0,30.0,51.0,35.0,19.0,54.0,118.0,105.0,167.0,413.0,803.0,6.0,863.0,135.0,213.0,348.0,617.0,439.0,416.0,730.0,2202.0,14.0,2564.0,275.0,50.0,325.0,57.0,58.0,52.0,118.0,285.0,2.0,612.0,78.35,1.15,1.99,0.52,70.93,1.36,1.73,0.52,93.05,6.26,85.88,13.57,46.57,53.1,372,372,365,365,372,372,372,370,370,370,377,377,377,376,377,377,377,377,377,372,365,372,372,372,365,365,365,93.23,93.23,91.48,91.48,93.23,93.23,93.23,92.73,92.73,92.73,94.49,94.49,94.49,94.24,94.49,94.49,94.49,94.49,94.49,93.23,91.48,93.23,93.23,93.23,91.48,91.48,91.48,-2.01,-2.01,-3.01,-3.01,-2.01,-2.01,-2.01,-3.26,-3.26,-3.26,-2.76,-2.51,-2.76,-3.01,-2.76,-2.76,-2.76,-2.76,-2.76,-2.01,-3.01,-2.01,-2.01,-2.01,-3.01,-3.01,-3.01,1.67,0.3,0.64,0.7,1.47,4.56,15.58,2.64,2.22,6.44,3.36,4.12,3.64,6.16,11.36,27.54,7.25,6.6,13.11,0.79,3.85,0.34,0.81,1.42,4.45,0.94,1.58,1,1,1,1,1,1,79.03,68.54,74.71,64.19,1.23,0.62,1.75,0.67,2.04,1.84,2.27,0.74,0.32,2.26,0.32,1.01,17.72,15.99,46.51,12.94,12.49,17.19,14.91,11.35,19.11,84.21,58.33,74.19,38.82,-11.02,11.33,10.72,10.61,13.11,23.85,12.11,16.39,100.98,88.41,59.39,78.92,82.13,68.57,8.27,13.64,9.06,83.87,28.89,18.18,76.12,52.41,26.19,372,372,364,329,372,372,364,329,372,372,364,329,372,372,364,329,366,366,366,366,366,366,366,366,366,93.23,93.23,91.23,82.46,93.23,93.23,91.23,82.46,93.23,93.23,91.23,82.46,93.23,93.23,91.23,82.46,91.73,91.73,91.73,91.73,91.73,91.73,91.73,91.73,91.73,-2.01,-2.01,-3.01,-3.51,-1.75,-2.01,-3.01,-3.51,-2.01,-2.01,-3.01,-3.51,-2.01,-2.01,-3.01,-3.51,-2.51,-2.26,-2.51,-2.51,-2.51,-2.51,-2.51,-2.51,-2.51,2024-2025,7841.0,7330.0,2445.0,17616.0
2024-12-28T00:00:00.000,CA,65621.0,58048.0,6788.0,47882.0,42838.0,4208.0,10081.0,6718.0,2921.0,6810.0,4794.0,1793.0,800.0,36.0,836.0,1791.0,166.0,1957.0,214.0,208.0,422.0,125.0,23.0,148.0,248.0,34.0,282.0,31.0,58.0,89.0,22.0,13.0,35.0,105.0,143.0,180.0,514.0,942.0,2.0,979.0,146.0,200.0,346.0,906.0,704.0,659.0,1239.0,3508.0,12.0,3866.0,344.0,58.0,402.0,61.0,58.0,91.0,136.0,346.0,0.0,748.0,72.97,1.27,2.98,0.64,67.55,1.47,2.8,0.88,96.22,3.58,90.74,8.95,46.26,53.74,381,381,374,373,381,381,381,379,379,379,387,385,387,386,387,387,387,387,387,381,373,381,381,381,374,374,374,95.49,95.49,93.73,93.48,95.49,95.49,95.49,94.99,94.99,94.99,96.99,96.49,96.99,96.74,96.99,96.99,96.99,96.99,96.99,95.49,93.48,95.49,95.49,95.49,93.73,93.73,93.73,2.26,2.26,2.26,2.01,2.26,2.26,2.26,2.26,2.26,2.26,2.51,2.01,2.51,2.51,2.51,2.51,2.51,2.51,2.51,2.26,2.01,2.26,2.26,2.26,2.26,2.26,2.26,1.05,0.2,0.41,0.62,2.01,4.92,19.39,3.1,2.52,6.96,3.15,4.1,5.35,9.88,18.0,46.74,11.55,9.96,16.4,0.91,4.76,0.36,0.81,2.49,5.13,1.14,1.93,1,1,1,1,1,1,73.8,61.99,71.36,61.38,1.38,0.53,1.86,0.79,3.09,2.45,3.69,1.16,0.37,3.06,0.46,1.99,17.7,15.63,63.89,14.41,13.85,20.48,21.09,14.49,27.88,-37.14,-31.58,-35.19,-11.02,36.19,7.78,24.46,17.31,13.44,8.15,-6.1,-0.57,46.84,60.36,58.41,69.73,59.31,50.78,25.09,16.0,23.69,7.02,0.0,75.0,15.25,21.4,22.22,381,381,373,339,381,381,373,339,381,380,373,339,381,381,373,339,374,374,374,374,374,373,374,374,374,95.49,95.49,93.48,84.96,95.49,95.49,93.48,84.96,95.49,95.24,93.48,84.96,95.49,95.49,93.48,84.96,93.73,93.73,93.73,93.73,93.73,93.48,93.73,93.73,93.73,2.26,2.26,2.26,2.51,2.26,2.26,2.26,2.51,2.26,2.01,2.26,2.51,2.26,2.26,2.26,2.51,2.01,2.01,2.01,2.01,2.01,1.75,2.01,2.01,2.01,2024-2025,8820.0,11196.0,3193.0,23209.0
2025-01-04T00:00:00.000,CA,66889.0,59072.0,6980.0,51063.0,45571.0,4605.0,10103.0,6753.0,2924.0,7052.0,4990.0,1833.0,954.0,45.0,999.0,2483.0,202.0,2685.0,460.0,230.0,709.0,180.0,18.0,198.0,396.0,49.0,445.0,62.0,68.0,130.0,47.0,17.0,64.0,136.0,140.0,203.0,520.0,999.0,6.0,1069.0,161.0,142.0,303.0,811.0,740.0,763.0,1398.0,3712.0,10.0,4025.0,349.0,39.0,388.0,108.0,95.0,119.0,232.0,554.0,1.0,943.0,76.34,1.49,4.01,1.06,69.8,1.96,4.4,1.29,93.45,5.99,92.22,7.53,58.75,41.15,380,380,374,373,380,380,380,379,379,379,387,387,387,387,387,387,386,386,386,380,373,380,380,380,374,374,374,95.24,95.24,93.73,93.48,95.24,95.24,95.24,94.99,94.99,94.99,96.99,96.99,96.99,96.99,96.99,96.99,96.74,96.74,96.74,95.24,93.48,95.24,95.24,95.24,93.73,93.73,93.73,-0.25,-0.25,0.0,0.0,-0.25,-0.25,-0.25,0.0,0.0,0.0,0.0,0.5,0.0,0.25,0.0,0.0,-0.25,-0.25,-0.25,-0.25,0.0,-0.25,-0.25,-0.25,0.0,0.0,0.0,2.24,0.27,0.76,0.8,1.97,5.54,19.62,3.29,2.75,7.67,2.24,3.59,4.79,10.39,20.84,52.74,12.22,10.37,16.64,0.61,4.59,0.64,1.33,3.25,8.75,1.82,2.43,1,1,1,1,1,1,77.14,65.97,73.89,62.69,1.61,0.64,2.67,0.62,4.2,2.89,5.86,1.68,0.78,3.3,0.92,2.33,19.82,18.87,40.0,16.57,15.95,24.26,18.34,13.48,29.57,113.64,30.77,82.86,29.52,-2.1,12.78,1.17,6.05,9.19,10.27,-29.0,-12.43,-10.49,5.11,15.78,12.83,5.82,4.11,1.45,-32.76,-3.48,77.05,63.79,30.77,70.59,60.12,26.07,380,380,373,339,380,380,373,339,380,380,373,339,379,379,373,339,373,373,373,373,373,373,373,372,372,95.24,95.24,93.48,84.96,95.24,95.24,93.48,84.96,95.24,95.24,93.48,84.96,94.99,94.99,93.48,84.96,93.48,93.48,93.48,93.48,93.48,93.48,93.48,93.23,93.23,-0.25,-0.25,0.0,0.0,-0.25,-0.25,0.0,0.0,-0.25,0.0,0.0,0.0,-0.5,-0.5,0.0,0.0,-0.25,-0.25,-0.25,-0.25,-0.25,0.0,-0.25,-0.5,-0.5,2024-2025,9889.0,15221.0,4136.0,29246.0
2025-01-11T00:00:00.000,CA,68339.0,60627.0,7022.0,54124.0,48512.0,4883.0,10046.0,6770.0,2922.0,7331.0,5227.0,1923.0,932.0,40.0,972.0,2363.0,186.0,2549.0,457.0,226.0,718.0,167.0,15.0,182.0,325.0,45.0,370.0,70.0,74.0,144.0,28.0,14.0,42.0,120.0,136.0,188.0,485.0,929.0,6.0,977.0,119.0,125.0,244.0,607.0,607.0,612.0,1182.0,3008.0,14.0,3266.0,244.0,29.0,273.0,94.0,91.0,140.0,211.0,536.0,1.0,810.0,79.2,1.42,3.73,1.05,72.97,1.81,3.68,1.43,95.09,4.3,92.1,7.47,66.17,33.7,379,379,372,372,379,379,379,377,377,377,389,389,389,387,389,389,388,388,388,379,372,379,379,379,372,372,372,94.99,94.99,93.23,93.23,94.99,94.99,94.99,94.49,94.49,94.49,97.49,97.49,97.49,96.99,97.49,97.49,97.24,97.24,97.24,94.99,93.23,94.99,94.99,94.99,93.23,93.23,93.23,-0.25,-0.25,-0.5,-0.25,-0.25,-0.25,-0.25,-0.5,-0.5,-0.5,0.5,0.5,0.5,0.0,0.5,0.5,0.5,0.5,0.5,-0.25,-0.25,-0.25,-0.25,-0.25,-0.5,-0.5,-0.5,1.33,0.22,0.5,0.71,1.91,5.14,18.3,3.06,2.52,5.67,1.97,2.89,3.58,8.52,16.72,44.59,9.9,8.41,11.63,0.46,3.23,0.55,1.28,3.82,7.96,1.76,2.09,1,1,1,1,1,1,80.02,69.54,77.21,65.81,1.54,0.57,2.47,0.51,3.9,2.65,4.8,1.54,0.75,3.22,1.03,2.53,18.72,17.92,37.5,14.52,13.75,24.19,20.06,15.32,32.74,-40.43,-17.65,-34.38,-11.76,-2.86,-7.39,-6.73,-7.01,-8.61,-26.09,-11.97,-19.47,-25.15,-17.97,-19.79,-15.45,-18.97,-18.86,-30.09,-25.64,-29.64,-12.96,-4.21,17.65,-9.05,-3.25,-14.1,379,379,371,338,379,379,371,338,379,379,371,338,378,378,371,338,371,371,371,371,371,371,371,370,370,94.99,94.99,92.98,84.71,94.99,94.99,92.98,84.71,94.99,94.99,92.98,84.71,94.74,94.74,92.98,84.71,92.98,92.98,92.98,92.98,92.98,92.98,92.98,92.73,92.73,-0.25,-0.25,-0.5,-0.25,-0.25,-0.25,-0.5,-0.25,-0.25,-0.25,-0.5,-0.25,-0.25,-0.25,-0.5,-0.25,-0.5,-0.5,-0.5,-0.5,-0.5,-0.5,-0.5,-0.5,-0.5,2024-2025,10866.0,18487.0,4946.0,34299.0
2025-01-18T00:00:00.000,CA,68612.0,60811.0,7175.0,54466.0,48732.0,5022.0,10215.0,6880.0,2975.0,7426.0,5295.0,1928.0,912.0,43.0,955.0,2420.0,215.0,2635.0,433.0,231.0,688.0,167.0,12.0,179.0,347.0,63.0,410.0,58.0,62.0,120.0,29.0,16.0,45.0,101.0,145.0,178.0,498.0,922.0,6.0,973.0,122.0,171.0,293.0,700.0,688.0,699.0,1279.0,3366.0,9.0,3668.0,222.0,34.0,256.0,76.0,104.0,105.0,223.0,508.0,5.0,769.0,79.38,1.39,3.84,1.0,72.7,1.75,4.01,1.17,94.76,4.62,91.77,7.99,66.06,33.29,380,380,373,372,380,380,380,378,378,378,388,386,388,388,387,388,387,387,387,380,372,380,380,380,373,373,373,95.24,95.24,93.48,93.23,95.24,95.24,95.24,94.74,94.74,94.74,97.24,96.74,97.24,97.24,96.99,97.24,96.99,96.99,96.99,95.24,93.23,95.24,95.24,95.24,93.48,93.48,93.48,0.25,0.25,0.25,0.0,0.25,0.25,0.25,0.25,0.25,0.25,-0.25,-0.75,-0.25,0.25,-0.5,-0.25,-0.25,-0.25,-0.25,0.25,0.0,0.25,0.25,0.25,0.25,0.25,0.25,1.38,0.25,0.53,0.6,2.04,4.86,18.79,3.03,2.51,5.82,2.69,3.47,4.13,9.66,19.09,48.25,11.08,9.45,10.58,0.54,3.03,0.45,1.46,2.87,8.41,1.67,1.98,1,1,1,1,1,1,80.14,69.99,76.96,64.81,1.5,0.6,2.43,0.4,3.98,3.0,5.04,2.12,0.71,3.22,0.84,2.08,18.74,18.31,27.91,15.56,14.34,29.3,17.44,13.39,26.84,3.57,14.29,7.14,-15.83,6.62,-5.32,2.68,-0.75,-0.41,2.52,36.8,20.08,15.32,13.34,14.22,8.21,11.9,12.31,-9.02,17.24,-6.23,-19.15,14.29,-25.0,5.69,-5.22,-5.06,380,380,372,339,379,380,372,339,380,380,372,339,379,379,372,339,371,370,371,371,371,371,371,370,370,95.24,95.24,93.23,84.96,94.99,95.24,93.23,84.96,95.24,95.24,93.23,84.96,94.99,94.99,93.23,84.96,92.98,92.73,92.98,92.98,92.98,92.98,92.98,92.73,92.73,0.25,0.25,0.25,0.25,0.0,0.25,0.25,0.25,0.25,0.25,0.25,0.25,0.25,0.25,0.25,0.25,0.0,-0.25,0.0,0.0,0.0,0.0,0.0,0.0,0.0,2024-2025,11839.0,22155.0,5715.0,39709.0
2025-01-25T00:00:00.000,CA,67848.0,60069.0,7186.0,54011.0,48317.0,5017.0,10120.0,6818.0,2972.0,7334.0,5218.0,1925.0,908.0,40.0,948.0,2753.0,263.0,3016.0,462.0,236.0,728.0,163.0,15.0,178.0,390.0,60.0,450.0,78.0,66.0,144.0,38.0,18.0,56.0,109.0,140.0,176.0,466.0,891.0,6.0,953.0,154.0,200.0,354.0,743.0,758.0,754.0,1474.0,3729.0,8.0,4091.0,262.0,50.0,312.0,67.0,68.0,104.0,195.0,434.0,2.0,748.0,79.61,1.4,4.45,1.07,72.47,1.76,4.45,1.42,93.49,5.88,91.15,8.65,58.02,41.71,379,379,369,368,379,379,379,374,374,374,386,384,386,385,386,386,384,385,385,379,368,379,379,379,369,369,369,94.99,94.99,92.48,92.23,94.99,94.99,94.99,93.73,93.73,93.73,96.74,96.24,96.74,96.49,96.74,96.74,96.24,96.49,96.49,94.99,92.23,94.99,94.99,94.99,92.48,92.48,92.48,-0.25,-0.25,-1.0,-1.0,-0.25,-0.25,-0.25,-1.0,-1.0,-1.0,-0.5,-0.5,-0.5,-0.75,-0.25,-0.5,-0.75,-0.5,-0.5,-0.25,-1.0,-0.25,-0.25,-0.25,-1.0,-1.0,-1.0,1.81,0.28,0.66,0.64,1.97,4.81,17.58,2.93,2.45,7.34,3.15,4.19,4.38,10.64,20.6,55.6,12.27,10.54,12.49,0.79,3.69,0.4,0.95,2.84,7.36,1.43,1.93,1,1,1,1,1,1,80.44,69.82,76.53,64.77,1.51,0.56,2.39,0.5,4.58,3.66,5.72,2.02,0.77,3.28,1.14,2.22,18.78,17.95,37.5,14.92,14.17,22.81,19.78,16.88,27.97,31.03,12.5,24.44,7.92,-3.45,-1.12,-6.43,-3.36,-2.06,26.23,16.96,20.82,6.14,10.17,7.87,15.25,10.78,11.53,18.02,47.06,21.88,-11.84,-34.62,-0.95,-12.56,-14.57,-2.73,379,379,368,335,378,379,368,335,379,378,368,335,378,377,368,335,368,367,368,368,368,367,368,367,366,94.99,94.99,92.23,83.96,94.74,94.99,92.23,83.96,94.99,94.74,92.23,83.96,94.74,94.49,92.23,83.96,92.23,91.98,92.23,92.23,92.23,91.98,92.23,91.98,91.73,-0.25,-0.25,-1.0,-1.0,-0.25,-0.25,-1.0,-1.0,-0.25,-0.5,-1.0,-1.0,-0.25,-0.5,-1.0,-1.0,-0.75,-0.75,-0.75,-0.75,-0.75,-1.0,-0.75,-0.75,-1.0,2024-2025,12792.0,26246.0,6463.0,45501.0
2025-02-01T00:00:00.000,CA,68725.0,60653.0,7207.0,54578.0,49015.0,5060.0,10148.0,6824.0,2950.0,7448.0,5312.0,1889.0,987.0,38.0,1025.0,3140.0,298.0,3438.0,424.0,231.0,674.0,212.0,15.0,227.0,421.0,59.0,480.0,66.0,63.0,129.0,24.0,16.0,40.0,133.0,198.0,182.0,473.0,986.0,2.0,1028.0,149.0,247.0,396.0,812.0,830.0,865.0,1693.0,4200.0,3.0,4599.0,248.0,58.0,306.0,77.0,86.0,99.0,194.0,456.0,1.0,763.0,79.42,1.49,5.0,0.98,73.39,2.24,4.73,1.27,95.91,3.89,91.32,8.61,59.76,40.1,383,383,374,373,383,383,383,380,380,380,387,387,387,387,385,387,386,386,386,383,373,383,383,383,374,374,374,95.99,95.99,93.73,93.48,95.99,95.99,95.99,95.24,95.24,95.24,96.99,96.99,96.99,96.99,96.49,96.99,96.74,96.74,96.74,95.99,93.48,95.99,95.99,95.99,93.73,93.73,93.73,1.0,1.0,1.25,1.25,1.0,1.0,1.0,1.5,1.5,1.5,0.25,0.75,0.25,0.5,-0.25,0.25,0.5,0.25,0.25,1.0,1.25,1.0,1.0,1.0,1.25,1.25,1.25,1.14,0.25,0.47,0.78,2.78,4.97,17.84,3.25,2.65,7.1,3.89,4.69,4.79,11.65,23.63,63.86,13.82,11.84,11.82,0.91,3.62,0.45,1.21,2.7,7.32,1.5,1.97,1,1,1,1,1,1,80.81,70.21,77.84,64.03,1.63,0.53,3.11,0.51,5.18,4.13,6.17,2.0,0.7,3.21,0.97,2.14,22.15,21.48,39.47,13.96,13.41,19.8,19.14,15.57,27.27,-36.84,-11.11,-28.57,22.02,41.43,3.41,1.5,10.66,7.87,-3.25,23.5,11.86,9.29,9.5,14.72,14.86,12.63,12.42,-5.34,16.0,-1.92,14.93,26.47,-4.81,-0.51,5.07,2.01,383,383,373,337,383,383,373,337,381,383,373,337,382,382,373,337,377,377,377,377,375,377,377,376,376,95.99,95.99,93.48,84.46,95.99,95.99,93.48,84.46,95.49,95.99,93.48,84.46,95.74,95.74,93.48,84.46,94.49,94.49,94.49,94.49,93.98,94.49,94.49,94.24,94.24,1.0,1.0,1.25,0.5,1.25,1.0,1.25,0.5,0.5,1.25,1.25,0.5,1.0,1.25,1.25,0.5,2.26,2.51,2.26,2.26,1.75,2.51,2.26,2.26,2.51,2024-2025,13820.0,30845.0,7226.0,51891.0
2025-02-08T00:00:00.000,CA,69251.0,61420.0,7245.0,55284.0,49704.0,5075.0,10529.0,7165.0,2964.0,7399.0,5327.0,1856.0,980.0,43.0,1023.0,2841.0,306.0,3147.0,425.0,230.0,679.0,134.0,10.0,144.0,389.0,70.0,459.0,54.0,75.0,129.0,30.0,16.0,46.0,130.0,140.0,184.0,440.0,894.0,4.0,944.0,118.0,196.0,314.0,617.0,660.0,702.0,1377.0,3356.0,6.0,3676.0,215.0,41.0,256.0,69.0,73.0,102.0,221.0,465.0,2.0,723.0,79.83,1.48,4.54,0.98,70.27,1.37,4.36,1.23,94.7,4.87,91.29,8.54,64.32,35.41,386,386,377,376,386,386,386,382,382,382,391,391,391,390,390,391,390,390,390,386,376,386,386,386,377,377,377,96.74,96.74,94.49,94.24,96.74,96.74,96.74,95.74,95.74,95.74,97.99,97.99,97.99,97.74,97.74,97.99,97.74,97.74,97.74,96.74,94.24,96.74,96.74,96.74,94.49,94.49,94.49,0.75,0.75,0.75,0.75,0.75,0.75,0.75,0.5,0.5,0.5,1.0,1.0,1.0,0.75,1.25,1.0,1.0,1.0,1.0,0.75,0.75,0.75,0.75,0.75,0.75,0.75,0.75,1.43,0.25,0.54,0.77,1.97,5.03,16.6,2.94,2.43,5.62,3.09,3.72,3.64,9.27,19.18,51.94,11.05,9.47,10.25,0.65,3.03,0.41,1.02,2.79,8.34,1.53,1.86,1,1,1,1,1,1,80.92,70.05,74.35,62.62,1.6,0.59,1.87,0.34,4.63,4.22,5.43,2.36,0.69,3.17,0.75,2.53,14.08,13.67,23.26,14.59,13.69,22.88,19.0,12.71,32.61,25.0,0.0,15.0,-2.26,-29.29,1.1,-6.98,-9.33,-8.17,-20.81,-20.65,-20.71,-24.01,-20.48,-18.84,-18.67,-20.1,-20.07,-13.31,-29.31,-16.34,-10.39,-15.12,3.03,13.92,1.97,-5.24,386,386,376,341,386,386,376,341,386,386,376,341,385,385,376,341,378,378,378,378,378,378,378,377,377,96.74,96.74,94.24,85.46,96.74,96.74,94.24,85.46,96.74,96.74,94.24,85.46,96.49,96.49,94.24,85.46,94.74,94.74,94.74,94.74,94.74,94.74,94.74,94.49,94.49,0.75,0.75,0.75,1.0,0.75,0.75,0.75,1.0,1.25,0.75,0.75,1.0,0.75,0.75,0.75,1.0,0.25,0.25,0.25,0.25,0.75,0.25,0.25,0.25,0.25,2024-2025,14764.0,34521.0,7949.0,57234.0
2025-02-15T00:00:00.000,CA,67860.0,60002.0,7295.0,53834.0,48212.0,5169.0,9961.0,6624.0,2957.0,7167.0,5084.0,1864.0,867.0,38.0,905.0,2244.0,290.0,2534.0,401.0,231.0,662.0,150.0,11.0,161.0,345.0,68.0,413.0,50.0,51.0,101.0,30.0,16.0,46.0,152.0,100.0,186.0,403.0,841.0,4.0,891.0,101.0,170.0,271.0,516.0,519.0,559.0,930.0,2524.0,5.0,2800.0,216.0,46.0,262.0,65.0,70.0,83.0,195.0,413.0,3.0,678.0,79.33,1.33,3.73,0.98,71.95,1.62,4.15,1.01,94.39,5.16,90.14,9.68,60.91,38.64,377,377,361,360,377,377,377,366,366,366,383,382,383,382,382,383,382,382,382,377,360,377,377,377,361,361,361,94.49,94.49,90.48,90.23,94.49,94.49,94.49,91.73,91.73,91.73,95.99,95.74,95.99,95.74,95.74,95.99,95.74,95.74,95.74,94.49,90.23,94.49,94.49,94.49,90.48,90.48,90.48,-2.26,-2.26,-4.01,-4.01,-2.26,-2.26,-2.26,-4.01,-4.01,-4.01,-2.01,-2.26,-2.01,-2.01,-2.01,-2.01,-2.01,-2.01,-2.01,-2.26,-4.01,-2.26,-2.26,-2.26,-4.01,-4.01,-4.01,1.43,0.25,0.54,0.9,1.4,5.08,15.2,2.77,2.29,4.81,2.68,3.21,3.04,7.29,15.27,35.08,8.31,7.21,10.3,0.72,3.1,0.38,0.98,2.27,7.36,1.36,1.75,1,1,1,1,1,1,80.35,70.86,76.75,63.04,1.44,0.52,2.26,0.37,3.74,3.98,5.21,2.3,0.67,3.17,0.75,1.72,17.79,17.3,28.95,16.3,15.37,23.45,15.26,12.47,22.08,0.0,0.0,0.0,16.92,-28.57,1.09,-8.41,-5.93,-5.61,-14.41,-13.27,-13.69,-16.37,-21.36,-20.37,-32.46,-24.79,-23.83,0.47,12.2,2.34,-5.8,-4.11,-18.63,-11.76,-11.18,-6.22,377,377,360,326,376,377,360,326,376,377,360,326,376,376,360,326,361,360,361,361,360,361,361,360,360,94.49,94.49,90.23,81.7,94.24,94.49,90.23,81.7,94.24,94.49,90.23,81.7,94.24,94.24,90.23,81.7,90.48,90.23,90.48,90.48,90.23,90.48,90.48,90.23,90.23,-2.26,-2.26,-4.01,-3.76,-2.51,-2.26,-4.01,-3.76,-2.51,-2.26,-4.01,-3.76,-2.26,-2.26,-4.01,-3.76,-4.26,-4.51,-4.26,-4.26,-4.51,-4.26,-4.26,-4.26,-4.26,2024-2025,15655.0,37321.0,8627.0,61603.0
2025-02-22T00:00:00.000,CA,68373.0,60367.0,7266.0,53668.0,47950.0,5071.0,10103.0,6758.0,2957.0,7188.0,5092.0,1896.0,760.0,31.0,791.0,1796.0,274.0,2070.0,380.0,224.0,624.0,133.0,12.0,145.0,277.0,61.0,338.0,59.0,54.0,113.0,21.0,9.0,30.0,112.0,131.0,136.0,328.0,707.0,1.0,738.0,72.0,118.0,190.0,375.0,398.0,389.0,697.0,1859.0,3.0,2052.0,218.0,31.0,249.0,69.0,64.0,68.0,171.0,372.0,3.0,624.0,78.49,1.16,3.03,0.91,71.15,1.44,3.35,1.12,95.8,4.07,90.59,9.26,59.62,39.9,386,386,378,378,386,386,386,382,382,382,391,390,391,389,391,391,390,390,390,386,378,386,386,386,378,378,378,96.74,96.74,94.74,94.74,96.74,96.74,96.74,95.74,95.74,95.74,97.99,97.74,97.99,97.49,97.99,97.99,97.74,97.74,97.74,96.74,94.74,96.74,96.74,96.74,94.74,94.74,94.74,2.26,2.26,4.26,4.51,2.26,2.26,2.26,4.01,4.01,4.01,2.01,2.01,2.01,1.75,2.26,2.01,2.01,2.01,2.01,2.26,4.51,2.26,2.26,2.26,4.26,4.26,4.26,1.0,0.14,0.36,0.66,1.84,3.71,12.37,2.33,1.9,3.43,1.86,2.25,2.21,5.59,10.63,26.29,6.12,5.28,10.39,0.49,2.95,0.41,0.9,1.86,6.45,1.22,1.61,1,1,1,1,1,1,79.43,69.79,75.35,64.12,1.26,0.43,1.97,0.41,2.98,3.77,4.1,2.06,0.63,3.08,0.87,1.83,18.33,17.5,38.71,16.33,15.42,22.26,18.11,15.53,24.11,-30.0,-43.75,-34.78,-26.32,31.0,-26.88,-18.61,-15.93,-17.17,-28.71,-30.59,-29.89,-27.33,-23.31,-30.41,-25.05,-26.35,-26.71,0.93,-32.61,-4.96,6.15,-8.57,-18.07,-12.31,-9.93,-7.96,386,386,377,342,386,386,377,342,386,385,377,342,385,385,377,342,379,379,379,379,379,378,379,378,378,96.74,96.74,94.49,85.71,96.74,96.74,94.49,85.71,96.74,96.49,94.49,85.71,96.49,96.49,94.49,85.71,94.99,94.99,94.99,94.99,94.99,94.74,94.99,94.74,94.74,2.26,2.26,4.26,4.01,2.51,2.26,4.26,4.01,2.51,2.01,4.26,4.01,2.26,2.26,4.26,4.01,4.51,4.76,4.51,4.51,4.76,4.26,4.51,4.51,4.51,2024-2025,16393.0,39373.0,9251.0,65017.0
2025-03-01T00:00:00.000,CA,68219.0,60346.0,7199.0,53553.0,47977.0,5083.0,10110.0,6787.0,2968.0,7231.0,5117.0,1906.0,687.0,28.0,715.0,1369.0,230.0,1599.0,333.0,210.0,569.0,133.0,10.0,143.0,231.0,58.0,289.0,50.0,66.0,116.0,26.0,6.0,32.0,114.0,100.0,116.0,327.0,657.0,5.0,694.0,60.0,91.0,151.0,291.0,274.0,275.0,474.0,1314.0,1.0,1466.0,190.0,36.0,226.0,55.0,65.0,55.0,129.0,304.0,5.0,535.0,78.5,1.05,2.34,0.83,71.52,1.41,2.86,1.15,94.67,4.61,89.63,10.3,56.82,42.24,385,385,375,375,385,385,385,379,379,379,390,390,390,389,390,390,389,389,389,385,375,385,385,385,375,375,375,96.49,96.49,93.98,93.98,96.49,96.49,96.49,94.99,94.99,94.99,97.74,97.74,97.74,97.49,97.74,97.74,97.49,97.49,97.49,96.49,93.98,96.49,96.49,96.49,93.98,93.98,93.98,-0.25,-0.25,-0.75,-0.75,-0.25,-0.25,-0.25,-0.75,-0.75,-0.75,-0.25,0.0,-0.25,0.0,-0.25,-0.25,-0.25,-0.25,-0.25,-0.25,-0.75,-0.25,-0.25,-0.25,-0.75,-0.75,-0.75,1.24,0.09,0.38,0.67,1.4,3.17,12.34,2.16,1.79,2.86,1.43,1.79,1.72,3.85,7.51,17.88,4.32,3.78,9.06,0.57,2.68,0.32,0.91,1.5,4.87,1.0,1.38,1,1,1,1,1,1,79.5,70.61,75.39,64.22,1.14,0.39,1.96,0.34,2.27,3.19,3.4,1.95,0.55,2.92,0.74,2.22,20.0,19.36,35.71,18.07,16.87,25.22,20.39,15.02,31.43,23.81,-33.33,6.67,1.79,-23.66,-14.71,-0.3,-7.07,-5.96,-16.67,-22.88,-20.53,-22.4,-31.16,-29.31,-31.99,-29.32,-28.56,-12.84,16.13,-9.24,-20.29,1.56,-19.12,-24.56,-18.28,-14.26,385,385,374,345,385,385,374,345,385,385,374,345,384,384,374,345,375,375,375,375,375,375,375,374,374,96.49,96.49,93.73,86.47,96.49,96.49,93.73,86.47,96.49,96.49,93.73,86.47,96.24,96.24,93.73,86.47,93.98,93.98,93.98,93.98,93.98,93.98,93.98,93.73,93.73,-0.25,-0.25,-0.75,0.75,-0.25,-0.25,-0.75,0.75,-0.25,0.0,-0.75,0.75,-0.25,-0.25,-0.75,0.75,-1.0,-1.0,-1.0,-1.0,-1.0,-0.75,-1.0,-1.0,-1.0,2024-2025,17087.0,40839.0,9786.0,67712.0
2025-03-08T00:00:00.000,CA,67849.0,60091.0,7182.0,52590.0,46851.0,5081.0,10062.0,6768.0,2925.0,7071.0,4966.0,1868.0,624.0,32.0,656.0,1002.0,201.0,1203.0,274.0,173.0,447.0,104.0,9.0,113.0,177.0,42.0,219.0,41.0,48.0,89.0,17.0,9.0,26.0,102.0,94.0,119.0,293.0,608.0,2.0,636.0,35.0,86.0,121.0,199.0,200.0,196.0,349.0,944.0,4.0,1069.0,151.0,25.0,176.0,21.0,64.0,46.0,127.0,258.0,6.0,440.0,77.51,0.97,1.77,0.66,70.27,1.12,2.18,0.88,95.6,4.09,88.31,11.32,58.64,40.0,386,386,375,375,386,386,386,379,379,379,390,390,390,390,390,390,390,390,390,386,375,386,386,386,375,375,375,96.74,96.74,93.98,93.98,96.74,96.74,96.74,94.99,94.99,94.99,97.74,97.74,97.74,97.74,97.74,97.74,97.74,97.74,97.74,96.74,93.98,96.74,96.74,96.74,93.98,93.98,93.98,0.25,0.25,0.0,0.0,0.25,0.25,0.25,0.0,0.0,0.0,0.0,0.0,0.0,0.25,0.0,0.0,0.25,0.25,0.25,0.25,0.0,0.25,0.25,0.25,0.0,0.0,0.0,0.81,0.14,0.31,0.6,1.32,3.25,11.05,2.0,1.64,1.67,1.35,1.43,1.17,2.81,5.35,13.17,3.11,2.75,7.2,0.39,2.08,0.12,0.9,1.26,4.79,0.85,1.13,1,1,1,1,1,1,77.97,70.75,73.37,63.86,1.04,0.45,1.54,0.31,1.67,2.8,2.62,1.44,0.46,2.41,0.61,1.64,17.23,16.67,28.13,18.2,17.66,20.9,19.91,14.96,27.75,-34.62,50.0,-18.75,-10.53,-6.0,2.59,-10.4,-7.46,-8.36,-41.67,-5.49,-19.87,-31.62,-27.01,-28.73,-26.37,-28.16,-27.08,-20.53,-30.56,-22.12,-61.82,-1.54,-16.36,-1.55,-15.13,-17.76,386,386,374,340,386,386,374,340,386,386,374,340,386,386,374,340,376,376,376,376,376,376,376,376,376,96.74,96.74,93.73,85.21,96.74,96.74,93.73,85.21,96.74,96.74,93.73,85.21,96.74,96.74,93.73,85.21,94.24,94.24,94.24,94.24,94.24,94.24,94.24,94.24,94.24,0.25,0.25,0.0,-1.25,0.25,0.25,0.0,-1.25,0.25,0.25,0.0,-1.25,0.5,0.5,0.0,-1.25,0.25,0.25,0.25,0.25,0.25,0.25,0.25,0.5,0.5,2024-2025,17723.0,41908.0,10226.0,69857.0
2025-03-15T00:00:00.000,CA,67995.0,60174.0,7247.0,52456.0,46903.0,5085.0,10116.0,6766.0,2972.0,7059.0,4955.0,1887.0,575.0,29.0,604.0,788.0,189.0,977.0,238.0,148.0,386.0,80.0,12.0,92.0,133.0,41.0,174.0,35.0,45.0,80.0,14.0,13.0,27.0,70.0,103.0,114.0,290.0,577.0,5.0,609.0,25.0,93.0,118.0,174.0,180.0,171.0,352.0,877.0,2.0,997.0,120.0,22.0,142.0,37.0,45.0,55.0,110.0,247.0,3.0,392.0,77.15,0.89,1.44,0.57,69.78,0.91,1.72,0.79,94.75,4.43,87.96,11.84,63.01,36.22,386,386,375,375,386,386,386,380,380,380,390,390,390,390,390,390,390,390,390,386,375,386,386,386,375,375,375,96.74,96.74,93.98,93.98,96.74,96.74,96.74,95.24,95.24,95.24,97.74,97.74,97.74,97.74,97.74,97.74,97.74,97.74,97.74,96.74,93.98,96.74,96.74,96.74,93.98,93.98,93.98,0.0,0.0,0.0,0.0,0.0,0.0,0.0,0.25,0.25,0.25,0.0,0.0,0.0,0.0,0.0,0.0,0.0,0.0,0.0,0.0,0.0,0.0,0.0,0.0,0.0,0.0,0.0,0.67,0.2,0.32,0.41,1.45,3.11,10.94,1.9,1.57,1.19,1.47,1.4,1.03,2.53,4.67,13.28,2.89,2.57,5.72,0.35,1.68,0.22,0.63,1.5,4.15,0.81,1.01,1,1,1,1,1,1,77.95,70.17,73.23,63.49,0.96,0.4,1.18,0.4,1.31,2.61,1.97,1.38,0.4,2.04,0.52,1.51,15.23,13.91,41.38,17.81,16.88,21.69,20.73,14.71,30.41,-17.65,44.44,3.85,-31.37,9.57,-4.2,-1.02,-5.1,-4.25,-28.57,8.14,-2.48,-12.56,-10.0,-12.76,0.86,-7.1,-6.74,-20.53,-12.0,-19.32,76.19,-29.69,19.57,-13.39,-4.26,-10.91,386,386,374,339,386,386,374,339,386,386,374,339,386,386,374,339,377,377,377,377,377,377,377,377,377,96.74,96.74,93.73,84.96,96.74,96.74,93.73,84.96,96.74,96.74,93.73,84.96,96.74,96.74,93.73,84.96,94.49,94.49,94.49,94.49,94.49,94.49,94.49,94.49,94.49,0.0,0.0,0.0,-0.25,0.0,0.0,0.0,-0.25,0.0,0.0,0.0,-0.25,0.0,0.0,0.0,-0.25,0.25,0.25,0.25,0.25,0.25,0.25,0.25,0.25,0.25,2024-2025,18332.0,42905.0,10618.0,71855.0
2025-03-22T00:00:00.000,CA,67747.0,60072.0,7105.0,52469.0,46953.0,5076.0,10237.0,6880.0,2976.0,7219.0,5050.0,1931.0,571.0,30.0,601.0,646.0,76.0,722.0,220.0,134.0,354.0,91.0,14.0,105.0,93.0,15.0,108.0,27.0,36.0,63.0,15.0,10.0,25.0,86.0,102.0,128.0,264.0,580.0,4.0,609.0,34.0,71.0,105.0,140.0,108.0,150.0,205.0,603.0,3.0,711.0,111.0,25.0,136.0,23.0,47.0,49.0,90.0,209.0,3.0,348.0,77.45,0.89,1.07,0.52,70.52,1.03,1.05,0.62,95.24,4.11,84.81,14.77,60.06,39.08,385,385,379,379,385,385,385,384,384,384,390,390,390,389,390,390,390,390,390,385,379,385,385,385,379,379,379,96.49,96.49,94.99,94.99,96.49,96.49,96.49,96.24,96.24,96.24,97.74,97.74,97.74,97.49,97.74,97.74,97.74,97.74,97.74,96.49,94.99,96.49,96.49,96.49,94.99,94.99,94.99,-0.25,-0.25,1.0,1.0,-0.25,-0.25,-0.25,1.0,1.0,1.0,0.0,0.0,0.0,-0.25,0.0,0.0,0.0,0.0,0.0,-0.25,1.0,-0.25,-0.25,-0.25,1.0,1.0,1.0,0.72,0.16,0.3,0.51,1.43,3.5,9.96,1.91,1.57,1.62,1.12,1.24,0.83,1.52,4.1,7.73,1.98,1.83,5.29,0.39,1.61,0.14,0.66,1.34,3.39,0.69,0.9,1,1,1,1,1,1,78.16,71.44,73.4,64.89,0.95,0.42,1.32,0.47,1.08,1.07,1.35,0.5,0.37,1.89,0.39,1.21,17.47,15.94,46.67,14.96,14.4,19.74,17.8,12.27,26.87,7.14,-23.08,-7.41,22.86,-0.97,12.28,-8.97,0.52,0.0,36.0,-23.66,-11.02,-19.54,-40.0,-12.28,-41.76,-31.24,-28.69,-7.5,13.64,-4.23,-37.84,4.44,-10.91,-18.18,-15.38,-11.22,385,385,378,342,385,385,378,342,385,385,378,342,385,385,378,342,380,380,380,380,380,380,380,380,380,96.49,96.49,94.74,85.71,96.49,96.49,94.74,85.71,96.49,96.49,94.74,85.71,96.49,96.49,94.74,85.71,95.24,95.24,95.24,95.24,95.24,95.24,95.24,95.24,95.24,-0.25,-0.25,1.0,0.75,-0.25,-0.25,1.0,0.75,-0.25,-0.25,1.0,0.75,-0.25,-0.25,1.0,0.75,0.75,0.75,0.75,0.75,0.75,0.75,0.75,0.75,0.75,2024-2025,18941.0,43616.0,10966.0,73523.0
2025-03-29T00:00:00.000,CA,66962.0,59243.0,7123.0,51729.0,46293.0,4985.0,10003.0,6665.0,2958.0,6987.0,4884.0,1880.0,580.0,42.0,622.0,524.0,69.0,593.0,186.0,108.0,294.0,79.0,14.0,93.0,72.0,15.0,87.0,23.0,19.0,42.0,17.0,8.0,25.0,82.0,99.0,111.0,275.0,567.0,6.0,598.0,31.0,65.0,96.0,125.0,102.0,116.0,155.0,498.0,2.0,596.0,84.0,13.0,97.0,30.0,35.0,25.0,68.0,158.0,1.0,256.0,77.25,0.93,0.89,0.44,69.85,0.93,0.87,0.42,94.82,4.18,83.56,16.11,61.72,37.89,377,377,371,371,377,377,377,375,375,375,382,381,382,382,382,382,382,382,382,377,371,377,377,377,371,371,371,94.49,94.49,92.98,92.98,94.49,94.49,94.49,93.98,93.98,93.98,95.74,95.49,95.74,95.74,95.74,95.74,95.74,95.74,95.74,94.49,92.98,94.49,94.49,94.49,92.98,92.98,92.98,-2.01,-2.01,-2.01,-2.01,-2.01,-2.01,-2.01,-2.26,-2.26,-2.26,-2.01,-2.26,-2.01,-1.75,-2.01,-2.01,-2.01,-2.01,-2.01,-2.01,-2.01,-2.01,-2.01,-2.01,-2.01,-2.01,-2.01,0.81,0.13,0.3,0.48,1.39,3.03,10.37,1.87,1.54,1.48,1.02,1.14,0.74,1.43,3.17,5.85,1.64,1.53,4.0,0.2,1.15,0.18,0.49,0.68,2.57,0.52,0.66,1,1,1,1,1,1,78.14,69.98,73.28,63.56,0.98,0.59,1.19,0.47,0.88,0.97,1.08,0.51,0.31,1.52,0.35,0.64,14.95,13.62,33.33,14.67,13.74,21.74,14.29,12.37,17.59,13.33,-20.0,0.0,-4.65,-2.94,-13.28,4.17,-2.24,-1.81,-8.82,-8.45,-8.57,-10.71,-5.56,-22.67,-24.39,-17.41,-16.17,-24.32,-48.0,-28.68,30.43,-25.53,-48.98,-24.44,-24.4,-26.44,377,377,370,335,377,377,370,335,377,377,370,335,377,377,370,335,371,371,371,371,371,371,371,371,371,94.49,94.49,92.73,83.96,94.49,94.49,92.73,83.96,94.49,94.49,92.73,83.96,94.49,94.49,92.73,83.96,92.98,92.98,92.98,92.98,92.98,92.98,92.98,92.98,92.98,-2.01,-2.01,-2.01,-1.75,-2.01,-2.01,-2.01,-1.75,-2.01,-2.01,-2.01,-1.75,-2.01,-2.01,-2.01,-1.75,-2.26,-2.26,-2.26,-2.26,-2.26,-2.26,-2.26,-2.26,-2.26,2024-2025,19539.0,44212.0,11222.0,74973.0
2025-04-05T00:00:00.000,CA,66129.0,58463.0,7009.0,50295.0,44977.0,4860.0,9856.0,6546.0,2937.0,6808.0,4734.0,1861.0,503.0,27.0,530.0,422.0,42.0,464.0,145.0,84.0,229.0,67.0,11.0,78.0,61.0,11.0,72.0,19.0,15.0,34.0,18.0,12.0,30.0,62.0,79.0,95.0,255.0,491.0,6.0,527.0,24.0,43.0,67.0,104.0,77.0,84.0,121.0,386.0,1.0,454.0,57.0,11.0,68.0,22.0,21.0,25.0,68.0,136.0,4.0,208.0,76.06,0.8,0.7,0.35,69.07,0.79,0.73,0.34,93.17,5.69,85.02,14.76,65.38,32.69,375,375,369,369,375,375,375,373,373,373,380,379,380,380,380,380,380,380,380,375,369,375,375,375,369,369,369,93.98,93.98,92.48,92.48,93.98,93.98,93.98,93.48,93.48,93.48,95.24,94.99,95.24,95.24,95.24,95.24,95.24,95.24,95.24,93.98,92.48,93.98,93.98,93.98,92.48,92.48,92.48,-0.5,-0.5,-0.5,-0.5,-0.5,-0.5,-0.5,-0.5,-0.5,-0.5,-0.5,-0.5,-0.5,-0.5,-0.5,-0.5,-0.5,-0.5,-0.5,-0.5,-0.5,-0.5,-0.5,-0.5,-0.5,-0.5,-0.5,0.86,0.19,0.36,0.37,1.11,2.59,9.62,1.62,1.36,1.14,0.68,0.79,0.61,1.08,2.29,4.56,1.27,1.17,2.72,0.17,0.81,0.13,0.29,0.68,2.57,0.45,0.54,1,1,1,1,1,1,76.93,69.34,72.32,63.36,0.86,0.39,1.02,0.37,0.72,0.6,0.93,0.37,0.25,1.2,0.29,0.51,14.72,13.32,40.74,15.52,14.45,26.19,14.85,13.1,17.86,5.88,50.0,20.0,-24.39,-20.2,-14.41,-7.27,-13.4,-11.87,-22.58,-33.85,-30.21,-16.8,-24.51,-27.59,-21.94,-22.49,-23.83,-32.14,-15.38,-29.9,-26.67,-40.0,0.0,0.0,-13.92,-18.75,375,375,368,333,375,375,368,333,375,375,368,333,375,375,368,333,369,369,369,369,369,369,369,369,369,93.98,93.98,92.23,83.46,93.98,93.98,92.23,83.46,93.98,93.98,92.23,83.46,93.98,93.98,92.23,83.46,92.48,92.48,92.48,92.48,92.48,92.48,92.48,92.48,92.48,-0.5,-0.5,-0.5,-0.5,-0.5,-0.5,-0.5,-0.5,-0.5,-0.5,-0.5,-0.5,-0.5,-0.5,-0.5,-0.5,-0.5,-0.5,-0.5,-0.5,-0.5,-0.5,-0.5,-0.5,-0.5,2024-2025,20066.0,44666.0,11430.0,76162.0
2025-04-12T00:00:00.000,CA,66532.0,58922.0,6957.0,50799.0,45527.0,4766.0,9941.0,6633.0,2910.0,6895.0,4808.0,1822.0,543.0,23.0,566.0,351.0,44.0,395.0,101.0,86.0,187.0,76.0,6.0,82.0,50.0,16.0,66.0,17.0,22.0,39.0,13.0,9.0,22.0,92.0,91.0,119.0,295.0,597.0,6.0,625.0,28.0,39.0,67.0,95.0,72.0,68.0,118.0,353.0,2.0,422.0,45.0,13.0,58.0,11.0,29.0,18.0,41.0,99.0,0.0,157.0,76.35,0.85,0.59,0.28,69.36,0.82,0.66,0.39,95.52,3.52,83.65,15.88,63.06,36.94,375,375,371,371,375,375,375,375,375,375,380,380,380,379,380,380,380,380,380,375,371,375,375,375,371,371,371,93.98,93.98,92.98,92.98,93.98,93.98,93.98,93.98,93.98,93.98,95.24,95.24,95.24,94.99,95.24,95.24,95.24,95.24,95.24,93.98,92.98,93.98,93.98,93.98,92.98,92.98,92.98,0.0,0.0,0.5,0.5,0.0,0.0,0.0,0.5,0.5,0.5,0.0,0.25,0.0,-0.25,0.0,0.0,0.0,0.0,0.0,0.0,0.5,0.0,0.0,0.0,0.5,0.5,0.5,0.62,0.14,0.26,0.54,1.28,3.25,11.13,1.96,1.61,1.33,0.61,0.79,0.56,1.01,1.86,4.45,1.16,1.09,2.15,0.2,0.69,0.06,0.41,0.49,1.55,0.33,0.4,1,1,1,1,1,1,77.27,68.51,72.49,62.61,0.92,0.33,1.15,0.21,0.6,0.63,0.75,0.55,0.17,1.24,0.26,0.76,14.49,14.0,26.09,16.71,14.25,36.36,20.86,16.83,25.58,-27.78,-25.0,-26.67,48.39,15.19,25.26,15.69,21.59,18.6,16.67,-9.3,0.0,-8.65,-6.49,-19.05,-2.48,-8.55,-7.05,-21.05,18.18,-14.71,-50.0,38.1,-28.0,-39.71,-27.21,-24.52,375,375,370,334,375,375,370,334,375,375,370,334,375,375,370,334,371,371,371,371,371,371,371,371,371,93.98,93.98,92.73,83.71,93.98,93.98,92.73,83.71,93.98,93.98,92.73,83.71,93.98,93.98,92.73,83.71,92.98,92.98,92.98,92.98,92.98,92.98,92.98,92.98,92.98,0.0,0.0,0.5,0.25,0.0,0.0,0.5,0.25,0.0,0.0,0.5,0.25,0.0,0.0,0.5,0.25,0.5,0.5,0.5,0.5,0.5,0.5,0.5,0.5,0.5,2024-2025,20691.0,45088.0,11587.0,77366.0
2025-04-19T00:00:00.000,CA,66279.0,58762.0,6925.0,50549.0,45342.0,4792.0,9862.0,6557.0,2930.0,6722.0,4678.0,1831.0,486.0,31.0,517.0,266.0,31.0,297.0,75.0,62.0,137.0,56.0,8.0,64.0,44.0,11.0,55.0,8.0,17.0,25.0,13.0,8.0,21.0,58.0,76.0,106.0,276.0,516.0,6.0,543.0,25.0,35.0,60.0,69.0,54.0,58.0,104.0,285.0,9.0,354.0,22.0,7.0,29.0,9.0,16.0,19.0,23.0,67.0,3.0,99.0,76.27,0.78,0.45,0.21,68.16,0.65,0.56,0.25,95.03,3.87,80.51,16.95,67.68,29.29,376,376,371,371,376,376,376,375,375,375,381,381,381,381,381,381,381,381,381,376,371,376,376,376,371,371,371,94.24,94.24,92.98,92.98,94.24,94.24,94.24,93.98,93.98,93.98,95.49,95.49,95.49,95.49,95.49,95.49,95.49,95.49,95.49,94.24,92.98,94.24,94.24,94.24,92.98,92.98,92.98,0.25,0.25,0.0,0.0,0.25,0.25,0.25,0.0,0.0,0.0,0.25,0.25,0.25,0.5,0.25,0.25,0.25,0.25,0.25,0.25,0.0,0.25,0.25,0.25,0.0,0.0,0.0,0.62,0.13,0.25,0.34,1.07,2.9,10.41,1.7,1.4,1.19,0.55,0.71,0.41,0.76,1.58,3.92,0.94,0.91,1.05,0.11,0.34,0.05,0.22,0.52,0.87,0.22,0.25,1,1,1,1,1,1,77.16,69.2,71.34,62.49,0.83,0.45,0.85,0.27,0.45,0.45,0.67,0.38,0.13,0.9,0.12,0.58,12.38,11.52,25.81,18.52,16.54,35.48,18.25,10.67,27.42,0.0,-11.11,-4.55,-36.96,-16.48,-10.92,-6.44,-13.57,-13.12,-10.71,-10.26,-10.45,-27.37,-25.0,-14.71,-11.86,-19.26,-16.11,-51.11,-46.15,-50.0,-18.18,-44.83,5.56,-43.9,-32.32,-36.94,376,376,370,335,376,376,370,335,376,376,370,335,376,376,370,335,371,371,371,371,371,371,371,371,371,94.24,94.24,92.73,83.96,94.24,94.24,92.73,83.96,94.24,94.24,92.73,83.96,94.24,94.24,92.73,83.96,92.98,92.98,92.98,92.98,92.98,92.98,92.98,92.98,92.98,0.25,0.25,0.0,0.25,0.25,0.25,0.0,0.25,0.25,0.25,0.0,0.25,0.25,0.25,0.0,0.25,0.0,0.0,0.0,0.0,0.0,0.0,0.0,0.0,0.0,2024-2025,21234.0,45442.0,11686.0,78362.0
2025-04-26T00:00:00.000,CA,66010.0,58511.0,6930.0,50029.0,45012.0,4626.0,9933.0,6644.0,2901.0,6687.0,4742.0,1722.0,489.0,14.0,503.0,224.0,29.0,253.0,64.0,50.0,114.0,44.0,5.0,49.0,31.0,7.0,38.0,11.0,14.0,25.0,13.0,11.0,24.0,65.0,76.0,108.0,268.0,517.0,9.0,550.0,7.0,25.0,32.0,65.0,41.0,55.0,58.0,219.0,4.0,255.0,34.0,0.0,34.0,11.0,12.0,15.0,27.0,65.0,1.0,100.0,75.79,0.76,0.38,0.17,67.32,0.49,0.38,0.25,94.0,4.36,85.88,12.55,65.0,34.0,372,372,368,368,372,372,372,372,372,372,379,379,379,379,379,379,379,379,379,372,368,372,372,372,368,368,368,93.23,93.23,92.23,92.23,93.23,93.23,93.23,93.23,93.23,93.23,94.99,94.99,94.99,94.99,94.99,94.99,94.99,94.99,94.99,93.23,92.23,93.23,93.23,93.23,92.23,92.23,92.23,-1.0,-1.0,-0.75,-0.75,-1.0,-1.0,-1.0,-0.75,-0.75,-0.75,-0.5,-0.5,-0.5,-0.5,-0.5,-0.5,-0.5,-0.5,-0.5,-1.0,-0.75,-1.0,-1.0,-1.0,-0.75,-0.75,-0.75,0.62,0.17,0.28,0.38,1.07,2.95,10.11,1.7,1.42,0.33,0.39,0.38,0.38,0.58,1.5,2.19,0.72,0.66,1.62,0.0,0.4,0.06,0.17,0.41,1.02,0.21,0.26,1,1,1,1,1,1,76.93,66.75,71.37,59.36,0.84,0.2,0.66,0.17,0.38,0.42,0.47,0.24,0.11,0.72,0.17,0.48,9.74,9.0,35.71,15.02,13.84,24.14,21.93,17.19,28.0,0.0,37.5,14.29,12.07,0.0,1.89,-2.9,0.19,1.29,-72.0,-28.57,-46.67,-5.8,-24.07,-5.17,-44.23,-23.16,-27.97,54.55,-100.0,17.24,22.22,-25.0,-21.05,17.39,-2.99,1.01,372,372,367,332,372,372,367,332,372,372,367,332,372,372,367,332,366,366,366,366,366,366,366,366,366,93.23,93.23,91.98,83.21,93.23,93.23,91.98,83.21,93.23,93.23,91.98,83.21,93.23,93.23,91.98,83.21,91.73,91.73,91.73,91.73,91.73,91.73,91.73,91.73,91.73,-1.0,-1.0,-0.75,-0.75,-1.0,-1.0,-0.75,-0.75,-1.0,-1.0,-0.75,-0.75,-1.0,-1.0,-0.75,-0.75,-1.25,-1.25,-1.25,-1.25,-1.25,-1.25,-1.25,-1.25,-1.25,2024-2025,21784.0,45697.0,11786.0,79267.0
2025-05-03T00:00:00.000,CA,66388.0,59405.0,6384.0,47261.0,42534.0,4457.0,9744.0,6444.0,2931.0,6511.0,4625.0,1743.0,483.0,19.0,502.0,190.0,22.0,212.0,49.0,35.0,84.0,54.0,5.0,59.0,25.0,7.0,32.0,13.0,10.0,23.0,11.0,4.0,15.0,80.0,62.0,99.0,224.0,465.0,3.0,483.0,11.0,23.0,34.0,60.0,22.0,55.0,68.0,205.0,4.0,243.0,19.0,2.0,21.0,6.0,2.0,17.0,21.0,46.0,1.0,68.0,71.19,0.76,0.32,0.13,66.82,0.61,0.33,0.24,96.27,3.11,84.36,13.99,67.65,30.88,358,358,357,357,358,358,358,361,361,361,363,363,363,363,363,363,363,363,363,358,357,358,358,358,357,357,357,89.72,89.72,89.47,89.47,89.72,89.72,89.72,90.48,90.48,90.48,90.98,90.98,90.98,90.98,90.98,90.98,90.98,90.98,90.98,89.72,89.47,89.72,89.72,89.72,89.47,89.47,89.47,-3.51,-3.51,-2.76,-2.76,-3.51,-3.51,-3.51,-2.76,-2.76,-2.76,-4.01,-4.01,-4.01,-4.01,-4.01,-4.01,-4.01,-4.01,-4.01,-3.51,-2.76,-3.51,-3.51,-3.51,-2.76,-2.76,-2.76,0.52,0.06,0.18,0.47,0.87,2.7,8.45,1.53,1.24,0.52,0.36,0.4,0.35,0.31,1.5,2.57,0.67,0.63,0.91,0.03,0.25,0.04,0.03,0.46,0.79,0.15,0.18,1,1,1,1,1,1,71.6,69.82,71.77,59.47,0.81,0.3,0.84,0.17,0.32,0.34,0.39,0.24,0.08,0.55,0.2,0.34,11.75,11.18,26.32,15.09,13.16,31.82,27.38,26.53,28.57,-15.38,-63.64,-37.5,23.08,-18.42,-8.33,-16.42,-10.06,-12.18,57.14,-8.0,6.25,-7.69,-46.34,0.0,17.24,-6.39,-4.71,-44.12,,-38.24,-45.45,-83.33,13.33,-22.22,-29.23,-32.0,358,358,356,321,358,358,356,321,358,358,356,321,358,358,356,321,357,357,357,357,357,357,357,357,357,89.72,89.72,89.22,80.45,89.72,89.72,89.22,80.45,89.72,89.72,89.22,80.45,89.72,89.72,89.22,80.45,89.47,89.47,89.47,89.47,89.47,89.47,89.47,89.47,89.47,-3.51,-3.51,-2.76,-2.76,-3.51,-3.51,-2.76,-2.76,-3.51,-3.51,-2.76,-2.76,-3.51,-3.51,-2.76,-2.76,-2.26,-2.26,-2.26,-2.26,-2.26,-2.26,-2.26,-2.26,-2.26,2024-2025,22267.0,45940.0,11854.0,80061.0
2025-05-10T00:00:00.000,CA,68490.0,60496.0,7416.0,50256.0,44882.0,4862.0,10421.0,7105.0,2946.0,7022.0,4946.0,1855.0,453.0,23.0,476.0,151.0,27.0,178.0,28.0,27.0,55.0,46.0,8.0,54.0,26.0,9.0,35.0,7.0,6.0,13.0,21.0,7.0,28.0,73.0,80.0,87.0,239.0,479.0,5.0,512.0,22.0,14.0,36.0,42.0,25.0,32.0,44.0,143.0,3.0,182.0,9.0,1.0,10.0,2.0,8.0,8.0,15.0,33.0,3.0,46.0,73.38,0.69,0.26,0.08,67.38,0.52,0.34,0.12,93.55,5.47,78.57,19.78,71.74,21.74,376,376,368,368,376,376,376,372,372,372,380,379,380,380,380,380,380,380,380,376,368,376,376,376,368,368,368,94.24,94.24,92.23,92.23,94.24,94.24,94.24,93.23,93.23,93.23,95.24,94.99,95.24,95.24,95.24,95.24,95.24,95.24,95.24,94.24,92.23,94.24,94.24,94.24,92.23,92.23,92.23,4.51,4.51,2.76,2.76,4.51,4.51,4.51,2.76,2.76,2.76,4.26,4.01,4.26,4.26,4.26,4.26,4.26,4.26,4.26,4.51,2.76,4.51,4.51,4.51,2.76,2.76,2.76,1.0,0.11,0.33,0.43,1.12,2.38,9.02,1.58,1.32,1.05,0.22,0.43,0.25,0.35,0.87,1.66,0.47,0.47,0.43,0.02,0.12,0.01,0.11,0.22,0.57,0.11,0.12,1,1,1,1,1,1,74.19,65.56,69.61,62.97,0.75,0.31,0.65,0.27,0.25,0.36,0.37,0.31,0.05,0.36,0.1,0.2,11.34,10.15,34.78,19.66,17.22,33.33,23.64,25.0,22.22,90.91,75.0,86.67,-8.75,29.03,-12.12,6.7,3.01,6.0,100.0,-39.13,5.88,-30.0,13.64,-41.82,-35.29,-30.24,-25.1,-52.63,-50.0,-52.38,-66.67,300.0,-52.94,-28.57,-28.26,-32.35,376,376,367,332,376,376,367,333,376,376,367,333,376,376,367,333,369,369,369,369,369,369,369,369,369,94.24,94.24,91.98,83.21,94.24,94.24,91.98,83.46,94.24,94.24,91.98,83.46,94.24,94.24,91.98,83.46,92.48,92.48,92.48,92.48,92.48,92.48,92.48,92.48,92.48,4.51,4.51,2.76,2.76,4.51,4.51,2.76,3.01,4.51,4.51,2.76,3.01,4.51,4.51,2.76,3.01,3.01,3.01,3.01,3.01,3.01,3.01,3.01,3.01,3.01,2024-2025,22779.0,46122.0,11900.0,80801.0
2025-05-17T00:00:00.000,CA,68443.0,60789.0,7067.0,50454.0,45245.0,4800.0,10383.0,7068.0,2943.0,6958.0,4984.0,1753.0,432.0,21.0,453.0,125.0,25.0,150.0,37.0,23.0,60.0,46.0,3.0,49.0,19.0,8.0,27.0,7.0,5.0,12.0,24.0,11.0,35.0,83.0,68.0,99.0,223.0,473.0,6.0,514.0,15.0,20.0,35.0,32.0,14.0,30.0,59.0,135.0,3.0,173.0,11.0,0.0,11.0,4.0,4.0,5.0,12.0,25.0,2.0,38.0,73.72,0.66,0.22,0.09,67.01,0.47,0.26,0.12,92.02,6.81,78.03,20.23,65.79,28.95,374,374,367,367,374,374,374,371,371,371,377,378,378,378,378,378,378,378,378,374,367,374,374,374,367,367,367,93.73,93.73,91.98,91.98,93.73,93.73,93.73,92.98,92.98,92.98,94.49,94.74,94.74,94.74,94.74,94.74,94.74,94.74,94.74,93.73,91.98,93.73,93.73,93.73,91.98,91.98,91.98,-0.5,-0.5,-0.25,-0.25,-0.5,-0.5,-0.5,-0.25,-0.25,-0.25,-0.75,-0.25,-0.5,-0.5,-0.5,-0.5,-0.5,-0.5,-0.5,-0.5,-0.25,-0.5,-0.5,-0.5,-0.25,-0.25,-0.25,1.14,0.17,0.41,0.49,0.95,2.7,8.41,1.56,1.32,0.72,0.32,0.41,0.19,0.2,0.82,2.23,0.44,0.45,0.52,0.0,0.13,0.02,0.06,0.14,0.45,0.08,0.1,1,1,1,1,1,1,74.43,67.92,70.51,59.57,0.71,0.3,0.65,0.1,0.21,0.35,0.27,0.27,0.06,0.33,0.1,0.17,10.82,10.65,14.29,18.0,15.2,32.0,20.0,18.92,21.74,14.29,57.14,25.0,13.7,-15.0,13.79,-6.69,-1.25,0.39,-31.82,42.86,-2.78,-23.81,-44.0,-6.25,34.09,-5.59,-4.95,22.22,-100.0,10.0,100.0,-50.0,-37.5,-20.0,-24.24,-17.39,374,374,366,331,374,374,366,332,374,374,366,332,374,374,366,332,368,368,368,368,368,368,368,368,368,93.73,93.73,91.73,82.96,93.73,93.73,91.73,83.21,93.73,93.73,91.73,83.21,93.73,93.73,91.73,83.21,92.23,92.23,92.23,92.23,92.23,92.23,92.23,92.23,92.23,-0.5,-0.5,-0.25,-0.25,-0.5,-0.5,-0.25,-0.25,-0.5,-0.5,-0.25,-0.25,-0.5,-0.5,-0.25,-0.25,-0.25,-0.25,-0.25,-0.25,-0.25,-0.25,-0.25,-0.25,-0.25,2024-2025,23293.0,46295.0,11938.0,81526.0
2025-05-24T00:00:00.000,CA,65658.0,58173.0,6752.0,50315.0,44977.0,4844.0,10295.0,7006.0,2924.0,6953.0,4877.0,1846.0,470.0,29.0,499.0,126.0,20.0,146.0,24.0,22.0,46.0,51.0,6.0,57.0,24.0,6.0,30.0,5.0,7.0,12.0,21.0,7.0,28.0,79.0,79.0,103.0,298.0,559.0,8.0,595.0,11.0,19.0,30.0,33.0,30.0,31.0,59.0,153.0,3.0,186.0,11.0,3.0,14.0,2.0,1.0,6.0,8.0,17.0,2.0,33.0,76.63,0.76,0.22,0.07,67.54,0.55,0.29,0.12,93.95,4.71,82.26,16.13,51.52,42.42,372,372,369,369,372,372,372,373,373,373,378,377,378,378,378,378,378,378,378,372,369,372,372,372,369,369,369,93.23,93.23,92.48,92.48,93.23,93.23,93.23,93.48,93.48,93.48,94.74,94.49,94.74,94.74,94.74,94.74,94.74,94.74,94.74,93.23,92.48,93.23,93.23,93.23,92.48,92.48,92.48,-0.5,-0.5,0.5,0.5,-0.5,-0.5,-0.5,0.5,0.5,0.5,0.25,-0.25,0.0,0.0,0.0,0.0,0.0,0.0,0.0,-0.5,0.5,-0.5,-0.5,-0.5,0.5,0.5,0.5,1.0,0.11,0.33,0.47,1.11,2.81,11.24,1.84,1.53,0.52,0.3,0.36,0.19,0.42,0.85,2.23,0.5,0.48,0.52,0.05,0.17,0.01,0.01,0.16,0.3,0.06,0.08,1,1,1,1,1,1,77.32,71.74,69.61,63.13,0.81,0.43,0.73,0.21,0.22,0.3,0.34,0.21,0.04,0.33,0.07,0.24,11.42,10.85,20.69,20.55,19.05,30.0,26.09,20.83,31.82,-12.5,-36.36,-20.0,-4.82,16.18,4.04,33.63,18.18,15.76,-26.67,-5.0,-14.29,3.13,114.29,3.33,0.0,13.33,7.51,0.0,,27.27,-50.0,-75.0,20.0,-33.33,-32.0,-13.16,372,372,368,334,372,372,368,335,372,372,368,335,372,372,368,335,368,368,368,368,368,368,368,368,368,93.23,93.23,92.23,83.71,93.23,93.23,92.23,83.96,93.23,93.23,92.23,83.96,93.23,93.23,92.23,83.96,92.23,92.23,92.23,92.23,92.23,92.23,92.23,92.23,92.23,-0.5,-0.5,0.5,0.75,-0.5,-0.5,0.5,0.75,-0.5,-0.5,0.5,0.75,-0.5,-0.5,0.5,0.75,0.0,0.0,0.0,0.0,0.0,0.0,0.0,0.0,0.0,2024-2025,23888.0,46481.0,11971.0,82340.0
2025-05-31T00:00:00.000,CA,65897.0,58387.0,6782.0,49764.0,44591.0,4689.0,10175.0,6852.0,2950.0,6905.0,4834.0,1845.0,504.0,18.0,522.0,116.0,13.0,129.0,22.0,18.0,40.0,60.0,5.0,65.0,17.0,5.0,22.0,2.0,5.0,7.0,41.0,7.0,48.0,86.0,83.0,115.0,286.0,570.0,7.0,625.0,19.0,22.0,41.0,37.0,26.0,24.0,64.0,151.0,1.0,193.0,7.0,1.0,8.0,1.0,5.0,2.0,7.0,15.0,1.0,24.0,75.52,0.79,0.2,0.06,67.86,0.64,0.22,0.07,91.2,7.68,78.24,21.24,62.5,33.33,375,375,368,368,375,375,375,372,372,372,379,379,379,379,379,379,379,379,379,375,368,375,375,375,368,368,368,93.98,93.98,92.23,92.23,93.98,93.98,93.98,93.23,93.23,93.23,94.99,94.99,94.99,94.99,94.99,94.99,94.99,94.99,94.99,93.98,92.23,93.98,93.98,93.98,92.23,92.23,92.23,0.75,0.75,-0.25,-0.25,0.75,0.75,0.75,-0.25,-0.25,-0.25,0.25,0.5,0.25,0.25,0.25,0.25,0.25,0.25,0.25,0.75,-0.25,0.75,0.75,0.75,-0.25,-0.25,-0.25,1.95,0.11,0.57,0.51,1.17,3.14,10.79,1.88,1.61,0.91,0.35,0.49,0.22,0.37,0.66,2.41,0.5,0.5,0.33,0.02,0.09,0.01,0.07,0.05,0.26,0.05,0.06,1,1,1,1,1,1,76.37,69.14,70.55,62.54,0.86,0.27,0.88,0.17,0.2,0.19,0.25,0.17,0.04,0.27,0.03,0.17,12.45,11.9,27.78,17.05,14.66,38.46,17.5,9.09,27.78,95.24,0.0,71.43,8.86,5.06,11.65,-4.03,1.97,5.04,72.73,15.79,36.67,12.12,-13.33,-22.58,8.47,-1.31,3.76,-36.36,-66.67,-42.86,-50.0,400.0,-66.67,-12.5,-11.76,-27.27,375,375,367,333,375,375,367,334,375,375,367,334,375,375,367,334,369,369,369,369,369,369,369,369,369,93.98,93.98,91.98,83.46,93.98,93.98,91.98,83.71,93.98,93.98,91.98,83.71,93.98,93.98,91.98,83.71,92.48,92.48,92.48,92.48,92.48,92.48,92.48,92.48,92.48,0.75,0.75,-0.25,-0.25,0.75,0.75,-0.25,-0.25,0.75,0.75,-0.25,-0.25,0.75,0.75,-0.25,-0.25,0.25,0.25,0.25,0.25,0.25,0.25,0.25,0.25,0.25,2024-2025,24513.0,46674.0,11995.0,83182.0
2025-06-07T00:00:00.000,CA,65122.0,57752.0,6792.0,49372.0,44238.0,4710.0,10179.0,6835.0,2974.0,6909.0,4835.0,1859.0,511.0,20.0,531.0,113.0,19.0,132.0,14.0,15.0,29.0,49.0,8.0,57.0,13.0,7.0,20.0,2.0,5.0,7.0,18.0,11.0,29.0,81.0,88.0,129.0,286.0,584.0,10.0,623.0,12.0,15.0,27.0,30.0,22.0,31.0,37.0,120.0,2.0,149.0,3.0,0.0,3.0,0.0,3.0,8.0,6.0,17.0,0.0,20.0,75.81,0.82,0.2,0.04,67.88,0.56,0.2,0.07,93.74,4.65,80.54,18.12,85.0,15.0,372,372,367,367,372,372,372,371,371,371,378,378,378,378,378,378,378,378,378,372,367,372,372,372,367,367,367,93.23,93.23,91.98,91.98,93.23,93.23,93.23,92.98,92.98,92.98,94.74,94.74,94.74,94.74,94.74,94.74,94.74,94.74,94.74,93.23,91.98,93.23,93.23,93.23,91.98,91.98,91.98,-0.75,-0.75,-0.25,-0.25,-0.75,-0.75,-0.75,-0.25,-0.25,-0.25,-0.25,-0.25,-0.25,-0.25,-0.25,-0.25,-0.25,-0.25,-0.25,-0.75,-0.25,-0.75,-0.75,-0.75,-0.25,-0.25,-0.25,0.86,0.17,0.34,0.48,1.24,3.52,10.79,1.92,1.6,0.57,0.24,0.32,0.18,0.31,0.85,1.4,0.39,0.38,0.14,0.0,0.04,0.0,0.04,0.22,0.23,0.06,0.05,1,1,1,1,1,1,76.6,69.35,70.74,62.51,0.88,0.29,0.72,0.27,0.2,0.28,0.19,0.24,0.02,0.22,0.03,0.17,10.73,9.59,40.0,15.15,11.5,36.84,24.14,14.29,33.33,-56.1,57.14,-39.58,-5.81,6.02,12.17,0.0,2.46,-0.32,-36.84,-31.82,-34.15,-18.92,-15.38,29.17,-42.19,-20.53,-22.8,-57.14,-100.0,-62.5,-100.0,-40.0,300.0,-14.29,13.33,-16.67,372,372,366,332,372,372,366,333,372,372,366,333,372,372,366,333,367,367,367,367,367,367,367,367,367,93.23,93.23,91.73,83.21,93.23,93.23,91.73,83.46,93.23,93.23,91.73,83.46,93.23,93.23,91.73,83.46,91.98,91.98,91.98,91.98,91.98,91.98,91.98,91.98,91.98,-0.75,-0.75,-0.25,-0.25,-0.75,-0.75,-0.25,-0.25,-0.75,-0.75,-0.25,-0.25,-0.75,-0.75,-0.25,-0.25,-0.5,-0.5,-0.5,-0.5,-0.5,-0.5,-0.5,-0.5,-0.5,2024-2025,25136.0,46823.0,12015.0,83974.0
2025-06-14T00:00:00.000,CA,65388.0,57957.0,6831.0,49618.0,44358.0,4834.0,10139.0,6795.0,2973.0,6838.0,4729.0,1906.0,446.0,18.0,464.0,107.0,16.0,123.0,14.0,16.0,30.0,66.0,7.0,73.0,16.0,5.0,21.0,2.0,5.0,7.0,16.0,6.0,22.0,82.0,72.0,103.0,270.0,527.0,3.0,552.0,13.0,15.0,28.0,26.0,43.0,24.0,36.0,129.0,1.0,158.0,6.0,0.0,6.0,2.0,1.0,4.0,3.0,10.0,0.0,16.0,75.88,0.71,0.19,0.05,67.44,0.72,0.21,0.07,95.47,3.99,81.65,17.72,62.5,37.5,373,373,367,367,373,373,373,371,371,371,378,378,378,378,378,378,378,378,378,373,367,373,373,373,367,367,367,93.48,93.48,91.98,91.98,93.48,93.48,93.48,92.98,92.98,92.98,94.74,94.74,94.74,94.74,94.74,94.74,94.74,94.74,94.74,93.48,91.98,93.48,93.48,93.48,91.98,91.98,91.98,0.25,0.25,0.0,0.0,0.25,0.25,0.25,0.0,0.0,0.0,0.0,0.0,0.0,0.0,0.0,0.0,0.0,0.0,0.0,0.25,0.0,0.25,0.25,0.25,0.0,0.0,0.0,0.76,0.09,0.26,0.48,1.01,2.81,10.18,1.73,1.42,0.62,0.24,0.33,0.15,0.6,0.66,1.36,0.42,0.41,0.29,0.0,0.07,0.01,0.01,0.11,0.11,0.03,0.04,1,1,1,1,1,1,76.54,70.77,69.6,64.11,0.77,0.26,0.97,0.24,0.18,0.23,0.24,0.17,0.02,0.23,0.03,0.17,15.73,14.8,38.89,17.07,14.95,31.25,23.33,14.29,31.25,-11.11,-45.45,-24.14,1.23,-18.18,-20.16,-5.59,-9.76,-11.4,8.33,0.0,3.7,-13.33,95.45,-22.58,-2.7,7.5,6.04,100.0,,100.0,,-66.67,-50.0,-50.0,-41.18,-20.0,373,373,366,331,373,373,366,332,373,373,366,332,373,373,366,332,368,368,368,368,368,368,368,368,368,93.48,93.48,91.73,82.96,93.48,93.48,91.73,83.21,93.48,93.48,91.73,83.21,93.48,93.48,91.73,83.21,92.23,92.23,92.23,92.23,92.23,92.23,92.23,92.23,92.23,0.25,0.25,0.0,-0.25,0.25,0.25,0.0,-0.25,0.25,0.25,0.0,-0.25,0.25,0.25,0.0,-0.25,0.25,0.25,0.25,0.25,0.25,0.25,0.25,0.25,0.25,2024-2025,25688.0,46981.0,12031.0,84700.0
2025-06-21T00:00:00.000,CA,65026.0,57727.0,6721.0,49377.0,44213.0,4727.0,10153.0,6846.0,2924.0,6969.0,4861.0,1871.0,461.0,87.0,548.0,94.0,16.0,110.0,19.0,17.0,36.0,63.0,11.0,74.0,15.0,5.0,20.0,2.0,7.0,9.0,19.0,9.0,28.0,93.0,81.0,101.0,274.0,549.0,3.0,580.0,10.0,11.0,21.0,21.0,15.0,25.0,41.0,102.0,1.0,124.0,3.0,0.0,3.0,2.0,0.0,1.0,3.0,6.0,0.0,9.0,75.93,0.84,0.17,0.06,68.64,0.73,0.2,0.09,94.66,4.83,82.26,16.94,66.67,33.33,371,371,368,368,371,371,371,372,372,372,377,377,377,377,377,377,377,377,377,371,368,371,371,371,368,368,368,92.98,92.98,92.23,92.23,92.98,92.98,92.98,93.23,93.23,93.23,94.49,94.49,94.49,94.49,94.49,94.49,94.49,94.49,94.49,92.98,92.23,92.98,92.98,92.98,92.23,92.23,92.23,-0.5,-0.5,0.25,0.25,-0.5,-0.5,-0.5,0.25,0.25,0.25,-0.25,-0.25,-0.25,-0.25,-0.25,-0.25,-0.25,-0.25,-0.25,-0.5,0.25,-0.5,-0.5,-0.5,0.25,0.25,0.25,0.91,0.14,0.33,0.55,1.14,2.76,10.34,1.81,1.49,0.48,0.17,0.25,0.12,0.21,0.68,1.55,0.34,0.32,0.14,0.0,0.04,0.01,0.0,0.03,0.11,0.02,0.02,1,1,1,1,1,1,76.59,70.33,71.0,63.99,0.8,1.29,0.92,0.38,0.16,0.24,0.22,0.17,0.03,0.25,0.03,0.24,13.5,13.67,12.64,18.18,15.96,31.25,25.0,10.53,41.18,18.75,50.0,27.27,13.41,12.5,-1.94,1.48,4.17,5.07,-23.08,-26.67,-25.0,-19.23,-65.12,4.17,13.89,-20.93,-21.52,-50.0,,-50.0,0.0,-100.0,-75.0,0.0,-40.0,-43.75,371,371,367,332,371,371,367,333,371,371,367,333,371,371,367,333,367,367,367,367,367,367,367,367,367,92.98,92.98,91.98,83.21,92.98,92.98,91.98,83.46,92.98,92.98,91.98,83.46,92.98,92.98,91.98,83.46,91.98,91.98,91.98,91.98,91.98,91.98,91.98,91.98,91.98,-0.5,-0.5,0.25,0.25,-0.5,-0.5,0.25,0.25,-0.5,-0.5,0.25,0.25,-0.5,-0.5,0.25,0.25,-0.25,-0.25,-0.25,-0.25,-0.25,-0.25,-0.25,-0.25,-0.25,2024-2025,26268.0,47105.0,12040.0,85413.0
2025-06-28T00:00:00.000,CA,65273.0,57813.0,6823.0,49005.0,43837.0,4712.0,10102.0,6759.0,2981.0,6794.0,4685.0,1887.0,460.0,23.0,483.0,111.0,11.0,122.0,15.0,10.0,25.0,63.0,6.0,69.0,22.0,6.0,28.0,2.0,2.0,4.0,20.0,7.0,27.0,73.0,91.0,121.0,268.0,553.0,8.0,588.0,7.0,7.0,14.0,17.0,14.0,16.0,36.0,83.0,1.0,98.0,3.0,0.0,3.0,0.0,1.0,1.0,1.0,3.0,0.0,6.0,75.08,0.74,0.19,0.04,67.25,0.68,0.28,0.04,94.05,4.59,84.69,14.29,50.0,50.0,377,377,369,369,377,377,377,373,373,373,378,378,378,378,378,378,378,378,378,377,369,377,377,377,369,369,369,94.49,94.49,92.48,92.48,94.49,94.49,94.49,93.48,93.48,93.48,94.74,94.74,94.74,94.74,94.74,94.74,94.74,94.74,94.74,94.49,92.48,94.49,94.49,94.49,92.48,92.48,92.48,1.5,1.5,0.25,0.25,1.5,1.5,1.5,0.25,0.25,0.25,0.25,0.25,0.25,0.25,0.25,0.25,0.25,0.25,0.25,1.5,0.25,1.5,1.5,1.5,0.25,0.25,0.25,0.95,0.11,0.32,0.43,1.28,3.31,10.11,1.82,1.51,0.33,0.11,0.17,0.1,0.2,0.44,1.36,0.27,0.25,0.14,0.0,0.04,0.0,0.01,0.03,0.04,0.01,0.02,1,1,1,1,1,1,75.83,69.06,69.31,63.3,0.8,0.34,0.93,0.2,0.19,0.16,0.33,0.2,0.03,0.15,0.03,0.07,14.29,13.7,26.09,22.95,19.82,54.55,16.0,13.33,20.0,5.26,-22.22,-3.57,-21.51,12.35,19.8,-2.19,0.73,1.38,-30.0,-36.36,-33.33,-19.05,-6.67,-36.0,-12.2,-18.63,-20.97,0.0,,0.0,-100.0,,0.0,-66.67,-50.0,-33.33,377,377,368,335,377,377,368,336,377,377,368,336,377,377,368,336,372,372,372,372,372,372,372,372,372,94.49,94.49,92.23,83.96,94.49,94.49,92.23,84.21,94.49,94.49,92.23,84.21,94.49,94.49,92.23,84.21,93.23,93.23,93.23,93.23,93.23,93.23,93.23,93.23,93.23,1.5,1.5,0.25,0.75,1.5,1.5,0.25,0.75,1.5,1.5,0.25,0.75,1.5,1.5,0.25,0.75,1.25,1.25,1.25,1.25,1.25,1.25,1.25,1.25,1.25,2024-2025,26856.0,47203.0,12046.0,86105.0
2025-07-05T00:00:00.000,CA,65413.0,57971.0,6857.0,48906.0,43686.0,4752.0,10520.0,6866.0,3289.0,6855.0,4693.0,2015.0,493.0,28.0,521.0,84.0,7.0,91.0,14.0,6.0,20.0,76.0,10.0,86.0,12.0,3.0,15.0,1.0,3.0,4.0,12.0,10.0,22.0,104.0,86.0,113.0,304.0,607.0,2.0,631.0,2.0,5.0,7.0,14.0,14.0,22.0,29.0,79.0,0.0,86.0,4.0,1.0,5.0,0.0,4.0,1.0,2.0,7.0,0.0,12.0,74.76,0.8,0.14,0.03,65.16,0.82,0.14,0.04,96.2,3.49,91.86,8.14,58.33,41.67,377,377,373,373,377,377,377,377,377,377,376,376,377,377,377,377,377,377,377,377,373,377,377,377,373,373,373,94.49,94.49,93.48,93.48,94.49,94.49,94.49,94.49,94.49,94.49,94.24,94.24,94.49,94.49,94.49,94.49,94.49,94.49,94.49,94.49,93.48,94.49,94.49,94.49,93.48,93.48,93.48,0.0,0.0,1.0,1.0,0.0,0.0,0.0,1.0,1.0,1.0,-0.5,-0.5,-0.25,-0.25,-0.25,-0.25,-0.25,-0.25,-0.25,0.0,1.0,0.0,0.0,0.0,1.0,1.0,1.0,0.57,0.16,0.26,0.61,1.21,3.09,11.47,2.0,1.63,0.1,0.08,0.08,0.08,0.2,0.6,1.09,0.26,0.22,0.19,0.02,0.06,0.0,0.06,0.03,0.08,0.02,0.03,1,1,1,1,1,1,75.36,69.3,68.35,61.26,0.85,0.41,1.11,0.3,0.14,0.1,0.17,0.09,0.02,0.09,0.01,0.09,16.51,15.42,35.71,16.48,14.29,42.86,20.0,7.14,50.0,-40.0,42.86,-18.52,42.47,-5.49,-6.61,13.43,9.76,7.31,-71.43,-28.57,-50.0,-17.65,0.0,37.5,-19.44,-4.82,-12.24,33.33,,66.67,,300.0,0.0,100.0,133.33,100.0,377,377,372,338,377,376,372,339,377,377,372,339,377,377,372,339,377,377,376,377,377,377,377,377,377,94.49,94.49,93.23,84.71,94.49,94.24,93.23,84.96,94.49,94.49,93.23,84.96,94.49,94.49,93.23,84.96,94.49,94.49,94.24,94.49,94.49,94.49,94.49,94.49,94.49,0.0,0.0,1.0,0.75,0.0,-0.25,1.0,0.75,0.0,0.0,1.0,0.75,0.0,0.0,1.0,0.75,1.25,1.25,1.0,1.25,1.25,1.25,1.25,1.25,1.25,2024-2025,27487.0,47289.0,12058.0,86834.0
2025-07-12T00:00:00.000,CA,65643.0,58163.0,6906.0,49342.0,44219.0,4671.0,10516.0,6859.0,3304.0,6948.0,4800.0,2019.0,489.0,29.0,518.0,66.0,11.0,77.0,8.0,3.0,11.0,61.0,5.0,66.0,4.0,2.0,6.0,0.0,0.0,0.0,20.0,12.0,32.0,112.0,101.0,126.0,308.0,647.0,7.0,686.0,9.0,3.0,12.0,21.0,15.0,21.0,35.0,92.0,1.0,105.0,3.0,0.0,3.0,1.0,0.0,3.0,3.0,7.0,0.0,10.0,75.17,0.79,0.12,0.02,66.07,0.63,0.06,0.0,94.31,4.66,87.62,11.43,70.0,30.0,378,378,374,374,378,378,378,378,378,378,378,378,378,378,378,378,378,378,378,378,374,378,378,378,374,374,374,94.74,94.74,93.73,93.73,94.74,94.74,94.74,94.74,94.74,94.74,94.74,94.74,94.74,94.74,94.74,94.74,94.74,94.74,94.74,94.74,93.73,94.74,94.74,94.74,93.73,93.73,93.73,0.25,0.25,0.25,0.25,0.25,0.25,0.25,0.25,0.25,0.25,0.5,0.5,0.25,0.25,0.25,0.25,0.25,0.25,0.25,0.25,0.25,0.25,0.25,0.25,0.25,0.25,0.25,0.95,0.19,0.38,0.66,1.42,3.44,11.62,2.13,1.77,0.43,0.05,0.14,0.12,0.21,0.57,1.32,0.3,0.27,0.14,0.0,0.04,0.01,0.0,0.08,0.11,0.02,0.03,1,1,1,1,1,1,76.03,67.64,69.98,61.11,0.84,0.42,0.89,0.15,0.11,0.16,0.06,0.06,0.01,0.04,0.0,0.0,12.74,12.47,17.24,7.79,6.06,18.18,0.0,0.0,0.0,66.67,20.0,45.45,7.69,17.44,11.5,1.32,6.59,8.72,350.0,-40.0,71.43,50.0,7.14,-4.55,20.69,16.46,22.09,-25.0,-100.0,-40.0,,-100.0,200.0,50.0,0.0,-16.67,378,378,373,340,378,378,373,341,378,378,373,341,378,378,373,341,378,378,378,378,378,378,378,378,378,94.74,94.74,93.48,85.21,94.74,94.74,93.48,85.46,94.74,94.74,93.48,85.46,94.74,94.74,93.48,85.46,94.74,94.74,94.74,94.74,94.74,94.74,94.74,94.74,94.74,0.25,0.25,0.25,0.5,0.25,0.5,0.25,0.5,0.25,0.25,0.25,0.5,0.25,0.25,0.25,0.5,0.25,0.25,0.5,0.25,0.25,0.25,0.25,0.25,0.25,2024-2025,28173.0,47394.0,12068.0,87635.0
2025-07-19T00:00:00.000,CA,65481.0,58013.0,6895.0,49702.0,44356.0,4814.0,10474.0,6823.0,3299.0,6900.0,4729.0,2040.0,557.0,33.0,590.0,62.0,7.0,69.0,7.0,7.0,14.0,65.0,10.0,75.0,10.0,1.0,11.0,1.0,2.0,3.0,29.0,8.0,37.0,125.0,114.0,121.0,335.0,695.0,14.0,746.0,11.0,2.0,13.0,10.0,14.0,14.0,20.0,58.0,2.0,73.0,1.0,1.0,2.0,2.0,0.0,0.0,0.0,2.0,0.0,4.0,75.9,0.9,0.11,0.02,65.88,0.72,0.11,0.03,93.16,4.96,79.45,17.81,50.0,50.0,377,377,372,372,377,377,377,377,377,377,377,377,377,377,377,377,377,377,377,377,372,377,377,377,372,372,372,94.49,94.49,93.23,93.23,94.49,94.49,94.49,94.49,94.49,94.49,94.49,94.49,94.49,94.49,94.49,94.49,94.49,94.49,94.49,94.49,93.23,94.49,94.49,94.49,93.23,93.23,93.23,-0.25,-0.25,-0.5,-0.5,-0.25,-0.25,-0.25,-0.25,-0.25,-0.25,-0.25,-0.25,-0.25,-0.25,-0.25,-0.25,-0.25,-0.25,-0.25,-0.25,-0.5,-0.25,-0.25,-0.25,-0.5,-0.5,-0.5,1.38,0.13,0.44,0.74,1.6,3.31,12.64,2.29,1.92,0.52,0.03,0.15,0.06,0.2,0.38,0.75,0.19,0.19,0.05,0.02,0.02,0.01,0.0,0.0,0.0,0.01,0.01,1,1,1,1,1,1,76.46,69.82,69.31,61.84,0.96,0.48,0.95,0.3,0.11,0.1,0.15,0.03,0.01,0.1,0.01,0.06,12.71,11.67,30.3,15.94,16.13,14.29,21.43,14.29,28.57,45.0,-33.33,15.63,11.61,12.87,-3.97,8.77,7.42,8.75,22.22,-33.33,8.33,-52.38,-6.67,-33.33,-42.86,-36.96,-30.48,-66.67,,-33.33,100.0,,-100.0,-100.0,-71.43,-60.0,377,377,371,339,377,377,371,340,377,377,371,340,377,377,371,340,377,377,377,377,377,377,377,377,377,94.49,94.49,92.98,84.96,94.49,94.49,92.98,85.21,94.49,94.49,92.98,85.21,94.49,94.49,92.98,85.21,94.49,94.49,94.49,94.49,94.49,94.49,94.49,94.49,94.49,-0.25,-0.25,-0.5,-0.25,-0.25,-0.25,-0.5,-0.25,-0.25,-0.25,-0.5,-0.25,-0.25,-0.25,-0.5,-0.25,-0.25,-0.25,-0.25,-0.25,-0.25,-0.25,-0.25,-0.25,-0.25,2024-2025,28919.0,47467.0,12072.0,88458.0
2025-07-26T00:00:00.000,CA,65388.0,57940.0,6895.0,49050.0,43802.0,4760.0,10475.0,6826.0,3298.0,6876.0,4693.0,2046.0,574.0,27.0,601.0,70.0,5.0,75.0,9.0,4.0,13.0,49.0,9.0,58.0,7.0,1.0,8.0,0.0,1.0,1.0,34.0,14.0,48.0,82.0,114.0,160.0,353.0,709.0,0.0,757.0,1.0,3.0,4.0,12.0,14.0,13.0,24.0,63.0,0.0,67.0,2.0,0.0,2.0,2.0,6.0,4.0,6.0,18.0,0.0,20.0,75.01,0.92,0.11,0.02,65.64,0.55,0.08,0.01,93.66,6.34,94.03,5.97,90.0,10.0,377,377,372,372,377,377,377,377,377,377,377,377,377,377,377,377,377,376,377,377,372,377,377,377,372,372,372,94.49,94.49,93.23,93.23,94.49,94.49,94.49,94.49,94.49,94.49,94.49,94.49,94.49,94.49,94.49,94.49,94.49,94.24,94.49,94.49,93.23,94.49,94.49,94.49,93.23,93.23,93.23,0.0,0.0,0.0,0.0,0.0,0.0,0.0,0.0,0.0,0.0,0.0,0.0,0.0,0.0,0.0,0.0,0.0,-0.25,0.0,0.0,0.0,0.0,0.0,0.0,0.0,0.0,0.0,1.62,0.22,0.57,0.48,1.6,4.37,13.32,2.33,1.95,0.05,0.05,0.05,0.07,0.2,0.36,0.91,0.21,0.17,0.1,0.0,0.02,0.01,0.08,0.11,0.23,0.06,0.05,1,1,1,1,1,1,75.6,69.04,68.75,62.04,0.99,0.39,0.72,0.27,0.12,0.07,0.1,0.03,0.02,0.06,0.0,0.03,9.65,8.54,33.33,10.67,10.0,20.0,7.69,0.0,25.0,17.24,75.0,29.73,-34.4,0.0,32.23,5.37,2.01,1.47,-90.91,50.0,-69.23,20.0,0.0,-7.14,20.0,8.62,-8.22,100.0,-100.0,0.0,0.0,,,,800.0,400.0,377,377,371,338,377,377,371,339,377,377,371,339,377,377,371,339,377,377,377,377,377,377,377,377,377,94.49,94.49,92.98,84.71,94.49,94.49,92.98,84.96,94.49,94.49,92.98,84.96,94.49,94.49,92.98,84.96,94.49,94.49,94.49,94.49,94.49,94.49,94.49,94.49,94.49,0.0,0.0,0.0,-0.25,0.0,0.0,0.0,-0.25,0.0,0.0,0.0,-0.25,0.0,0.0,0.0,-0.25,0.0,0.0,0.0,0.0,0.0,0.0,0.0,0.0,0.0,2024-2025,29676.0,47534.0,12092.0,89302.0
2025-08-02T00:00:00.000,CA,65682.0,57926.0,6907.0,49205.0,43761.0,4749.0,10481.0,6812.0,3294.0,6869.0,4718.0,2005.0,657.0,29.0,686.0,59.0,3.0,62.0,5.0,6.0,11.0,63.0,11.0,74.0,9.0,2.0,11.0,0.0,3.0,3.0,26.0,13.0,39.0,169.0,143.0,162.0,428.0,902.0,3.0,944.0,3.0,3.0,6.0,8.0,14.0,16.0,27.0,65.0,0.0,71.0,4.0,0.0,4.0,1.0,2.0,0.0,3.0,6.0,0.0,10.0,74.91,1.04,0.09,0.02,65.54,0.71,0.1,0.03,95.55,4.13,91.55,8.45,60.0,40.0,377,377,372,372,377,377,377,377,377,377,377,377,377,377,376,377,377,377,377,377,372,377,377,377,372,372,372,94.49,94.49,93.23,93.23,94.49,94.49,94.49,94.49,94.49,94.49,94.49,94.49,94.49,94.49,94.24,94.49,94.49,94.49,94.49,94.49,93.23,94.49,94.49,94.49,93.23,93.23,93.23,0.0,0.0,0.0,0.0,0.0,0.0,0.0,0.0,0.0,0.0,0.0,0.0,0.0,0.0,-0.25,0.0,0.0,0.25,0.0,0.0,0.0,0.0,0.0,0.0,0.0,0.0,0.0,1.24,0.2,0.46,1.0,2.01,4.43,16.15,2.97,2.43,0.14,0.05,0.07,0.05,0.2,0.44,1.02,0.21,0.18,0.19,0.0,0.05,0.01,0.03,0.0,0.11,0.02,0.03,1,1,1,1,1,1,75.55,68.76,69.26,60.87,1.13,0.42,0.92,0.33,0.1,0.04,0.13,0.06,0.01,0.09,0.0,0.09,10.79,9.59,37.93,17.74,15.25,66.67,27.27,0.0,50.0,-23.53,-7.14,-18.75,106.1,25.44,1.25,21.25,27.22,24.7,200.0,0.0,50.0,-33.33,0.0,23.08,12.5,3.17,5.97,100.0,,100.0,-50.0,-66.67,-100.0,-50.0,-66.67,-50.0,377,377,371,338,377,377,371,339,377,377,371,339,377,377,371,339,377,377,377,377,377,377,377,377,377,94.49,94.49,92.98,84.71,94.49,94.49,92.98,84.96,94.49,94.49,92.98,84.96,94.49,94.49,92.98,84.96,94.49,94.49,94.49,94.49,94.49,94.49,94.49,94.49,94.49,0.0,0.0,0.0,0.0,0.0,0.0,0.0,0.0,0.0,0.0,0.0,0.0,0.0,0.0,0.0,0.0,0.0,0.0,0.0,0.0,0.0,0.0,0.0,0.0,0.0,2024-2025,30620.0,47605.0,12102.0,90327.0
2025-08-09T00:00:00.000,CA,65858.0,58446.0,6846.0,49428.0,44333.0,4661.0,10587.0,6953.0,3284.0,6889.0,4777.0,1972.0,735.0,33.0,768.0,68.0,3.0,71.0,5.0,7.0,12.0,95.0,8.0,103.0,10.0,3.0,13.0,0.0,3.0,3.0,46.0,13.0,59.0,197.0,149.0,190.0,463.0,999.0,5.0,1063.0,6.0,0.0,6.0,5.0,14.0,18.0,23.0,60.0,0.0,66.0,5.0,0.0,5.0,1.0,1.0,1.0,2.0,5.0,0.0,10.0,75.05,1.17,0.11,0.02,65.07,0.97,0.12,0.03,93.98,5.55,90.91,9.09,50.0,50.0,383,383,378,378,383,383,383,383,383,383,383,382,383,383,383,383,383,383,383,383,378,383,383,383,378,378,378,95.99,95.99,94.74,94.74,95.99,95.99,95.99,95.99,95.99,95.99,95.99,95.74,95.99,95.99,95.99,95.99,95.99,95.99,95.99,95.99,94.74,95.99,95.99,95.99,94.74,94.74,94.74,1.5,1.5,1.5,1.5,1.5,1.5,1.5,1.5,1.5,1.5,1.5,1.25,1.5,1.5,1.75,1.5,1.5,1.5,1.5,1.5,1.5,1.5,1.5,1.5,1.5,1.5,1.5,2.19,0.2,0.7,1.16,2.09,5.19,17.47,3.29,2.74,0.29,0.0,0.07,0.03,0.2,0.49,0.87,0.2,0.17,0.24,0.0,0.06,0.01,0.01,0.03,0.08,0.02,0.03,1,1,1,1,1,1,75.85,68.08,68.7,60.05,1.26,0.48,1.37,0.24,0.12,0.04,0.14,0.09,0.01,0.1,0.0,0.09,13.41,12.93,24.24,18.31,14.71,100.0,25.0,0.0,42.86,76.92,0.0,51.28,16.57,4.2,17.28,8.18,10.75,12.61,100.0,-100.0,0.0,-37.5,0.0,12.5,-14.81,-7.69,-7.04,25.0,,25.0,0.0,-50.0,,-33.33,-16.67,0.0,383,383,377,344,383,383,377,344,383,383,377,344,383,383,377,344,383,383,383,383,383,383,383,383,383,95.99,95.99,94.49,86.22,95.99,95.99,94.49,86.22,95.99,95.99,94.49,86.22,95.99,95.99,94.49,86.22,95.99,95.99,95.99,95.99,95.99,95.99,95.99,95.99,95.99,1.5,1.5,1.5,1.5,1.5,1.5,1.5,1.25,1.5,1.5,1.5,1.25,1.5,1.5,1.5,1.25,1.5,1.5,1.5,1.5,1.5,1.5,1.5,1.5,1.5,2024-2025,31683.0,47671.0,12112.0,91466.0
2025-08-16T00:00:00.000,CA,66040.0,58681.0,6802.0,49826.0,44656.0,4702.0,10605.0,6987.0,3274.0,7024.0,4878.0,2006.0,872.0,52.0,924.0,67.0,3.0,70.0,7.0,4.0,11.0,86.0,17.0,103.0,6.0,1.0,7.0,0.0,2.0,2.0,78.0,26.0,104.0,196.0,170.0,215.0,530.0,1111.0,5.0,1220.0,3.0,3.0,6.0,6.0,13.0,11.0,37.0,67.0,1.0,74.0,2.0,1.0,3.0,0.0,1.0,4.0,2.0,7.0,0.0,10.0,75.45,1.4,0.11,0.02,66.23,0.97,0.07,0.02,91.07,8.52,90.54,8.11,70.0,30.0,384,384,379,379,384,384,384,384,384,384,384,384,384,384,384,384,384,384,384,384,379,384,384,384,379,379,379,96.24,96.24,94.99,94.99,96.24,96.24,96.24,96.24,96.24,96.24,96.24,96.24,96.24,96.24,96.24,96.24,96.24,96.24,96.24,96.24,94.99,96.24,96.24,96.24,94.99,94.99,94.99,0.25,0.25,0.25,0.25,0.25,0.25,0.25,0.25,0.25,0.25,0.25,0.5,0.25,0.25,0.25,0.25,0.25,0.25,0.25,0.25,0.25,0.25,0.25,0.25,0.25,0.25,0.25,3.72,0.41,1.23,1.16,2.39,5.87,19.99,3.66,3.14,0.14,0.05,0.07,0.04,0.18,0.3,1.4,0.22,0.19,0.1,0.02,0.04,0.0,0.01,0.11,0.08,0.02,0.03,1,1,1,1,1,1,76.1,69.13,69.82,61.27,1.49,0.76,1.23,0.52,0.11,0.04,0.09,0.03,0.01,0.06,0.0,0.06,11.15,9.86,32.69,10.0,8.96,33.33,18.18,0.0,50.0,69.57,100.0,76.27,-0.51,14.09,13.16,14.47,11.21,14.77,-50.0,,0.0,20.0,-7.14,-38.89,60.87,11.67,12.12,-60.0,,-40.0,-100.0,0.0,300.0,0.0,40.0,0.0,384,384,378,345,384,384,378,345,384,384,378,345,384,384,378,345,384,384,384,384,384,384,384,384,384,96.24,96.24,94.74,86.47,96.24,96.24,94.74,86.47,96.24,96.24,94.74,86.47,96.24,96.24,94.74,86.47,96.24,96.24,96.24,96.24,96.24,96.24,96.24,96.24,96.24,0.25,0.25,0.25,0.25,0.25,0.25,0.25,0.25,0.25,0.25,0.25,0.25,0.25,0.25,0.25,0.25,0.25,0.25,0.25,0.25,0.25,0.25,0.25,0.25,0.25,2024-2025,32903.0,47745.0,12122.0,92770.0
2025-08-23T00:00:00.000,CA,65925.0,58467.0,6880.0,49654.0,44426.0,4750.0,10573.0,7016.0,3239.0,7037.0,4947.0,1990.0,1004.0,57.0,1061.0,66.0,4.0,70.0,9.0,8.0,17.0,106.0,12.0,118.0,18.0,2.0,20.0,2.0,2.0,4.0,60.0,26.0,86.0,278.0,213.0,252.0,688.0,1431.0,18.0,1535.0,4.0,4.0,8.0,5.0,15.0,11.0,33.0,64.0,0.0,72.0,4.0,0.0,4.0,1.0,2.0,1.0,4.0,8.0,0.0,12.0,75.32,1.61,0.11,0.03,66.56,1.12,0.19,0.04,93.22,5.6,88.89,11.11,66.67,33.33,384,384,379,379,384,384,384,384,384,384,384,384,384,384,384,384,384,384,384,384,379,384,384,384,379,379,379,96.24,96.24,94.99,94.99,96.24,96.24,96.24,96.24,96.24,96.24,96.24,96.24,96.24,96.24,96.24,96.24,96.24,96.24,96.24,96.24,94.99,96.24,96.24,96.24,94.99,94.99,94.99,0.0,0.0,0.0,0.0,0.0,0.0,0.0,0.0,0.0,0.0,0.0,0.0,0.0,0.0,0.0,0.0,0.0,0.0,0.0,0.0,0.0,0.0,0.0,0.0,0.0,0.0,0.0,2.86,0.41,1.02,1.64,2.99,6.88,25.95,4.71,3.95,0.19,0.06,0.09,0.03,0.21,0.3,1.24,0.21,0.19,0.19,0.0,0.05,0.01,0.03,0.03,0.15,0.03,0.03,1,1,1,1,1,1,75.98,69.04,70.51,61.44,1.72,0.83,1.51,0.37,0.11,0.06,0.26,0.06,0.02,0.12,0.03,0.06,11.12,10.56,21.05,28.57,27.27,50.0,23.53,22.22,25.0,-23.08,0.0,-17.31,41.84,25.29,17.21,29.81,28.8,25.82,33.33,33.33,33.33,-16.67,15.38,0.0,-10.81,-4.48,-2.7,100.0,-100.0,33.33,,100.0,-75.0,100.0,14.29,20.0,384,384,378,345,384,384,378,345,384,384,378,345,384,384,378,345,384,384,384,384,384,384,384,384,384,96.24,96.24,94.74,86.47,96.24,96.24,94.74,86.47,96.24,96.24,94.74,86.47,96.24,96.24,94.74,86.47,96.24,96.24,96.24,96.24,96.24,96.24,96.24,96.24,96.24,0.0,0.0,0.0,0.0,0.0,0.0,0.0,0.0,0.0,0.0,0.0,0.0,0.0,0.0,0.0,0.0,0.0,0.0,0.0,0.0,0.0,0.0,0.0,0.0,0.0,2024-2025,34438.0,47817.0,12134.0,94389.0
2025-08-30T00:00:00.000,CA,66170.0,58611.0,6925.0,50293.0,44935.0,4805.0,10552.0,6946.0,3251.0,6963.0,4828.0,1996.0,1111.0,78.0,1189.0,65.0,8.0,73.0,6.0,5.0,11.0,108.0,21.0,129.0,12.0,3.0,15.0,0.0,2.0,2.0,66.0,43.0,109.0,303.0,210.0,296.0,710.0,1519.0,9.0,1637.0,6.0,5.0,11.0,22.0,18.0,12.0,27.0,79.0,0.0,90.0,8.0,1.0,9.0,0.0,2.0,1.0,0.0,3.0,0.0,12.0,76.01,1.8,0.11,0.02,65.99,1.22,0.14,0.02,92.79,6.66,87.78,12.22,25.0,75.0,384,384,378,378,384,384,384,383,383,383,384,384,384,384,384,384,384,384,384,384,378,384,384,384,378,378,378,96.24,96.24,94.74,94.74,96.24,96.24,96.24,95.99,95.99,95.99,96.24,96.24,96.24,96.24,96.24,96.24,96.24,96.24,96.24,96.24,94.74,96.24,96.24,96.24,94.74,94.74,94.74,0.0,0.0,-0.25,-0.25,0.0,0.0,0.0,-0.25,-0.25,-0.25,0.0,0.0,0.0,0.0,0.0,0.0,0.0,0.0,0.0,0.0,-0.25,0.0,0.0,0.0,-0.25,-0.25,-0.25,3.15,0.68,1.29,1.79,2.95,8.09,26.78,5.0,4.22,0.29,0.08,0.13,0.13,0.25,0.33,1.02,0.26,0.23,0.38,0.02,0.11,0.0,0.03,0.03,0.0,0.01,0.03,1,1,1,1,1,1,76.67,69.39,69.51,61.4,1.9,1.13,1.55,0.65,0.11,0.12,0.17,0.09,0.01,0.07,0.0,0.06,10.85,9.72,26.92,20.55,18.46,37.5,18.18,0.0,40.0,10.0,65.38,26.74,8.99,-1.41,17.46,3.2,6.15,6.64,50.0,25.0,37.5,340.0,20.0,9.09,-18.18,23.44,25.0,100.0,,125.0,-100.0,0.0,0.0,-100.0,-62.5,0.0,384,384,377,345,384,384,377,345,384,384,377,345,384,384,377,345,383,383,383,383,383,383,383,383,383,96.24,96.24,94.49,86.47,96.24,96.24,94.49,86.47,96.24,96.24,94.49,86.47,96.24,96.24,94.49,86.47,95.99,95.99,95.99,95.99,95.99,95.99,95.99,95.99,95.99,0.0,0.0,-0.25,0.0,0.0,0.0,-0.25,0.0,0.0,0.0,-0.25,0.0,0.0,0.0,-0.25,0.0,-0.25,-0.25,-0.25,-0.25,-0.25,-0.25,-0.25,-0.25,-0.25,2024-2025,36075.0,47907.0,12146.0,96128.0
2025-09-06T00:00:00.000,CA,66068.0,58693.0,6801.0,49836.0,44684.0,4668.0,10647.0,7031.0,3265.0,7027.0,4857.0,2033.0,1205.0,77.0,1282.0,78.0,5.0,83.0,8.0,8.0,16.0,134.0,23.0,157.0,12.0,2.0,14.0,2.0,5.0,7.0,72.0,38.0,110.0,315.0,225.0,303.0,762.0,1605.0,7.0,1722.0,8.0,2.0,10.0,9.0,18.0,20.0,34.0,81.0,0.0,91.0,2.0,0.0,2.0,0.0,2.0,4.0,2.0,8.0,0.0,10.0,75.43,1.94,0.13,0.02,66.0,1.47,0.13,0.07,93.21,6.39,89.01,10.99,80.0,20.0,385,385,380,380,385,385,385,385,385,385,385,384,385,385,385,385,385,385,385,385,380,385,385,385,380,380,380,96.49,96.49,95.24,95.24,96.49,96.49,96.49,96.49,96.49,96.49,96.49,96.24,96.49,96.49,96.49,96.49,96.49,96.49,96.49,96.49,95.24,96.49,96.49,96.49,95.24,95.24,95.24,0.25,0.25,0.5,0.5,0.25,0.25,0.25,0.5,0.5,0.5,0.25,0.0,0.25,0.25,0.25,0.25,0.25,0.25,0.25,0.25,0.5,0.25,0.25,0.25,0.5,0.5,0.5,3.43,0.6,1.3,1.86,3.16,8.28,28.74,5.28,4.43,0.38,0.03,0.12,0.05,0.25,0.55,1.28,0.27,0.23,0.1,0.0,0.02,0.0,0.03,0.11,0.08,0.03,0.03,1,1,1,1,1,1,76.13,68.64,69.08,62.27,2.05,1.13,1.91,0.7,0.13,0.07,0.17,0.06,0.01,0.12,0.03,0.15,12.25,11.12,29.87,16.87,15.38,40.0,43.75,25.0,62.5,9.09,-11.63,0.92,3.96,7.14,2.36,7.32,5.66,5.19,33.33,-60.0,-9.09,-59.09,0.0,66.67,25.93,2.53,1.11,-75.0,-100.0,-77.78,,0.0,300.0,,166.67,-16.67,385,385,379,348,384,385,379,348,385,385,379,348,385,385,379,348,385,384,385,385,385,385,385,385,385,96.49,96.49,94.99,87.22,96.24,96.49,94.99,87.22,96.49,96.49,94.99,87.22,96.49,96.49,94.99,87.22,96.49,96.24,96.49,96.49,96.49,96.49,96.49,96.49,96.49,0.25,0.25,0.5,0.75,0.0,0.25,0.5,0.75,0.25,0.25,0.5,0.75,0.25,0.25,0.5,0.75,0.5,0.25,0.5,0.5,0.5,0.5,0.5,0.5,0.5,2024-2025,37797.0,47998.0,12156.0,97951.0
2025-09-13T00:00:00.000,CA,66563.0,59135.0,6876.0,50856.0,45393.0,4957.0,10622.0,7024.0,3244.0,7133.0,4938.0,2051.0,1220.0,73.0,1293.0,83.0,6.0,89.0,11.0,7.0,18.0,142.0,21.0,163.0,18.0,0.0,18.0,2.0,4.0,6.0,61.0,22.0,83.0,306.0,236.0,315.0,719.0,1576.0,5.0,1664.0,7.0,4.0,11.0,16.0,16.0,19.0,28.0,79.0,0.0,90.0,3.0,1.0,4.0,2.0,2.0,2.0,10.0,16.0,0.0,20.0,76.4,1.94,0.13,0.03,67.15,1.53,0.17,0.06,94.71,4.99,87.78,12.22,80.0,20.0,386,386,381,381,386,386,386,386,386,386,386,384,386,386,386,386,386,386,386,386,381,386,386,386,381,381,381,96.74,96.74,95.49,95.49,96.74,96.74,96.74,96.74,96.74,96.74,96.74,96.24,96.74,96.74,96.74,96.74,96.74,96.74,96.74,96.74,95.49,96.74,96.74,96.74,95.49,95.49,95.49,0.25,0.25,0.25,0.25,0.25,0.25,0.25,0.25,0.25,0.25,0.25,0.0,0.25,0.25,0.25,0.25,0.25,0.25,0.25,0.25,0.25,0.25,0.25,0.25,0.25,0.25,0.25,2.91,0.35,0.98,1.81,3.31,8.6,27.12,5.19,4.29,0.33,0.06,0.13,0.09,0.22,0.52,1.06,0.26,0.23,0.14,0.02,0.05,0.01,0.03,0.05,0.38,0.05,0.05,1,1,1,1,1,1,76.76,72.09,70.3,63.22,2.06,1.06,2.02,0.65,0.14,0.09,0.26,0.0,0.02,0.1,0.03,0.12,12.61,11.64,28.77,20.22,21.69,0.0,33.33,18.18,57.14,-15.28,-42.11,-24.55,-2.86,4.89,3.96,-5.64,-1.81,-3.37,-12.5,100.0,10.0,77.78,-11.11,-5.0,-17.65,-2.47,-1.1,50.0,,100.0,,0.0,-50.0,400.0,100.0,100.0,386,386,380,346,386,386,380,346,386,386,380,346,386,386,380,346,386,386,386,386,386,386,386,386,386,96.74,96.74,95.24,86.72,96.74,96.74,95.24,86.72,96.74,96.74,95.24,86.72,96.74,96.74,95.24,86.72,96.74,96.74,96.74,96.74,96.74,96.74,96.74,96.74,96.74,0.25,0.25,0.25,-0.5,0.5,0.25,0.25,-0.5,0.25,0.25,0.25,-0.5,0.25,0.25,0.25,-0.5,0.25,0.5,0.25,0.25,0.25,0.25,0.25,0.25,0.25,2024-2025,39461.0,48088.0,12176.0,99725.0
2025-09-20T00:00:00.000,CA,66719.0,59307.0,6860.0,50375.0,45109.0,4801.0,10601.0,6990.0,3260.0,7081.0,4902.0,2023.0,1112.0,58.0,1170.0,70.0,8.0,78.0,12.0,13.0,25.0,125.0,13.0,138.0,11.0,1.0,12.0,3.0,6.0,9.0,41.0,23.0,64.0,235.0,205.0,243.0,615.0,1298.0,7.0,1369.0,7.0,4.0,11.0,9.0,13.0,16.0,34.0,72.0,0.0,83.0,8.0,0.0,8.0,0.0,2.0,4.0,7.0,13.0,0.0,21.0,75.5,1.75,0.12,0.04,66.8,1.3,0.11,0.08,94.81,4.67,86.75,13.25,61.9,38.1,385,385,379,379,385,385,385,384,384,384,385,385,385,384,385,385,385,385,385,385,379,385,385,385,379,379,379,96.49,96.49,94.99,94.99,96.49,96.49,96.49,96.24,96.24,96.24,96.49,96.49,96.49,96.24,96.49,96.49,96.49,96.49,96.49,96.49,94.99,96.49,96.49,96.49,94.99,94.99,94.99,-0.25,-0.25,-0.5,-0.5,-0.25,-0.25,-0.25,-0.5,-0.5,-0.5,-0.25,0.25,-0.25,-0.5,-0.25,-0.25,-0.25,-0.25,-0.25,-0.25,-0.5,-0.25,-0.25,-0.25,-0.5,-0.5,-0.5,1.95,0.36,0.76,1.39,2.88,6.64,23.2,4.27,3.53,0.33,0.06,0.13,0.05,0.18,0.44,1.28,0.24,0.21,0.38,0.0,0.09,0.0,0.03,0.11,0.26,0.04,0.05,1,1,1,1,1,1,76.06,69.99,70.13,62.06,1.87,0.85,1.79,0.4,0.12,0.12,0.16,0.03,0.02,0.19,0.04,0.18,11.79,11.24,22.41,15.38,15.71,12.5,36.0,25.0,46.15,-32.79,4.55,-22.89,-23.2,-13.14,-22.86,-14.46,-17.64,-17.73,0.0,0.0,0.0,-43.75,-18.75,-15.79,21.43,-8.86,-7.78,166.67,-100.0,100.0,-100.0,0.0,100.0,-30.0,-18.75,5.0,385,385,378,345,385,385,378,345,385,385,378,345,385,385,378,345,384,384,384,384,384,384,384,384,384,96.49,96.49,94.74,86.47,96.49,96.49,94.74,86.47,96.49,96.49,94.74,86.47,96.49,96.49,94.74,86.47,96.24,96.24,96.24,96.24,96.24,96.24,96.24,96.24,96.24,-0.25,-0.25,-0.5,-0.25,-0.25,-0.25,-0.5,-0.25,-0.25,-0.25,-0.5,-0.25,-0.25,-0.25,-0.5,-0.25,-0.5,-0.5,-0.5,-0.5,-0.5,-0.5,-0.5,-0.5,-0.5,2024-2025,40830.0,48171.0,12197.0,101198.0
2025-09-27T00:00:00.000,CA,66379.0,58944.0,6890.0,50608.0,45296.0,4846.0,10649.0,7033.0,3271.0,7156.0,5004.0,2005.0,1016.0,49.0,1065.0,77.0,7.0,84.0,10.0,11.0,21.0,111.0,15.0,126.0,10.0,0.0,10.0,3.0,5.0,8.0,33.0,16.0,49.0,189.0,179.0,214.0,554.0,1136.0,10.0,1195.0,11.0,5.0,16.0,12.0,18.0,19.0,40.0,89.0,0.0,105.0,4.0,0.0,4.0,1.0,0.0,2.0,2.0,5.0,0.0,9.0,76.24,1.6,0.13,0.03,67.2,1.18,0.09,0.08,95.06,4.1,84.76,15.24,55.56,44.44,386,386,381,381,386,386,386,386,386,386,386,386,386,386,386,386,386,386,386,386,381,386,386,386,381,381,381,96.74,96.74,95.49,95.49,96.74,96.74,96.74,96.74,96.74,96.74,96.74,96.74,96.74,96.74,96.74,96.74,96.74,96.74,96.74,96.74,95.49,96.74,96.74,96.74,95.49,95.49,95.49,0.25,0.25,0.5,0.5,0.25,0.25,0.25,0.5,0.5,0.5,0.25,0.25,0.25,0.5,0.25,0.25,0.25,0.25,0.25,0.25,0.5,0.25,0.25,0.25,0.5,0.5,0.5,1.57,0.25,0.58,1.12,2.51,5.85,20.9,3.74,3.08,0.52,0.08,0.19,0.07,0.25,0.52,1.51,0.29,0.27,0.19,0.0,0.05,0.01,0.0,0.05,0.08,0.02,0.02,1,1,1,1,1,1,76.85,70.33,71.15,61.3,1.72,0.71,1.58,0.46,0.13,0.1,0.14,0.0,0.02,0.16,0.04,0.15,11.83,10.93,30.61,11.9,12.99,0.0,38.1,30.0,45.45,-19.51,-30.43,-23.44,-19.57,-12.68,-11.93,-9.92,-12.48,-12.71,57.14,25.0,45.45,33.33,38.46,18.75,17.65,23.61,26.51,-50.0,,-50.0,,-100.0,-50.0,-71.43,-61.54,-57.14,386,386,380,346,386,386,380,346,386,386,380,346,386,386,380,346,386,386,386,386,386,386,386,386,386,96.74,96.74,95.24,86.72,96.74,96.74,95.24,86.72,96.74,96.74,95.24,86.72,96.74,96.74,95.24,86.72,96.74,96.74,96.74,96.74,96.74,96.74,96.74,96.74,96.74,0.25,0.25,0.5,0.25,0.25,0.25,0.5,0.25,0.25,0.25,0.5,0.25,0.25,0.25,0.5,0.25,0.5,0.5,0.5,0.5,0.5,0.5,0.5,0.5,0.5,2024-2025,42025.0,48276.0,12206.0,102507.0
2025-10-04T00:00:00.000,CA,66513.0,59015.0,6956.0,50119.0,44862.0,4801.0,10598.0,6997.0,3260.0,7010.0,4877.0,1993.0,862.0,35.0,897.0,81.0,8.0,89.0,5.0,8.0,13.0,86.0,14.0,100.0,13.0,0.0,13.0,1.0,6.0,7.0,33.0,17.0,50.0,169.0,150.0,180.0,454.0,953.0,14.0,1017.0,13.0,12.0,25.0,17.0,13.0,14.0,23.0,67.0,0.0,92.0,7.0,0.0,7.0,1.0,2.0,2.0,6.0,11.0,0.0,18.0,75.35,1.35,0.13,0.02,66.14,0.94,0.12,0.07,93.71,4.92,72.83,27.17,61.11,38.89,387,387,382,382,387,387,387,387,387,387,387,387,387,387,387,387,387,387,387,387,382,387,387,387,382,382,382,96.99,96.99,95.74,95.74,96.99,96.99,96.99,96.99,96.99,96.99,96.99,96.99,96.99,96.99,96.99,96.99,96.99,96.99,96.99,96.99,95.74,96.99,96.99,96.99,95.74,95.74,95.74,0.25,0.25,0.25,0.25,0.25,0.25,0.25,0.25,0.25,0.25,0.25,0.25,0.25,0.25,0.25,0.25,0.25,0.25,0.25,0.25,0.25,0.25,0.25,0.25,0.25,0.25,0.25,1.57,0.27,0.59,1.0,2.11,4.92,17.13,3.14,2.62,0.62,0.19,0.3,0.1,0.18,0.38,0.87,0.22,0.24,0.33,0.0,0.08,0.01,0.03,0.05,0.23,0.04,0.05,1,1,1,1,1,1,76.02,69.02,69.7,61.13,1.46,0.5,1.23,0.43,0.14,0.12,0.19,0.0,0.01,0.12,0.01,0.18,11.15,9.98,40.0,14.61,16.05,0.0,53.85,20.0,75.0,0.0,6.25,2.04,-10.58,-16.2,-15.89,-18.05,-16.11,-14.9,18.18,140.0,56.25,41.67,-27.78,-26.32,-42.5,-24.72,-12.38,75.0,,75.0,0.0,,0.0,200.0,120.0,100.0,387,387,381,348,387,387,381,348,387,387,381,348,387,387,381,348,387,387,387,387,387,387,387,387,387,96.99,96.99,95.49,87.22,96.99,96.99,95.49,87.22,96.99,96.99,95.49,87.22,96.99,96.99,95.49,87.22,96.99,96.99,96.99,96.99,96.99,96.99,96.99,96.99,96.99,0.25,0.25,0.25,0.5,0.25,0.25,0.25,0.5,0.25,0.25,0.25,0.5,0.25,0.25,0.25,0.5,0.25,0.25,0.25,0.25,0.25,0.25,0.25,0.25,0.25,2025-2026,1017.0,92.0,18.0,1127.0
2025-10-11T00:00:00.000,CA,66332.0,58827.0,6923.0,50176.0,44870.0,4839.0,10555.0,7015.0,3203.0,7088.0,4987.0,1973.0,732.0,27.0,759.0,68.0,8.0,76.0,9.0,9.0,18.0,76.0,13.0,89.0,16.0,2.0,18.0,2.0,4.0,6.0,19.0,7.0,26.0,126.0,110.0,175.0,347.0,758.0,2.0,786.0,16.0,5.0,21.0,14.0,12.0,17.0,32.0,75.0,0.0,96.0,8.0,1.0,9.0,3.0,1.0,2.0,6.0,12.0,0.0,21.0,75.64,1.14,0.11,0.03,67.15,0.84,0.17,0.06,96.44,3.31,78.13,21.88,57.14,42.86,386,386,381,381,386,386,386,386,386,386,386,386,386,386,386,386,386,386,386,386,381,386,386,386,381,381,381,96.74,96.74,95.49,95.49,96.74,96.74,96.74,96.74,96.74,96.74,96.74,96.74,96.74,96.74,96.74,96.74,96.74,96.74,96.74,96.74,95.49,96.74,96.74,96.74,95.49,95.49,95.49,-0.25,-0.25,-0.25,-0.25,-0.25,-0.25,-0.25,-0.25,-0.25,-0.25,-0.25,-0.25,-0.25,-0.25,-0.25,-0.25,-0.25,-0.25,-0.25,-0.25,-0.25,-0.25,-0.25,-0.25,-0.25,-0.25,-0.25,0.91,0.11,0.31,0.74,1.54,4.78,13.09,2.49,2.02,0.76,0.08,0.25,0.08,0.17,0.46,1.21,0.25,0.25,0.38,0.02,0.11,0.02,0.01,0.05,0.23,0.04,0.05,1,1,1,1,1,1,76.27,69.9,71.09,61.6,1.24,0.39,1.08,0.41,0.12,0.12,0.23,0.06,0.02,0.13,0.03,0.12,11.73,10.38,48.15,23.68,23.53,25.0,33.33,22.22,44.44,-42.42,-58.82,-48.0,-25.44,-26.67,-2.78,-23.57,-20.46,-22.71,23.08,-58.33,-16.0,-17.65,-7.69,21.43,39.13,11.94,4.35,14.29,,28.57,200.0,-50.0,0.0,0.0,9.09,16.67,386,386,380,347,386,386,380,347,386,386,380,347,386,386,380,347,386,386,386,386,386,386,386,386,386,96.74,96.74,95.24,86.97,96.74,96.74,95.24,86.97,96.74,96.74,95.24,86.97,96.74,96.74,95.24,86.97,96.74,96.74,96.74,96.74,96.74,96.74,96.74,96.74,96.74,-0.25,-0.25,-0.25,-0.25,-0.25,-0.25,-0.25,-0.25,-0.25,-0.25,-0.25,-0.25,-0.25,-0.25,-0.25,-0.25,-0.25,-0.25,-0.25,-0.25,-0.25,-0.25,-0.25,-0.25,-0.25,2025-2026,1803.0,188.0,39.0,2030.0
2025-10-18T00:00:00.000,CA,66641.0,59120.0,6954.0,49863.0,44604.0,4794.0,10681.0,7059.0,3271.0,7022.0,4956.0,1947.0,587.0,26.0,613.0,66.0,11.0,77.0,13.0,9.0,22.0,71.0,11.0,82.0,10.0,2.0,12.0,3.0,6.0,9.0,19.0,7.0,26.0,86.0,89.0,129.0,275.0,579.0,4.0,609.0,12.0,6.0,18.0,9.0,21.0,18.0,36.0,84.0,0.0,102.0,10.0,2.0,12.0,2.0,1.0,2.0,9.0,14.0,0.0,26.0,74.82,0.92,0.12,0.03,65.74,0.77,0.11,0.08,95.07,4.27,82.35,17.65,53.85,46.15,388,388,383,383,388,388,388,388,388,388,388,388,388,388,388,388,388,388,388,388,383,388,388,388,383,383,383,97.24,97.24,95.99,95.99,97.24,97.24,97.24,97.24,97.24,97.24,97.24,97.24,97.24,97.24,97.24,97.24,97.24,97.24,97.24,97.24,95.99,97.24,97.24,97.24,95.99,95.99,95.99,0.5,0.5,0.5,0.5,0.5,0.5,0.5,0.5,0.5,0.5,0.5,0.5,0.5,0.5,0.5,0.5,0.5,0.5,0.5,0.5,0.5,0.5,0.5,0.5,0.5,0.5,0.5,0.91,0.11,0.31,0.51,1.25,3.52,10.37,1.91,1.57,0.57,0.09,0.21,0.05,0.29,0.49,1.36,0.28,0.26,0.48,0.03,0.14,0.01,0.01,0.05,0.34,0.05,0.07,1,1,1,1,1,1,75.45,68.94,70.21,59.52,0.99,0.37,1.01,0.34,0.11,0.16,0.14,0.06,0.02,0.13,0.04,0.18,13.38,12.1,42.31,15.58,15.15,18.18,40.91,23.08,66.67,0.0,0.0,0.0,-31.75,-19.09,-26.29,-20.75,-23.61,-22.52,-25.0,20.0,-14.29,-35.71,75.0,5.88,12.5,12.0,6.25,25.0,100.0,33.33,-33.33,0.0,0.0,50.0,16.67,23.81,388,388,382,349,388,388,382,349,388,388,382,349,388,388,382,349,388,388,388,388,388,388,388,388,388,97.24,97.24,95.74,87.47,97.24,97.24,95.74,87.47,97.24,97.24,95.74,87.47,97.24,97.24,95.74,87.47,97.24,97.24,97.24,97.24,97.24,97.24,97.24,97.24,97.24,0.5,0.5,0.5,0.5,0.5,0.5,0.5,0.5,0.5,0.5,0.5,0.5,0.5,0.5,0.5,0.5,0.5,0.5,0.5,0.5,0.5,0.5,0.5,0.5,0.5,2025-2026,2412.0,290.0,65.0,2767.0
2025-10-25T00:00:00.000,CA,66514.0,59075.0,6884.0,50974.0,45684.0,4869.0,10602.0,7044.0,3222.0,7165.0,5100.0,1952.0,520.0,39.0,559.0,70.0,14.0,84.0,11.0,12.0,23.0,65.0,12.0,77.0,11.0,4.0,15.0,1.0,4.0,5.0,17.0,8.0,25.0,81.0,63.0,103.0,234.0,481.0,5.0,511.0,15.0,6.0,21.0,16.0,20.0,14.0,31.0,81.0,0.0,102.0,11.0,1.0,12.0,3.0,1.0,2.0,4.0,10.0,0.0,22.0,76.64,0.84,0.13,0.03,67.58,0.73,0.14,0.05,94.13,4.89,79.41,20.59,45.45,54.55,386,386,382,382,386,386,386,386,386,386,386,386,386,386,386,386,386,386,386,386,382,386,386,386,382,382,382,96.74,96.74,95.74,95.74,96.74,96.74,96.74,96.74,96.74,96.74,96.74,96.74,96.74,96.74,96.74,96.74,96.74,96.74,96.74,96.74,95.74,96.74,96.74,96.74,95.74,95.74,95.74,-0.5,-0.5,-0.25,-0.25,-0.5,-0.5,-0.5,-0.5,-0.5,-0.5,-0.5,-0.5,-0.5,-0.5,-0.5,-0.5,-0.5,-0.5,-0.5,-0.5,-0.25,-0.5,-0.5,-0.5,-0.25,-0.25,-0.25,0.81,0.13,0.3,0.48,0.88,2.81,8.83,1.58,1.32,0.72,0.09,0.25,0.09,0.28,0.38,1.17,0.27,0.26,0.52,0.02,0.14,0.02,0.01,0.05,0.15,0.03,0.06,1,1,1,1,1,1,77.33,70.73,72.4,60.58,0.88,0.57,0.92,0.37,0.12,0.2,0.16,0.12,0.02,0.17,0.01,0.12,13.77,12.5,30.77,17.86,15.71,28.57,21.74,9.09,33.33,-10.53,14.29,-3.85,-5.81,-29.21,-20.16,-14.91,-16.93,-16.09,25.0,0.0,16.67,77.78,-4.76,-22.22,-13.89,-3.57,0.0,10.0,-50.0,0.0,50.0,0.0,0.0,-55.56,-28.57,-15.38,386,386,381,347,386,386,381,347,386,386,381,347,386,386,381,347,386,386,386,386,386,386,386,386,386,96.74,96.74,95.49,86.97,96.74,96.74,95.49,86.97,96.74,96.74,95.49,86.97,96.74,96.74,95.49,86.97,96.74,96.74,96.74,96.74,96.74,96.74,96.74,96.74,96.74,-0.5,-0.5,-0.25,-0.5,-0.5,-0.5,-0.25,-0.5,-0.5,-0.5,-0.25,-0.5,-0.5,-0.5,-0.25,-0.5,-0.5,-0.5,-0.5,-0.5,-0.5,-0.5,-0.5,-0.5,-0.5,2025-2026,2923.0,392.0,87.0,3402.0
2025-11-01T00:00:00.000,CA,66527.0,59080.0,6901.0,50715.0,45523.0,4768.0,10662.0,7065.0,3269.0,7173.0,5049.0,2006.0,476.0,26.0,502.0,89.0,6.0,95.0,12.0,8.0,20.0,49.0,12.0,61.0,14.0,1.0,15.0,2.0,3.0,5.0,18.0,6.0,24.0,64.0,83.0,101.0,196.0,444.0,3.0,471.0,11.0,4.0,15.0,21.0,15.0,35.0,53.0,124.0,0.0,139.0,17.0,1.0,18.0,8.0,3.0,4.0,10.0,25.0,0.0,43.0,76.23,0.75,0.14,0.03,67.28,0.57,0.14,0.05,94.27,5.1,89.21,10.79,58.14,41.86,386,386,381,381,386,386,386,386,386,386,386,386,386,386,386,386,386,386,386,386,381,386,386,386,381,381,381,96.74,96.74,95.49,95.49,96.74,96.74,96.74,96.74,96.74,96.74,96.74,96.74,96.74,96.74,96.74,96.74,96.74,96.74,96.74,96.74,95.49,96.74,96.74,96.74,95.49,95.49,95.49,0.0,0.0,-0.25,-0.25,0.0,0.0,0.0,0.0,0.0,0.0,0.0,0.0,0.0,0.0,0.0,0.0,0.0,0.0,0.0,0.0,-0.25,0.0,0.0,0.0,-0.25,-0.25,-0.25,0.86,0.09,0.28,0.38,1.17,2.76,7.39,1.46,1.21,0.52,0.06,0.18,0.12,0.21,0.96,2.0,0.41,0.36,0.81,0.02,0.21,0.05,0.04,0.11,0.38,0.08,0.11,1,1,1,1,1,1,77.05,69.09,71.46,61.36,0.81,0.38,0.69,0.37,0.15,0.09,0.2,0.03,0.02,0.12,0.03,0.09,12.15,10.29,46.15,15.79,15.73,16.67,25.0,16.67,37.5,5.88,-25.0,-4.0,-20.99,31.75,-1.94,-16.24,-7.69,-7.83,-26.67,-33.33,-28.57,31.25,-25.0,150.0,70.97,53.09,36.27,54.55,0.0,50.0,166.67,200.0,100.0,150.0,150.0,95.45,386,386,380,346,386,386,380,346,386,386,380,346,386,386,380,346,386,386,386,386,386,386,386,386,386,96.74,96.74,95.24,86.72,96.74,96.74,95.24,86.72,96.74,96.74,95.24,86.72,96.74,96.74,95.24,86.72,96.74,96.74,96.74,96.74,96.74,96.74,96.74,96.74,96.74,0.0,0.0,-0.25,-0.25,0.0,0.0,-0.25,-0.25,0.0,0.0,-0.25,-0.25,0.0,0.0,-0.25,-0.25,0.0,0.0,0.0,0.0,0.0,0.0,0.0,0.0,0.0,2025-2026,3394.0,531.0,130.0,4055.0
2025-11-08T00:00:00.000,CA,66270.0,58860.0,6861.0,50869.0,45567.0,4851.0,10543.0,6999.0,3205.0,7067.0,4988.0,1954.0,377.0,25.0,402.0,99.0,10.0,109.0,21.0,7.0,28.0,47.0,10.0,57.0,17.0,1.0,18.0,3.0,3.0,6.0,12.0,4.0,16.0,51.0,63.0,71.0,180.0,365.0,4.0,385.0,16.0,6.0,22.0,17.0,28.0,22.0,62.0,129.0,0.0,151.0,16.0,2.0,18.0,6.0,4.0,0.0,10.0,20.0,0.0,38.0,76.76,0.61,0.16,0.04,67.03,0.54,0.17,0.06,94.81,4.16,85.43,14.57,52.63,47.37,387,387,382,382,387,387,387,387,387,387,387,387,387,387,387,387,387,387,387,387,382,387,387,387,382,382,382,96.99,96.99,95.74,95.74,96.99,96.99,96.99,96.99,96.99,96.99,96.99,96.99,96.99,96.99,96.99,96.99,96.99,96.99,96.99,96.99,95.74,96.99,96.99,96.99,95.74,95.74,95.74,0.25,0.25,0.25,0.25,0.25,0.25,0.25,0.25,0.25,0.25,0.25,0.25,0.25,0.25,0.25,0.25,0.25,0.25,0.25,0.25,0.25,0.25,0.25,0.25,0.25,0.25,0.25,0.57,0.06,0.19,0.3,0.88,1.94,6.79,1.2,0.99,0.76,0.09,0.26,0.1,0.39,0.6,2.34,0.42,0.39,0.76,0.03,0.21,0.04,0.06,0.0,0.38,0.07,0.1,1,1,1,1,1,1,77.42,70.7,71.27,60.97,0.64,0.36,0.67,0.31,0.17,0.15,0.24,0.03,0.04,0.1,0.04,0.09,14.18,12.47,40.0,16.51,17.17,10.0,21.43,14.29,42.86,-33.33,-33.33,-33.33,-20.31,-24.1,-29.7,-8.16,-17.79,-18.26,45.45,50.0,46.67,-19.05,86.67,-37.14,16.98,4.03,8.63,-5.88,100.0,0.0,-25.0,33.33,-100.0,0.0,-20.0,-11.63,387,387,381,347,387,387,381,347,387,387,381,347,387,387,381,347,387,387,387,387,387,387,387,387,387,96.99,96.99,95.49,86.97,96.99,96.99,95.49,86.97,96.99,96.99,95.49,86.97,96.99,96.99,95.49,86.97,96.99,96.99,96.99,96.99,96.99,96.99,96.99,96.99,96.99,0.25,0.25,0.25,0.25,0.25,0.25,0.25,0.25,0.25,0.25,0.25,0.25,0.25,0.25,0.25,0.25,0.25,0.25,0.25,0.25,0.25,0.25,0.25,0.25,0.25,2025-2026,3779.0,682.0,168.0,4629.0
2025-11-15T00:00:00.000,CA,66075.0,58576.0,6946.0,50541.0,45225.0,4868.0,10583.0,7020.0,3229.0,7024.0,4957.0,1947.0,310.0,17.0,327.0,83.0,13.0,96.0,24.0,17.0,41.0,41.0,9.0,50.0,9.0,0.0,9.0,1.0,9.0,10.0,9.0,1.0,10.0,62.0,35.0,50.0,136.0,283.0,5.0,298.0,14.0,11.0,25.0,16.0,17.0,31.0,59.0,123.0,1.0,149.0,36.0,5.0,41.0,7.0,6.0,7.0,10.0,30.0,0.0,71.0,76.49,0.49,0.15,0.06,66.37,0.47,0.09,0.09,94.97,3.36,82.55,16.78,42.25,57.75,383,383,379,379,383,383,383,384,384,384,384,384,384,384,384,384,383,384,384,383,379,383,383,383,379,379,379,95.99,95.99,94.99,94.99,95.99,95.99,95.99,96.24,96.24,96.24,96.24,96.24,96.24,96.24,96.24,96.24,95.99,96.24,96.24,95.99,94.99,95.99,95.99,95.99,94.99,94.99,94.99,-1.0,-1.0,-0.75,-0.75,-1.0,-1.0,-1.0,-0.75,-0.75,-0.75,-0.75,-0.75,-0.75,-0.75,-0.75,-0.75,-1.0,-0.75,-0.75,-1.0,-0.75,-1.0,-1.0,-1.0,-0.75,-0.75,-0.75,0.43,0.02,0.12,0.37,0.49,1.37,5.13,0.93,0.77,0.67,0.17,0.3,0.09,0.24,0.85,2.23,0.4,0.38,1.72,0.08,0.49,0.04,0.08,0.19,0.38,0.1,0.18,1,1,1,1,1,1,77.21,70.08,70.61,60.3,0.53,0.24,0.58,0.28,0.14,0.19,0.13,0.0,0.04,0.24,0.01,0.28,15.29,13.23,52.94,9.38,10.84,0.0,24.39,4.17,52.94,-25.0,-75.0,-37.5,21.57,-44.44,-29.58,-24.44,-22.47,-22.6,-12.5,83.33,13.64,-5.88,-39.29,40.91,-4.84,-4.65,-1.32,125.0,150.0,127.78,16.67,50.0,,0.0,50.0,86.84,383,383,378,346,383,383,378,346,383,383,378,346,383,383,378,346,383,383,383,383,383,383,383,383,383,95.99,95.99,94.74,86.72,95.99,95.99,94.74,86.72,95.99,95.99,94.74,86.72,95.99,95.99,94.74,86.72,95.99,95.99,95.99,95.99,95.99,95.99,95.99,95.99,95.99,-1.0,-1.0,-0.75,-0.25,-1.0,-1.0,-0.75,-0.25,-1.0,-1.0,-0.75,-0.25,-1.0,-1.0,-0.75,-0.25,-1.0,-1.0,-1.0,-1.0,-1.0,-1.0,-1.0,-1.0,-1.0,2025-2026,4077.0,831.0,239.0,5147.0
2025-11-22T00:00:00.000,CA,66001.0,58603.0,6830.0,50455.0,45238.0,4765.0,10585.0,7024.0,3220.0,7097.0,5044.0,1940.0,296.0,15.0,311.0,100.0,10.0,110.0,31.0,21.0,52.0,39.0,3.0,42.0,19.0,0.0,19.0,3.0,7.0,10.0,3.0,4.0,7.0,42.0,52.0,68.0,129.0,291.0,4.0,302.0,12.0,12.0,24.0,24.0,17.0,34.0,49.0,124.0,0.0,148.0,32.0,2.0,34.0,6.0,6.0,9.0,18.0,39.0,0.0,73.0,76.45,0.47,0.17,0.08,67.05,0.4,0.18,0.09,96.36,2.32,83.78,16.22,53.42,46.58,384,384,379,379,384,384,384,384,384,384,384,384,384,384,384,384,384,384,384,384,379,384,384,384,379,379,379,96.24,96.24,94.99,94.99,96.24,96.24,96.24,96.24,96.24,96.24,96.24,96.24,96.24,96.24,96.24,96.24,96.24,96.24,96.24,96.24,94.99,96.24,96.24,96.24,94.99,94.99,94.99,0.25,0.25,0.0,0.0,0.25,0.25,0.25,0.0,0.0,0.0,0.0,0.0,0.0,0.0,0.0,0.0,0.25,0.0,0.0,0.25,0.0,0.25,0.25,0.25,0.0,0.0,0.0,0.14,0.06,0.08,0.25,0.73,1.86,4.87,0.96,0.78,0.57,0.19,0.28,0.14,0.24,0.93,1.85,0.41,0.38,1.53,0.03,0.4,0.04,0.08,0.25,0.68,0.13,0.19,1,1,1,1,1,1,77.19,69.77,71.81,60.25,0.51,0.22,0.56,0.09,0.17,0.15,0.27,0.0,0.05,0.31,0.04,0.22,13.5,13.18,20.0,17.27,19.0,0.0,19.23,9.68,33.33,-66.67,300.0,-30.0,-32.26,48.57,36.0,-5.15,2.83,1.34,-14.29,9.09,-4.0,50.0,0.0,9.68,-16.95,0.81,-0.67,-11.11,-60.0,-17.07,-14.29,0.0,28.57,80.0,30.0,2.82,384,384,378,344,384,384,378,345,384,384,378,345,384,384,378,345,384,384,384,384,384,384,384,384,384,96.24,96.24,94.74,86.22,96.24,96.24,94.74,86.47,96.24,96.24,94.74,86.47,96.24,96.24,94.74,86.47,96.24,96.24,96.24,96.24,96.24,96.24,96.24,96.24,96.24,0.25,0.25,0.0,-0.5,0.25,0.25,0.0,-0.25,0.25,0.25,0.0,-0.25,0.25,0.25,0.0,-0.25,0.25,0.25,0.25,0.25,0.25,0.25,0.25,0.25,0.25,2025-2026,4379.0,979.0,312.0,5670.0
2025-11-29T00:00:00.000,CA,65140.0,57882.0,6686.0,48891.0,43618.0,4540.0,10426.0,6931.0,3157.0,7069.0,5019.0,1922.0,258.0,13.0,271.0,130.0,14.0,144.0,25.0,33.0,58.0,40.0,3.0,43.0,19.0,4.0,23.0,1.0,11.0,12.0,5.0,2.0,7.0,40.0,37.0,53.0,101.0,231.0,3.0,241.0,17.0,9.0,26.0,35.0,28.0,51.0,77.0,191.0,0.0,217.0,44.0,6.0,50.0,7.0,8.0,10.0,21.0,46.0,0.0,96.0,75.06,0.42,0.22,0.09,67.8,0.41,0.22,0.12,95.85,2.9,88.02,11.98,47.92,52.08,384,384,379,379,384,384,384,384,384,384,384,384,384,384,384,384,384,384,384,384,379,384,384,384,379,379,379,96.24,96.24,94.99,94.99,96.24,96.24,96.24,96.24,96.24,96.24,96.24,96.24,96.24,96.24,96.24,96.24,96.24,96.24,96.24,96.24,94.99,96.24,96.24,96.24,94.99,94.99,94.99,0.0,0.0,0.0,0.0,0.0,0.0,0.0,0.0,0.0,0.0,0.0,0.0,0.0,0.0,0.0,0.0,0.0,0.0,0.0,0.0,0.0,0.0,0.0,0.0,0.0,0.0,0.0,0.24,0.03,0.08,0.24,0.52,1.45,3.81,0.76,0.62,0.81,0.14,0.31,0.21,0.39,1.39,2.9,0.63,0.56,2.1,0.09,0.59,0.04,0.11,0.27,0.79,0.15,0.25,1,1,1,1,1,1,75.36,67.9,72.41,60.88,0.45,0.19,0.58,0.1,0.22,0.21,0.27,0.13,0.04,0.49,0.01,0.35,15.87,15.5,23.08,15.97,14.62,28.57,20.69,4.0,33.33,66.67,-50.0,0.0,-4.76,-28.85,-22.06,-21.71,-20.62,-20.2,41.67,-25.0,8.33,45.83,64.71,50.0,57.14,54.03,46.62,37.5,200.0,47.06,16.67,33.33,11.11,16.67,17.95,31.51,384,384,378,344,384,384,378,344,384,384,378,344,384,384,378,344,384,384,384,384,384,384,384,384,384,96.24,96.24,94.74,86.22,96.24,96.24,94.74,86.22,96.24,96.24,94.74,86.22,96.24,96.24,94.74,86.22,96.24,96.24,96.24,96.24,96.24,96.24,96.24,96.24,96.24,0.0,0.0,0.0,0.0,0.0,0.0,0.0,-0.25,0.0,0.0,0.0,-0.25,0.0,0.0,0.0,-0.25,0.0,0.0,0.0,0.0,0.0,0.0,0.0,0.0,0.0,2025-2026,4620.0,1196.0,408.0,6224.0
2025-12-06T00:00:00.000,CA,66159.0,58753.0,6828.0,51454.0,46265.0,4675.0,10601.0,7093.0,3197.0,7173.0,5137.0,1928.0,246.0,5.0,251.0,172.0,20.0,192.0,51.0,36.0,87.0,35.0,3.0,38.0,21.0,4.0,25.0,6.0,12.0,18.0,2.0,3.0,5.0,50.0,36.0,54.0,116.0,256.0,6.0,267.0,20.0,10.0,30.0,56.0,27.0,46.0,103.0,232.0,0.0,262.0,61.0,5.0,66.0,10.0,14.0,18.0,28.0,70.0,0.0,136.0,77.77,0.38,0.29,0.13,67.66,0.36,0.24,0.17,95.88,1.87,88.55,11.45,51.47,48.53,385,385,380,380,385,385,385,385,385,385,385,384,385,385,385,385,385,385,385,385,380,385,385,385,380,380,380,96.49,96.49,95.24,95.24,96.49,96.49,96.49,96.49,96.49,96.49,96.49,96.24,96.49,96.49,96.49,96.49,96.49,96.49,96.49,96.49,95.24,96.49,96.49,96.49,95.24,95.24,95.24,0.25,0.25,0.25,0.25,0.25,0.25,0.25,0.25,0.25,0.25,0.25,0.0,0.25,0.25,0.25,0.25,0.25,0.25,0.25,0.25,0.25,0.25,0.25,0.25,0.25,0.25,0.25,0.1,0.05,0.06,0.3,0.51,1.48,4.38,0.84,0.69,0.95,0.16,0.36,0.33,0.38,1.26,3.89,0.76,0.67,2.91,0.08,0.78,0.06,0.2,0.49,1.06,0.23,0.35,1,1,1,1,1,1,78.74,68.47,72.42,60.31,0.42,0.07,0.49,0.09,0.29,0.29,0.3,0.13,0.09,0.53,0.08,0.38,15.14,14.23,60.0,13.02,12.21,20.0,20.69,11.76,33.33,-60.0,50.0,-28.57,25.0,-2.7,1.89,14.85,10.82,10.79,17.65,11.11,15.38,60.0,-3.57,-9.8,33.77,21.47,20.74,38.64,-16.67,32.0,42.86,75.0,80.0,33.33,52.17,41.67,385,385,379,346,385,385,379,347,385,385,379,347,385,385,379,347,385,385,385,385,385,385,385,385,385,96.49,96.49,94.99,86.72,96.49,96.49,94.99,86.97,96.49,96.49,94.99,86.97,96.49,96.49,94.99,86.97,96.49,96.49,96.49,96.49,96.49,96.49,96.49,96.49,96.49,0.25,0.25,0.25,0.5,0.25,0.25,0.25,0.75,0.25,0.25,0.25,0.75,0.25,0.25,0.25,0.75,0.25,0.25,0.25,0.25,0.25,0.25,0.25,0.25,0.25,2025-2026,4887.0,1458.0,544.0,6889.0
2025-12-13T00:00:00.000,CA,66119.0,58690.0,6878.0,51414.0,46091.0,4825.0,10566.0,7006.0,3224.0,7184.0,5132.0,1920.0,245.0,4.0,249.0,195.0,31.0,226.0,57.0,40.0,97.0,34.0,3.0,37.0,23.0,7.0,30.0,6.0,10.0,16.0,6.0,5.0,11.0,45.0,42.0,51.0,137.0,275.0,7.0,293.0,44.0,26.0,70.0,57.0,68.0,69.0,162.0,356.0,0.0,426.0,59.0,12.0,71.0,13.0,12.0,21.0,33.0,79.0,0.0,150.0,77.76,0.38,0.34,0.15,67.99,0.35,0.28,0.15,93.86,3.75,83.57,16.43,52.67,47.33,378,378,373,373,378,378,378,378,378,378,378,378,378,378,378,378,378,378,378,378,373,378,378,378,373,373,373,94.74,94.74,93.48,93.48,94.74,94.74,94.74,94.74,94.74,94.74,94.74,94.74,94.74,94.74,94.74,94.74,94.74,94.74,94.74,94.74,93.48,94.74,94.74,94.74,93.48,93.48,93.48,-1.75,-1.75,-1.75,-1.75,-1.75,-1.75,-1.75,-1.75,-1.75,-1.75,-1.75,-1.5,-1.75,-1.75,-1.75,-1.75,-1.75,-1.75,-1.75,-1.75,-1.75,-1.75,-1.75,-1.75,-1.75,-1.75,-1.75,0.29,0.08,0.13,0.27,0.59,1.39,5.17,0.91,0.75,2.1,0.41,0.83,0.34,0.95,1.88,6.11,1.17,1.1,2.81,0.19,0.84,0.08,0.17,0.57,1.24,0.26,0.39,1,1,1,1,1,1,78.53,70.15,73.25,59.55,0.42,0.06,0.49,0.09,0.33,0.45,0.33,0.22,0.1,0.58,0.09,0.31,14.86,13.88,75.0,13.27,11.79,22.58,16.49,10.53,25.0,200.0,66.67,120.0,-10.0,16.67,-5.56,18.1,7.42,9.74,120.0,160.0,133.33,1.79,151.85,50.0,57.28,53.45,62.6,-3.28,140.0,7.58,30.0,-14.29,16.67,17.86,12.86,10.29,378,378,372,338,378,378,372,338,378,378,372,338,378,378,372,338,378,378,378,378,378,378,378,378,378,94.74,94.74,93.23,84.71,94.74,94.74,93.23,84.71,94.74,94.74,93.23,84.71,94.74,94.74,93.23,84.71,94.74,94.74,94.74,94.74,94.74,94.74,94.74,94.74,94.74,-1.75,-1.75,-1.75,-2.01,-1.75,-1.75,-1.75,-2.26,-1.75,-1.75,-1.75,-2.26,-1.75,-1.75,-1.75,-2.26,-1.75,-1.75,-1.75,-1.75,-1.75,-1.75,-1.75,-1.75,-1.75,2025-2026,5180.0,1884.0,694.0,7758.0
2025-12-20T00:00:00.000,CA,66826.0,59413.0,6858.0,52110.0,46869.0,4838.0,10688.0,7139.0,3195.0,7336.0,5248.0,1951.0,266.0,13.0,279.0,322.0,40.0,362.0,68.0,46.0,114.0,44.0,6.0,50.0,40.0,12.0,52.0,12.0,16.0,28.0,8.0,8.0,16.0,47.0,40.0,71.0,139.0,297.0,4.0,317.0,37.0,71.0,108.0,133.0,101.0,127.0,250.0,611.0,0.0,719.0,75.0,11.0,86.0,24.0,21.0,20.0,40.0,105.0,0.0,191.0,77.98,0.42,0.54,0.17,68.64,0.47,0.49,0.26,93.69,5.05,84.98,15.02,54.97,45.03,384,384,378,378,384,384,384,383,383,383,384,384,384,384,384,384,384,384,384,384,378,384,384,384,378,378,378,96.24,96.24,94.74,94.74,96.24,96.24,96.24,95.99,95.99,95.99,96.24,96.24,96.24,96.24,96.24,96.24,96.24,96.24,96.24,96.24,94.74,96.24,96.24,96.24,94.74,94.74,94.74,1.5,1.5,1.25,1.25,1.5,1.5,1.5,1.25,1.25,1.25,1.5,1.5,1.5,1.5,1.5,1.5,1.5,1.5,1.5,1.5,1.25,1.5,1.5,1.5,1.25,1.25,1.25,0.38,0.13,0.19,0.28,0.56,1.94,5.24,0.98,0.82,1.76,1.12,1.28,0.78,1.42,3.47,9.43,2.01,1.85,3.58,0.17,1.02,0.14,0.29,0.55,1.51,0.35,0.49,1,1,1,1,1,1,78.89,70.55,73.51,61.06,0.45,0.19,0.62,0.19,0.54,0.58,0.56,0.38,0.11,0.67,0.17,0.5,17.92,16.54,46.15,14.36,12.42,30.0,24.56,17.65,34.78,33.33,60.0,45.45,4.44,-4.76,39.22,1.46,8.0,8.19,-15.91,173.08,54.29,133.33,48.53,84.06,54.32,71.63,68.78,27.12,-8.33,21.13,84.62,75.0,-4.76,21.21,32.91,27.33,384,384,377,343,384,384,377,343,384,384,377,343,384,384,377,343,383,383,383,383,383,383,383,383,383,96.24,96.24,94.49,85.96,96.24,96.24,94.49,85.96,96.24,96.24,94.49,85.96,96.24,96.24,94.49,85.96,95.99,95.99,95.99,95.99,95.99,95.99,95.99,95.99,95.99,1.5,1.5,1.25,1.25,1.5,1.5,1.25,1.25,1.5,1.5,1.25,1.25,1.5,1.5,1.25,1.25,1.25,1.25,1.25,1.25,1.25,1.25,1.25,1.25,1.25,2025-2026,5497.0,2603.0,885.0,8985.0
2025-12-27T00:00:00.000,CA,65627.0,58329.0,6763.0,48198.0,43302.0,4491.0,10593.0,7061.0,3201.0,7059.0,4999.0,1938.0,296.0,10.0,306.0,587.0,69.0,656.0,107.0,65.0,172.0,58.0,4.0,62.0,71.0,19.0,90.0,27.0,11.0,38.0,7.0,8.0,15.0,46.0,48.0,69.0,163.0,326.0,3.0,344.0,60.0,103.0,163.0,230.0,166.0,230.0,456.0,1082.0,2.0,1247.0,126.0,18.0,144.0,27.0,22.0,29.0,56.0,134.0,0.0,278.0,73.44,0.47,1.0,0.26,66.64,0.59,0.85,0.36,94.77,4.36,86.77,13.07,48.2,51.8,386,386,380,380,386,386,386,385,385,385,386,385,386,386,386,386,386,386,386,386,380,386,386,386,380,380,380,96.74,96.74,95.24,95.24,96.74,96.74,96.74,96.49,96.49,96.49,96.74,96.49,96.74,96.74,96.74,96.74,96.74,96.74,96.74,96.74,95.24,96.74,96.74,96.74,95.24,95.24,95.24,0.5,0.5,0.5,0.5,0.5,0.5,0.5,0.5,0.5,0.5,0.5,0.25,0.5,0.5,0.5,0.5,0.5,0.5,0.5,0.5,0.5,0.5,0.5,0.5,0.5,0.5,0.5,0.33,0.13,0.18,0.27,0.67,1.88,6.15,1.07,0.89,2.86,1.62,1.93,1.36,2.33,6.28,17.2,3.56,3.21,6.01,0.28,1.71,0.16,0.31,0.79,2.11,0.44,0.72,1,1,1,1,1,1,74.24,66.41,70.8,60.54,0.51,0.15,0.82,0.12,1.01,1.02,1.01,0.59,0.18,0.96,0.38,0.34,20.26,19.59,40.0,13.72,12.1,27.54,22.09,25.23,16.92,-12.5,0.0,-6.25,-2.13,20.0,-2.82,17.27,9.76,8.52,62.16,45.07,50.93,72.93,64.36,81.1,82.4,77.09,73.44,68.0,63.64,67.44,12.5,4.76,45.0,40.0,27.62,45.55,386,386,379,345,386,386,379,345,386,386,379,345,386,386,379,345,385,385,385,385,385,385,385,385,385,96.74,96.74,94.99,86.47,96.74,96.74,94.99,86.47,96.74,96.74,94.99,86.47,96.74,96.74,94.99,86.47,96.49,96.49,96.49,96.49,96.49,96.49,96.49,96.49,96.49,0.5,0.5,0.5,0.5,0.5,0.5,0.5,0.5,0.5,0.5,0.5,0.5,0.5,0.5,0.5,0.5,0.5,0.5,0.5,0.5,0.5,0.5,0.5,0.5,0.5,2025-2026,5841.0,3850.0,1163.0,10854.0
2026-01-03T00:00:00.000,CA,66142.0,58863.0,6750.0,50502.0,45438.0,4563.0,10608.0,7059.0,3195.0,7179.0,5134.0,1920.0,327.0,10.0,337.0,797.0,66.0,863.0,150.0,88.0,238.0,53.0,6.0,59.0,110.0,17.0,127.0,19.0,22.0,41.0,14.0,1.0,15.0,45.0,54.0,75.0,153.0,327.0,3.0,345.0,67.0,70.0,137.0,266.0,233.0,315.0,613.0,1427.0,4.0,1568.0,152.0,14.0,166.0,32.0,52.0,51.0,108.0,243.0,0.0,409.0,76.35,0.51,1.3,0.36,67.68,0.56,1.2,0.39,94.78,4.35,91.01,8.74,59.41,40.59,387,387,380,380,387,387,387,385,385,385,387,386,387,386,387,387,387,387,387,387,380,387,387,387,380,380,380,96.99,96.99,95.24,95.24,96.99,96.99,96.99,96.49,96.49,96.49,96.99,96.74,96.99,96.74,96.99,96.99,96.99,96.99,96.99,96.99,95.24,96.99,96.99,96.99,95.24,95.24,95.24,0.25,0.25,0.0,0.0,0.25,0.25,0.25,0.0,0.0,0.0,0.25,0.25,0.25,0.0,0.25,0.25,0.25,0.25,0.25,0.25,0.0,0.25,0.25,0.25,0.0,0.0,0.0,0.67,0.02,0.18,0.27,0.76,2.05,5.77,1.08,0.89,3.19,1.1,1.62,1.57,3.27,8.6,23.12,4.7,4.04,7.25,0.22,1.97,0.19,0.73,1.39,4.07,0.8,1.05,1,1,1,1,1,1,77.19,67.6,72.73,60.09,0.56,0.15,0.75,0.19,1.35,0.98,1.56,0.53,0.25,1.3,0.27,0.69,17.51,16.21,60.0,14.72,13.8,25.76,17.23,12.67,25.0,100.0,-87.5,0.0,-2.17,12.5,8.7,-6.13,0.31,0.29,11.67,-32.04,-15.95,15.65,40.36,36.96,34.43,31.89,25.74,20.63,-22.22,15.28,18.52,136.36,75.86,92.86,81.34,47.12,387,387,379,345,387,387,379,345,387,387,379,345,387,387,379,345,385,385,385,385,385,385,385,385,385,96.99,96.99,94.99,86.47,96.99,96.99,94.99,86.47,96.99,96.99,94.99,86.47,96.99,96.99,94.99,86.47,96.49,96.49,96.49,96.49,96.49,96.49,96.49,96.49,96.49,0.25,0.25,0.0,0.0,0.25,0.25,0.0,0.0,0.25,0.25,0.0,0.0,0.25,0.25,0.0,0.0,0.0,0.0,0.0,0.0,0.0,0.0,0.0,0.0,0.0,2025-2026,6186.0,5418.0,1572.0,13176.0
2026-01-10T00:00:00.000,CA,69914.0,62392.0,6823.0,54898.0,49490.0,4748.0,10934.0,7303.0,3156.0,7692.0,5488.0,1956.0,315.0,10.0,325.0,916.0,72.0,988.0,207.0,86.0,293.0,47.0,6.0,53.0,139.0,20.0,159.0,25.0,22.0,47.0,7.0,2.0,9.0,68.0,49.0,59.0,150.0,326.0,3.0,338.0,70.0,63.0,133.0,270.0,235.0,271.0,576.0,1352.0,9.0,1494.0,130.0,16.0,146.0,34.0,46.0,49.0,129.0,258.0,3.0,407.0,78.52,0.46,1.41,0.42,70.35,0.48,1.45,0.43,96.45,2.66,90.5,8.9,63.39,35.87,385,385,378,378,385,385,385,383,383,383,385,385,385,385,385,385,385,385,385,385,378,385,385,385,378,378,378,96.49,96.49,94.74,94.74,96.49,96.49,96.49,95.99,95.99,95.99,96.49,96.49,96.49,96.49,96.49,96.49,96.49,96.49,96.49,96.49,94.74,96.49,96.49,96.49,94.74,94.74,94.74,-0.5,-0.5,-0.5,-0.5,-0.5,-0.5,-0.5,-0.5,-0.5,-0.5,-0.5,-0.25,-0.5,-0.25,-0.5,-0.5,-0.5,-0.5,-0.5,-0.5,-0.5,-0.5,-0.5,-0.5,-0.5,-0.5,-0.5,0.33,0.03,0.11,0.4,0.69,1.61,5.66,1.07,0.87,3.34,0.99,1.57,1.59,3.3,7.4,21.73,4.45,3.85,6.2,0.25,1.73,0.2,0.65,1.34,4.87,0.85,1.05,1,1,1,1,1,1,79.32,69.59,75.15,61.98,0.5,0.15,0.64,0.19,1.47,1.06,1.9,0.63,0.33,1.26,0.34,0.7,16.31,14.92,60.0,16.09,15.17,27.78,16.04,12.08,25.58,-50.0,100.0,-40.0,51.11,-9.26,-21.33,-1.96,-0.31,-2.03,4.48,-10.0,-2.92,1.5,0.86,-13.97,-6.04,-5.26,-4.72,-14.47,14.29,-12.05,6.25,-11.54,-3.92,19.44,6.17,-0.49,385,385,377,343,385,385,377,343,385,385,377,343,385,385,377,343,383,383,383,383,383,383,383,383,383,96.49,96.49,94.49,85.96,96.49,96.49,94.49,85.96,96.49,96.49,94.49,85.96,96.49,96.49,94.49,85.96,95.99,95.99,95.99,95.99,95.99,95.99,95.99,95.99,95.99,-0.5,-0.5,-0.5,-0.5,-0.5,-0.5,-0.5,-0.5,-0.5,-0.5,-0.5,-0.5,-0.5,-0.5,-0.5,-0.5,-0.5,-0.5,-0.5,-0.5,-0.5,-0.5,-0.5,-0.5,-0.5,2025-2026,6524.0,6912.0,1979.0,15415.0
2026-01-17T00:00:00.000,CA,69948.0,62439.0,6944.0,55080.0,49713.0,4844.0,11040.0,7260.0,3189.0,7624.0,5566.0,1942.0,296.0,11.0,307.0,810.0,74.0,884.0,212.0,77.0,289.0,56.0,8.0,64.0,111.0,11.0,122.0,25.0,18.0,43.0,8.0,3.0,11.0,52.0,29.0,57.0,152.0,290.0,2.0,303.0,62.0,100.0,162.0,285.0,208.0,278.0,457.0,1228.0,6.0,1396.0,133.0,18.0,151.0,45.0,50.0,49.0,130.0,274.0,3.0,428.0,78.74,0.44,1.26,0.41,69.06,0.58,1.11,0.39,95.71,3.63,87.97,11.6,64.02,35.28,384,384,376,376,384,384,384,381,381,381,384,384,384,384,384,384,384,384,384,384,376,384,384,384,376,376,376,96.24,96.24,94.24,94.24,96.24,96.24,96.24,95.49,95.49,95.49,96.24,96.24,96.24,96.24,96.24,96.24,96.24,96.24,96.24,96.24,94.24,96.24,96.24,96.24,94.24,94.24,94.24,-0.25,-0.25,-0.5,-0.5,-0.25,-0.25,-0.25,-0.5,-0.5,-0.5,-0.25,-0.25,-0.25,-0.25,-0.25,-0.25,-0.25,-0.25,-0.25,-0.25,-0.5,-0.25,-0.25,-0.25,-0.5,-0.5,-0.5,0.38,0.05,0.13,0.31,0.41,1.56,5.73,0.95,0.78,2.96,1.58,1.92,1.68,2.92,7.59,17.24,4.04,3.6,6.34,0.28,1.79,0.27,0.7,1.34,4.9,0.9,1.1,1,1,1,1,1,1,79.62,69.76,76.67,60.9,0.47,0.16,0.77,0.25,1.3,1.07,1.53,0.34,0.34,1.11,0.34,0.56,20.85,18.92,72.73,13.8,13.7,14.86,14.88,11.79,23.38,14.29,50.0,22.22,-23.53,-40.82,-3.39,1.33,-11.04,-10.36,-11.43,58.73,21.8,5.56,-11.49,2.58,-20.66,-9.17,-6.56,2.31,12.5,3.42,32.35,8.7,0.0,0.78,6.2,5.16,384,384,375,341,384,384,375,341,384,384,375,341,384,384,375,341,381,381,381,381,381,381,381,381,381,96.24,96.24,93.98,85.46,96.24,96.24,93.98,85.46,96.24,96.24,93.98,85.46,96.24,96.24,93.98,85.46,95.49,95.49,95.49,95.49,95.49,95.49,95.49,95.49,95.49,-0.25,-0.25,-0.5,-0.5,-0.25,-0.25,-0.5,-0.5,-0.25,-0.25,-0.5,-0.5,-0.25,-0.25,-0.5,-0.5,-0.5,-0.5,-0.5,-0.5,-0.5,-0.5,-0.5,-0.5,-0.5,2025-2026,6827.0,8308.0,2407.0,17542.0
2026-01-24T00:00:00.000,CA,67695.0,60298.0,6846.0,53551.0,48298.0,4819.0,10673.0,7159.0,3196.0,7419.0,5349.0,1960.0,285.0,20.0,305.0,940.0,89.0,1029.0,241.0,107.0,348.0,65.0,8.0,73.0,131.0,14.0,145.0,22.0,27.0,49.0,15.0,5.0,20.0,40.0,36.0,44.0,139.0,259.0,4.0,283.0,83.0,114.0,197.0,286.0,227.0,317.0,585.0,1415.0,12.0,1624.0,171.0,13.0,184.0,40.0,42.0,64.0,123.0,269.0,6.0,459.0,79.11,0.45,1.52,0.51,69.51,0.68,1.36,0.46,91.52,7.07,87.13,12.13,58.61,40.09,384,384,378,378,384,384,384,383,383,383,384,384,384,384,384,384,384,384,384,384,378,384,384,384,378,378,378,96.24,96.24,94.74,94.74,96.24,96.24,96.24,95.99,95.99,95.99,96.24,96.24,96.24,96.24,96.24,96.24,96.24,96.24,96.24,96.24,94.74,96.24,96.24,96.24,94.74,94.74,94.74,0.0,0.0,0.5,0.5,0.0,0.0,0.0,0.5,0.5,0.5,0.0,0.0,0.0,0.0,0.0,0.0,0.0,0.0,0.0,0.0,0.5,0.0,0.0,0.0,0.5,0.5,0.5,0.72,0.08,0.24,0.24,0.51,1.2,5.24,0.85,0.73,3.96,1.8,2.33,1.69,3.19,8.66,22.07,4.66,4.18,8.15,0.2,2.18,0.24,0.59,1.75,4.64,0.89,1.18,1,1,1,1,1,1,80.1,70.39,74.72,61.33,0.47,0.29,0.91,0.25,1.56,1.3,1.83,0.44,0.4,1.56,0.31,0.84,23.93,22.81,40.0,14.09,13.94,15.73,14.08,9.13,25.23,87.5,66.67,81.82,-23.08,24.14,-22.81,-8.55,-10.69,-6.6,33.87,14.0,21.6,0.35,9.13,14.03,28.01,15.23,16.33,28.57,-27.78,21.85,-11.11,-16.0,30.61,-5.38,-1.82,7.24,384,384,377,344,384,384,377,344,384,384,377,344,384,384,377,344,383,383,383,383,383,383,383,383,383,96.24,96.24,94.49,86.22,96.24,96.24,94.49,86.22,96.24,96.24,94.49,86.22,96.24,96.24,94.49,86.22,95.99,95.99,95.99,95.99,95.99,95.99,95.99,95.99,95.99,0.0,0.0,0.5,0.75,0.0,0.0,0.5,0.75,0.0,0.0,0.5,0.75,0.0,0.0,0.5,0.75,0.5,0.5,0.5,0.5,0.5,0.5,0.5,0.5,0.5,2025-2026,7110.0,9932.0,2866.0,19908.0
2026-01-31T00:00:00.000,CA,67356.0,59871.0,6935.0,53170.0,47863.0,4903.0,10697.0,7123.0,3246.0,7405.0,5292.0,1992.0,309.0,14.0,323.0,988.0,86.0,1074.0,284.0,118.0,402.0,81.0,6.0,87.0,141.0,13.0,154.0,34.0,30.0,64.0,11.0,3.0,14.0,38.0,45.0,49.0,119.0,251.0,3.0,268.0,88.0,136.0,224.0,282.0,218.0,327.0,585.0,1412.0,13.0,1649.0,173.0,36.0,209.0,35.0,48.0,67.0,160.0,310.0,2.0,521.0,78.94,0.48,1.59,0.6,69.23,0.81,1.44,0.6,93.66,5.22,85.63,13.58,59.5,40.12,382,382,374,374,382,382,382,379,379,379,383,383,383,383,383,383,383,383,383,382,374,382,382,382,374,374,374,95.74,95.74,93.73,93.73,95.74,95.74,95.74,94.99,94.99,94.99,95.99,95.99,95.99,95.99,95.99,95.99,95.99,95.99,95.99,95.74,93.73,95.74,95.74,95.74,93.73,93.73,93.73,-0.5,-0.5,-1.0,-1.0,-0.5,-0.5,-0.5,-1.0,-1.0,-1.0,-0.25,-0.25,-0.25,-0.25,-0.25,-0.25,-0.25,-0.25,-0.25,-0.5,-1.0,-0.5,-0.5,-0.5,-1.0,-1.0,-1.0,0.52,0.05,0.17,0.22,0.63,1.34,4.49,0.83,0.69,4.19,2.14,2.65,1.66,3.06,8.93,22.07,4.65,4.25,8.25,0.57,2.47,0.21,0.67,1.83,6.04,1.02,1.34,1,1,1,1,1,1,79.94,70.7,74.29,61.37,0.52,0.2,1.14,0.18,1.65,1.24,1.98,0.4,0.47,1.7,0.48,0.92,26.93,26.21,42.86,14.34,14.27,15.12,15.92,11.97,25.42,-26.67,-40.0,-30.0,-5.0,25.0,11.36,-14.39,-3.09,-5.3,6.02,19.3,13.71,-1.4,-3.96,3.15,0.0,-0.21,1.54,1.17,176.92,13.59,-12.5,14.29,4.69,30.08,15.24,13.51,382,382,373,339,382,382,373,339,382,382,373,339,382,382,373,339,379,379,379,379,379,379,379,379,379,95.74,95.74,93.48,84.96,95.74,95.74,93.48,84.96,95.74,95.74,93.48,84.96,95.74,95.74,93.48,84.96,94.99,94.99,94.99,94.99,94.99,94.99,94.99,94.99,94.99,-0.5,-0.5,-1.0,-1.25,-0.5,-0.5,-1.0,-1.25,-0.5,-0.5,-1.0,-1.25,-0.5,-0.5,-1.0,-1.25,-1.0,-1.0,-1.0,-1.0,-1.0,-1.0,-1.0,-1.0,-1.0,2025-2026,7378.0,11581.0,3387.0,22346.0
2026-02-07T00:00:00.000,CA,67567.0,59935.0,6954.0,53768.0,48280.0,4905.0,10917.0,7179.0,3290.0,7639.0,5414.0,1991.0,320.0,23.0,343.0,1281.0,114.0,1395.0,316.0,132.0,448.0,73.0,9.0,82.0,166.0,19.0,185.0,37.0,29.0,66.0,25.0,7.0,32.0,46.0,39.0,55.0,151.0,291.0,2.0,325.0,85.0,159.0,244.0,373.0,279.0,368.0,800.0,1820.0,10.0,2074.0,181.0,33.0,214.0,56.0,65.0,91.0,151.0,363.0,7.0,584.0,79.58,0.51,2.06,0.66,69.97,0.75,1.69,0.6,89.54,9.85,87.75,11.76,62.16,36.64,384,384,377,377,384,384,384,382,382,382,385,385,385,384,385,385,385,385,385,384,377,384,384,384,377,377,377,96.24,96.24,94.49,94.49,96.24,96.24,96.24,95.74,95.74,95.74,96.49,96.49,96.49,96.24,96.49,96.49,96.49,96.49,96.49,96.24,94.49,96.24,96.24,96.24,94.49,94.49,94.49,0.5,0.5,0.75,0.75,0.5,0.5,0.5,0.75,0.75,0.75,0.5,0.5,0.5,0.25,0.5,0.5,0.5,0.5,0.5,0.5,0.75,0.5,0.5,0.5,0.75,0.75,0.75,1.19,0.11,0.38,0.27,0.55,1.5,5.7,0.96,0.84,4.05,2.5,2.89,2.2,3.92,10.05,30.18,5.99,5.34,8.63,0.52,2.53,0.33,0.91,2.49,5.7,1.19,1.5,1,1,1,1,1,1,80.55,70.53,75.41,60.52,0.53,0.33,1.02,0.27,2.14,1.64,2.31,0.58,0.53,1.9,0.52,0.88,23.91,22.81,39.13,13.26,12.96,16.67,14.73,11.71,21.97,127.27,133.33,128.57,21.05,-13.33,12.24,26.89,15.94,21.27,-3.41,16.91,8.93,32.27,27.98,12.54,36.75,28.9,25.77,4.62,-8.33,2.39,60.0,35.42,35.82,-5.63,17.1,12.09,384,384,376,342,384,384,376,342,384,384,376,342,384,384,376,342,382,382,382,382,382,382,382,382,382,96.24,96.24,94.24,85.71,96.24,96.24,94.24,85.71,96.24,96.24,94.24,85.71,96.24,96.24,94.24,85.71,95.74,95.74,95.74,95.74,95.74,95.74,95.74,95.74,95.74,0.5,0.5,0.75,0.75,0.5,0.5,0.75,0.75,0.5,0.5,0.75,0.75,0.5,0.5,0.75,0.75,0.75,0.75,0.75,0.75,0.75,0.75,0.75,0.75,0.75,2025-2026,7703.0,13655.0,3971.0,25329.0
2026-02-14T00:00:00.000,CA,67372.0,59764.0,7078.0,53408.0,48124.0,4868.0,11022.0,7172.0,3530.0,7458.0,5326.0,2035.0,338.0,24.0,362.0,1325.0,140.0,1465.0,292.0,127.0,419.0,73.0,10.0,83.0,174.0,28.0,202.0,36.0,32.0,68.0,17.0,8.0,25.0,48.0,51.0,81.0,137.0,317.0,3.0,345.0,90.0,160.0,250.0,400.0,315.0,419.0,762.0,1896.0,5.0,2151.0,167.0,40.0,207.0,54.0,59.0,72.0,169.0,354.0,4.0,565.0,79.27,0.54,2.17,0.62,67.66,0.75,1.83,0.62,91.88,7.25,88.15,11.62,62.65,36.64,384,384,376,376,384,384,384,381,381,381,385,385,385,384,385,385,385,385,385,384,376,384,384,384,376,376,376,96.24,96.24,94.24,94.24,96.24,96.24,96.24,95.49,95.49,95.49,96.49,96.49,96.49,96.24,96.49,96.49,96.49,96.49,96.49,96.24,94.24,96.24,96.24,96.24,94.24,94.24,94.24,0.0,0.0,-0.25,-0.25,0.0,0.0,0.0,-0.25,-0.25,-0.25,0.0,0.0,0.0,0.0,0.0,0.0,0.0,0.0,0.0,0.0,-0.25,0.0,0.0,0.0,-0.25,-0.25,-0.25,0.81,0.13,0.3,0.28,0.72,2.21,5.17,1.04,0.89,4.29,2.52,2.96,2.36,4.42,11.45,28.74,6.24,5.54,7.96,0.63,2.45,0.32,0.83,1.97,6.38,1.17,1.46,1,1,1,1,1,1,80.52,68.78,74.26,57.65,0.57,0.34,1.02,0.28,2.22,1.98,2.43,0.79,0.49,1.79,0.5,0.91,22.93,21.6,41.67,13.79,13.13,20.0,16.23,12.33,25.2,-32.0,14.29,-21.88,4.35,30.77,47.27,-9.27,8.93,6.15,5.88,0.63,2.46,7.24,12.9,13.86,-4.75,4.18,3.71,-7.73,21.21,-3.27,-3.57,-9.23,-20.88,11.92,-2.48,-3.25,384,384,375,342,384,384,375,342,384,383,375,342,384,384,375,342,381,381,381,381,381,380,381,381,381,96.24,96.24,93.98,85.71,96.24,96.24,93.98,85.71,96.24,95.99,93.98,85.71,96.24,96.24,93.98,85.71,95.49,95.49,95.49,95.49,95.49,95.24,95.49,95.49,95.49,0.0,0.0,-0.25,0.0,0.0,0.0,-0.25,0.0,0.0,-0.25,-0.25,0.0,0.0,0.0,-0.25,0.0,-0.25,-0.25,-0.25,-0.25,-0.25,-0.5,-0.25,-0.25,-0.25,2025-2026,8048.0,15806.0,4536.0,28390.0
2026-02-21T00:00:00.000,CA,67015.0,59372.0,6989.0,52717.0,47242.0,4918.0,10907.0,7162.0,3292.0,7621.0,5370.0,2012.0,302.0,14.0,316.0,1144.0,115.0,1259.0,317.0,170.0,487.0,77.0,5.0,82.0,161.0,21.0,182.0,35.0,38.0,73.0,12.0,10.0,22.0,48.0,38.0,49.0,127.0,262.0,9.0,293.0,72.0,139.0,211.0,263.0,218.0,273.0,594.0,1348.0,7.0,1566.0,218.0,32.0,250.0,46.0,71.0,71.0,157.0,345.0,2.0,597.0,78.66,0.47,1.88,0.73,69.87,0.75,1.67,0.67,89.42,7.51,86.08,13.47,57.79,41.88,383,383,377,377,383,383,383,382,382,382,383,383,383,382,383,383,383,383,383,383,377,383,383,383,377,377,377,95.99,95.99,94.49,94.49,95.99,95.99,95.99,95.74,95.74,95.74,95.99,95.99,95.99,95.74,95.99,95.99,95.99,95.99,95.99,95.99,94.49,95.99,95.99,95.99,94.49,94.49,94.49,-0.25,-0.25,0.25,0.25,-0.25,-0.25,-0.25,0.25,0.25,0.25,-0.5,-0.5,-0.5,-0.5,-0.5,-0.5,-0.5,-0.5,-0.5,-0.25,0.25,-0.25,-0.25,-0.25,0.25,0.25,0.25,0.57,0.16,0.26,0.28,0.53,1.34,4.79,0.86,0.75,3.43,2.19,2.5,1.55,3.06,7.46,22.41,4.44,4.03,10.39,0.5,2.96,0.27,1.0,1.94,5.92,1.14,1.54,1,1,1,1,1,1,79.57,70.37,74.98,61.12,0.51,0.2,1.08,0.15,1.93,1.65,2.25,0.64,0.53,2.43,0.49,1.15,25.95,25.5,35.71,14.46,14.07,18.26,14.99,11.04,22.35,-29.41,25.0,-12.0,0.0,-25.49,-39.51,-7.3,-17.35,-15.07,-20.0,-13.13,-15.6,-34.25,-30.79,-34.84,-22.05,-28.9,-27.2,30.54,-20.0,20.77,-14.81,20.34,-1.39,-7.1,-2.54,5.66,383,383,376,344,383,383,376,344,383,383,376,344,383,383,376,344,382,382,382,382,382,382,382,382,382,95.99,95.99,94.24,86.22,95.99,95.99,94.24,86.22,95.99,95.99,94.24,86.22,95.99,95.99,94.24,86.22,95.74,95.74,95.74,95.74,95.74,95.74,95.74,95.74,95.74,-0.25,-0.25,0.25,0.5,-0.25,-0.25,0.25,0.5,-0.25,0.0,0.25,0.5,-0.25,-0.25,0.25,0.5,0.25,0.25,0.25,0.25,0.25,0.5,0.25,0.25,0.25,2025-2026,8341.0,17372.0,5133.0,30846.0
2026-02-28T00:00:00.000,CA,67233.0,59649.0,7046.0,53798.0,48356.0,4990.0,10875.0,7248.0,3304.0,7630.0,5501.0,1994.0,282.0,18.0,300.0,997.0,99.0,1096.0,290.0,134.0,424.0,68.0,7.0,75.0,157.0,21.0,178.0,41.0,40.0,81.0,11.0,10.0,21.0,43.0,36.0,53.0,122.0,254.0,4.0,279.0,67.0,106.0,173.0,212.0,202.0,243.0,476.0,1133.0,8.0,1314.0,179.0,23.0,202.0,53.0,56.0,86.0,157.0,352.0,5.0,559.0,80.02,0.45,1.63,0.63,70.16,0.69,1.64,0.74,91.04,7.53,86.23,13.17,62.97,36.14,380,380,375,375,380,380,380,380,380,380,380,380,380,380,380,380,380,380,380,380,375,380,380,380,375,375,375,95.24,95.24,93.98,93.98,95.24,95.24,95.24,95.24,95.24,95.24,95.24,95.24,95.24,95.24,95.24,95.24,95.24,95.24,95.24,95.24,93.98,95.24,95.24,95.24,93.98,93.98,93.98,-0.75,-0.75,-0.5,-0.5,-0.75,-0.75,-0.75,-0.5,-0.5,-0.5,-0.75,-0.75,-0.75,-0.5,-0.75,-0.75,-0.75,-0.75,-0.75,-0.75,-0.5,-0.75,-0.75,-0.75,-0.5,-0.5,-0.5,0.52,0.16,0.25,0.25,0.51,1.45,4.6,0.84,0.72,3.19,1.67,2.05,1.25,2.84,6.64,17.96,3.73,3.38,8.53,0.36,2.39,0.31,0.79,2.35,5.92,1.16,1.44,1,1,1,1,1,1,81.07,70.82,75.9,60.35,0.47,0.26,0.94,0.21,1.67,1.41,2.17,0.64,0.49,1.9,0.57,1.21,25.0,24.11,38.89,16.24,15.75,21.21,19.1,14.14,29.85,-8.33,0.0,-4.55,-10.42,-5.26,8.16,-3.94,-3.05,-4.78,-6.94,-23.74,-18.01,-19.39,-7.34,-10.99,-19.87,-15.95,-16.09,-17.89,-28.13,-19.2,15.22,-21.13,21.13,0.0,2.03,-6.37,380,380,374,342,380,380,374,342,380,380,374,342,380,380,374,342,380,380,380,380,380,380,380,380,380,95.24,95.24,93.73,85.71,95.24,95.24,93.73,85.71,95.24,95.24,93.73,85.71,95.24,95.24,93.73,85.71,95.24,95.24,95.24,95.24,95.24,95.24,95.24,95.24,95.24,-0.75,-0.75,-0.5,-0.5,-0.75,-0.75,-0.5,-0.5,-0.75,-0.75,-0.5,-0.5,-0.75,-0.75,-0.5,-0.5,-0.5,-0.5,-0.5,-0.5,-0.5,-0.5,-0.5,-0.5,-0.5,2025-2026,8620.0,18686.0,5692.0,32998.0
2026-03-07T00:00:00.000,CA,66759.0,59269.0,6974.0,53023.0,47590.0,4963.0,10620.0,7017.0,3283.0,7459.0,5331.0,2029.0,240.0,18.0,258.0,757.0,89.0,846.0,270.0,157.0,427.0,51.0,9.0,60.0,125.0,19.0,144.0,33.0,34.0,67.0,13.0,9.0,22.0,33.0,46.0,41.0,94.0,214.0,2.0,238.0,48.0,88.0,136.0,167.0,139.0,165.0,363.0,834.0,4.0,974.0,181.0,26.0,207.0,63.0,55.0,60.0,121.0,299.0,4.0,510.0,79.42,0.39,1.27,0.64,70.24,0.56,1.36,0.63,89.92,9.24,85.63,13.96,58.63,40.59,375,375,369,369,375,375,375,374,374,374,375,375,375,375,375,375,375,375,375,375,369,375,375,375,369,369,369,93.98,93.98,92.48,92.48,93.98,93.98,93.98,93.73,93.73,93.73,93.98,93.98,93.98,93.98,93.98,93.98,93.98,93.98,93.98,93.98,92.48,93.98,93.98,93.98,92.48,92.48,92.48,-1.25,-1.25,-1.5,-1.5,-1.25,-1.25,-1.25,-1.5,-1.5,-1.5,-1.25,-1.25,-1.25,-1.25,-1.25,-1.25,-1.25,-1.25,-1.25,-1.25,-1.5,-1.25,-1.25,-1.25,-1.5,-1.5,-1.5,0.62,0.14,0.26,0.19,0.65,1.12,3.55,0.7,0.61,2.29,1.39,1.61,0.99,1.95,4.51,13.69,2.74,2.51,8.63,0.41,2.45,0.37,0.77,1.64,4.56,0.98,1.31,1,1,1,1,1,1,80.29,71.16,75.97,61.8,0.4,0.26,0.73,0.27,1.28,1.28,1.78,0.58,0.46,2.25,0.47,1.04,23.26,21.25,50.0,17.02,16.51,21.35,15.69,12.22,21.66,18.18,-10.0,4.76,-23.26,27.78,-22.64,-22.95,-15.75,-14.7,-28.36,-16.98,-21.39,-21.23,-31.19,-32.1,-23.74,-26.39,-25.88,1.12,13.04,2.48,18.87,-1.79,-30.23,-22.93,-15.06,-8.77,375,375,368,336,375,375,368,336,375,375,368,336,375,375,368,336,374,374,374,374,374,374,374,374,374,93.98,93.98,92.23,84.21,93.98,93.98,92.23,84.21,93.98,93.98,92.23,84.21,93.98,93.98,92.23,84.21,93.73,93.73,93.73,93.73,93.73,93.73,93.73,93.73,93.73,-1.25,-1.25,-1.5,-1.5,-1.25,-1.25,-1.5,-1.5,-1.25,-1.25,-1.5,-1.5,-1.25,-1.25,-1.5,-1.5,-1.5,-1.5,-1.5,-1.5,-1.5,-1.5,-1.5,-1.5,-1.5,2025-2026,8858.0,19660.0,6202.0,34720.0
2026-03-14T00:00:00.000,CA,66288.0,58549.0,6945.0,51823.0,46258.0,4849.0,10733.0,6993.0,3285.0,7441.0,5204.0,2001.0,243.0,17.0,260.0,575.0,72.0,647.0,264.0,125.0,389.0,58.0,7.0,65.0,93.0,22.0,115.0,32.0,34.0,66.0,10.0,2.0,12.0,23.0,35.0,38.0,93.0,189.0,4.0,205.0,38.0,67.0,105.0,141.0,109.0,97.0,210.0,557.0,9.0,671.0,147.0,21.0,168.0,45.0,49.0,63.0,117.0,274.0,6.0,448.0,78.18,0.39,0.98,0.59,69.33,0.61,1.07,0.61,92.2,5.85,83.01,15.65,61.16,37.5,375,375,371,371,375,375,375,376,376,376,376,376,376,376,376,376,376,376,376,375,371,375,375,375,371,371,371,93.98,93.98,92.98,92.98,93.98,93.98,93.98,94.24,94.24,94.24,94.24,94.24,94.24,94.24,94.24,94.24,94.24,94.24,94.24,93.98,92.98,93.98,93.98,93.98,92.98,92.98,92.98,0.0,0.0,0.5,0.5,0.0,0.0,0.0,0.5,0.5,0.5,0.25,0.25,0.25,0.25,0.25,0.25,0.25,0.25,0.25,0.0,0.5,0.0,0.0,0.0,0.5,0.5,0.5,0.48,0.03,0.14,0.14,0.49,1.04,3.51,0.62,0.53,1.81,1.06,1.24,0.83,1.53,2.65,7.92,1.83,1.73,7.01,0.33,1.99,0.27,0.69,1.72,4.41,0.9,1.15,1,1,1,1,1,1,79.01,69.82,74.42,60.91,0.42,0.24,0.83,0.21,0.98,1.04,1.33,0.67,0.45,1.8,0.46,1.04,25.0,23.87,41.18,17.77,16.17,30.56,16.97,12.12,27.2,-23.08,-77.78,-45.45,-30.3,-23.91,-7.32,-1.06,-11.68,-13.87,-20.83,-23.86,-22.79,-15.57,-21.58,-41.21,-42.15,-33.21,-31.11,-18.78,-19.23,-18.84,-28.57,-10.91,5.0,-3.31,-8.36,-12.16,375,375,370,338,375,375,370,338,375,375,370,338,375,375,370,338,375,375,375,375,375,375,375,375,375,93.98,93.98,92.73,84.71,93.98,93.98,92.73,84.71,93.98,93.98,92.73,84.71,93.98,93.98,92.73,84.71,93.98,93.98,93.98,93.98,93.98,93.98,93.98,93.98,93.98,0.0,0.0,0.5,0.5,0.0,0.0,0.5,0.5,0.0,0.0,0.5,0.5,0.0,0.0,0.5,0.5,0.25,0.25,0.25,0.25,0.25,0.25,0.25,0.25,0.25,2025-2026,9063.0,20331.0,6650.0,36044.0
2026-03-21T00:00:00.000,CA,67129.0,59694.0,6919.0,52408.0,47280.0,4725.0,10645.0,7093.0,3233.0,7289.0,5292.0,1902.0,237.0,19.0,256.0,476.0,61.0,537.0,210.0,122.0,332.0,47.0,6.0,53.0,70.0,22.0,92.0,17.0,34.0,51.0,12.0,6.0,18.0,30.0,27.0,46.0,96.0,199.0,2.0,219.0,41.0,76.0,117.0,167.0,110.0,98.0,209.0,584.0,0.0,701.0,169.0,30.0,199.0,30.0,40.0,67.0,109.0,246.0,8.0,453.0,78.07,0.38,0.8,0.49,68.47,0.5,0.86,0.48,90.87,8.22,83.31,16.69,54.3,43.93,382,382,376,376,382,382,382,381,381,381,382,382,382,382,382,382,382,381,382,382,376,382,382,382,376,376,376,95.74,95.74,94.24,94.24,95.74,95.74,95.74,95.49,95.49,95.49,95.74,95.74,95.74,95.74,95.74,95.74,95.74,95.49,95.74,95.74,94.24,95.74,95.74,95.74,94.24,94.24,94.24,1.75,1.75,1.25,1.25,1.75,1.75,1.75,1.25,1.25,1.25,1.5,1.5,1.5,1.5,1.5,1.5,1.5,1.25,1.5,1.75,1.25,1.75,1.75,1.75,1.25,1.25,1.25,0.57,0.09,0.21,0.18,0.38,1.26,3.62,0.65,0.56,1.95,1.2,1.39,0.99,1.54,2.68,7.88,1.92,1.81,8.06,0.47,2.36,0.18,0.56,1.83,4.11,0.81,1.17,1,1,1,1,1,1,79.2,68.29,74.61,58.83,0.4,0.27,0.66,0.19,0.8,0.88,0.99,0.68,0.35,1.76,0.24,1.05,20.7,19.83,31.58,17.13,14.71,36.07,15.36,8.1,27.87,20.0,200.0,50.0,30.43,-22.86,21.05,3.23,5.29,6.83,7.89,13.43,11.43,18.44,0.92,1.03,-0.48,4.85,4.47,14.97,42.86,18.45,-33.33,-18.37,6.35,-6.84,-10.22,1.12,382,382,375,343,382,382,375,343,382,382,375,343,382,382,375,343,381,381,381,381,381,381,381,381,381,95.74,95.74,93.98,85.96,95.74,95.74,93.98,85.96,95.74,95.74,93.98,85.96,95.74,95.74,93.98,85.96,95.49,95.49,95.49,95.49,95.49,95.49,95.49,95.49,95.49,1.75,1.75,1.25,1.25,1.75,1.75,1.25,1.25,1.75,1.75,1.25,1.25,1.75,1.75,1.25,1.25,1.5,1.5,1.5,1.5,1.5,1.5,1.5,1.5,1.5,2025-2026,9282.0,21032.0,7103.0,37417.0
2026-03-28T00:00:00.000,CA,70586.0,62639.0,7426.0,51854.0,46680.0,4769.0,10938.0,7288.0,3326.0,7220.0,5205.0,1920.0,189.0,14.0,203.0,343.0,61.0,404.0,219.0,83.0,302.0,26.0,6.0,32.0,47.0,15.0,62.0,28.0,23.0,51.0,6.0,3.0,9.0,23.0,32.0,40.0,70.0,165.0,3.0,177.0,33.0,47.0,80.0,76.0,60.0,74.0,131.0,341.0,5.0,426.0,130.0,20.0,150.0,26.0,35.0,54.0,95.0,210.0,2.0,362.0,73.46,0.29,0.57,0.43,66.01,0.29,0.57,0.47,93.22,5.08,80.05,18.78,58.01,41.44,383,383,378,378,383,383,383,383,383,383,383,383,383,383,383,383,383,383,383,383,378,383,383,383,378,378,378,95.99,95.99,94.74,94.74,95.99,95.99,95.99,95.99,95.99,95.99,95.99,95.99,95.99,95.99,95.99,95.99,95.99,95.99,95.99,95.99,94.74,95.99,95.99,95.99,94.74,94.74,94.74,0.25,0.25,0.5,0.5,0.25,0.25,0.25,0.5,0.5,0.5,0.25,0.25,0.25,0.25,0.25,0.25,0.25,0.5,0.25,0.25,0.5,0.25,0.25,0.25,0.5,0.5,0.5,0.29,0.05,0.11,0.14,0.45,1.09,2.64,0.54,0.46,1.57,0.74,0.95,0.45,0.84,2.02,4.94,1.12,1.1,6.2,0.32,1.78,0.15,0.49,1.48,3.58,0.69,0.93,1,1,1,1,1,1,74.52,64.22,71.42,57.73,0.3,0.19,0.36,0.18,0.55,0.82,0.64,0.45,0.35,1.12,0.38,0.69,15.76,13.76,42.86,15.35,13.7,24.59,16.89,12.79,27.71,-50.0,-50.0,-50.0,-23.33,18.52,-13.04,-27.08,-17.09,-19.18,-19.51,-38.16,-31.62,-54.49,-45.45,-24.49,-37.32,-41.61,-39.23,-23.08,-33.33,-24.62,-13.33,-12.5,-19.4,-12.84,-14.63,-20.09,383,383,377,345,383,383,377,345,383,383,377,345,383,383,377,345,383,383,383,383,383,383,383,383,383,95.99,95.99,94.49,86.47,95.99,95.99,94.49,86.47,95.99,95.99,94.49,86.47,95.99,95.99,94.49,86.47,95.99,95.99,95.99,95.99,95.99,95.99,95.99,95.99,95.99,0.25,0.25,0.5,0.5,0.25,0.25,0.5,0.5,0.25,0.25,0.5,0.5,0.25,0.25,0.5,0.5,0.5,0.5,0.5,0.5,0.5,0.5,0.5,0.5,0.5,2025-2026,9459.0,21458.0,7465.0,38382.0
2026-04-04T00:00:00.000,CA,70009.0,62010.0,7464.0,50676.0,45524.0,4672.0,10892.0,7209.0,3355.0,7037.0,5052.0,1880.0,159.0,6.0,165.0,258.0,39.0,297.0,186.0,86.0,272.0,26.0,3.0,29.0,42.0,4.0,46.0,25.0,30.0,55.0,4.0,3.0,7.0,24.0,27.0,25.0,66.0,142.0,3.0,152.0,20.0,51.0,71.0,58.0,43.0,37.0,99.0,237.0,4.0,312.0,101.0,9.0,110.0,32.0,21.0,31.0,76.0,160.0,3.0,273.0,72.38,0.24,0.42,0.39,64.61,0.27,0.42,0.5,93.42,4.61,75.96,22.76,58.61,40.29,375,375,370,370,375,375,375,375,375,375,375,375,375,375,375,375,375,375,375,375,370,375,375,375,370,370,370,93.98,93.98,92.73,92.73,93.98,93.98,93.98,93.98,93.98,93.98,93.98,93.98,93.98,93.98,93.98,93.98,93.98,93.98,93.98,93.98,92.73,93.98,93.98,93.98,92.73,92.73,92.73,-2.01,-2.01,-2.01,-2.01,-2.01,-2.01,-2.01,-2.01,-2.01,-2.01,-2.01,-2.01,-2.01,-2.01,-2.01,-2.01,-2.01,-2.01,-2.01,-2.01,-2.01,-2.01,-2.01,-2.01,-2.01,-2.01,-2.01,0.19,0.05,0.08,0.14,0.38,0.68,2.49,0.47,0.39,0.95,0.8,0.84,0.34,0.6,1.01,3.73,0.78,0.8,4.81,0.14,1.3,0.19,0.29,0.85,2.87,0.53,0.7,1,1,1,1,1,1,73.41,62.59,70.08,56.04,0.26,0.08,0.36,0.09,0.42,0.52,0.58,0.12,0.3,1.15,0.35,0.89,17.58,16.35,50.0,15.49,16.28,10.26,20.22,13.44,34.88,-33.33,0.0,-22.22,4.35,-15.63,-37.5,-5.71,-13.94,-14.12,-39.39,8.51,-11.25,-23.68,-28.33,-50.0,-24.43,-30.5,-26.76,-22.31,-55.0,-26.67,23.08,-40.0,-42.59,-20.0,-23.81,-24.59,375,375,369,337,375,375,369,337,375,375,369,337,375,375,369,337,375,375,375,375,375,375,375,375,375,93.98,93.98,92.48,84.46,93.98,93.98,92.48,84.46,93.98,93.98,92.48,84.46,93.98,93.98,92.48,84.46,93.98,93.98,93.98,93.98,93.98,93.98,93.98,93.98,93.98,-2.01,-2.01,-2.01,-2.01,-2.01,-2.01,-2.01,-2.01,-2.01,-2.01,-2.01,-2.01,-2.01,-2.01,-2.01,-2.01,-2.01,-2.01,-2.01,-2.01,-2.01,-2.01,-2.01,-2.01,-2.01,2025-2026,9611.0,21770.0,7738.0,39119.0
2026-04-11T00:00:00.000,CA,70756.0,62668.0,7560.0,51342.0,46183.0,4727.0,11074.0,7396.0,3339.0,7098.0,5140.0,1866.0,167.0,6.0,173.0,225.0,30.0,255.0,167.0,55.0,222.0,25.0,2.0,27.0,31.0,8.0,39.0,17.0,15.0,32.0,6.0,3.0,9.0,33.0,18.0,30.0,68.0,149.0,3.0,161.0,15.0,30.0,45.0,53.0,51.0,41.0,70.0,215.0,0.0,260.0,75.0,13.0,88.0,17.0,25.0,30.0,64.0,136.0,2.0,226.0,72.56,0.24,0.36,0.31,64.1,0.24,0.35,0.29,92.55,5.59,82.69,17.31,60.18,38.94,382,382,377,377,382,382,382,382,382,382,382,382,382,382,382,382,382,382,382,382,377,382,382,382,377,377,377,95.74,95.74,94.49,94.49,95.74,95.74,95.74,95.74,95.74,95.74,95.74,95.74,95.74,95.74,95.74,95.74,95.74,95.74,95.74,95.74,94.49,95.74,95.74,95.74,94.49,94.49,94.49,1.75,1.75,1.75,1.75,1.75,1.75,1.75,1.75,1.75,1.75,1.75,1.75,1.75,1.75,1.75,1.75,1.75,1.75,1.75,1.75,1.75,1.75,1.75,1.75,1.75,1.75,1.75,0.29,0.05,0.11,0.19,0.25,0.82,2.57,0.49,0.41,0.72,0.47,0.53,0.31,0.72,1.12,2.64,0.71,0.67,3.58,0.2,1.04,0.1,0.35,0.82,2.41,0.45,0.58,1,1,1,1,1,1,73.69,62.53,69.5,55.88,0.27,0.08,0.34,0.06,0.36,0.4,0.42,0.24,0.27,0.73,0.23,0.45,15.61,14.97,33.33,15.29,13.78,26.67,14.41,10.18,27.27,50.0,0.0,28.57,37.5,-33.33,20.0,3.03,4.93,5.92,-25.0,-41.18,-36.62,-8.62,18.6,10.81,-29.29,-9.28,-16.67,-25.74,44.44,-20.0,-46.88,19.05,-3.23,-15.79,-15.0,-17.22,382,382,376,346,382,382,376,346,382,382,376,346,382,382,376,346,382,382,382,382,382,382,382,382,382,95.74,95.74,94.24,86.72,95.74,95.74,94.24,86.72,95.74,95.74,94.24,86.72,95.74,95.74,94.24,86.72,95.74,95.74,95.74,95.74,95.74,95.74,95.74,95.74,95.74,1.75,1.75,1.75,2.26,1.75,1.75,1.75,2.26,1.75,1.75,1.75,2.26,1.75,1.75,1.75,2.26,1.75,1.75,1.75,1.75,1.75,1.75,1.75,1.75,1.75,2025-2026,9772.0,22030.0,7964.0,39766.0
2026-04-18T00:00:00.000,CA,70890.0,62818.0,7527.0,51509.0,46374.0,4711.0,11016.0,7348.0,3327.0,7159.0,5192.0,1870.0,162.0,6.0,168.0,188.0,24.0,212.0,140.0,58.0,198.0,18.0,2.0,20.0,29.0,6.0,35.0,20.0,12.0,32.0,2.0,2.0,4.0,29.0,20.0,29.0,58.0,136.0,2.0,142.0,19.0,16.0,35.0,45.0,23.0,35.0,56.0,159.0,0.0,194.0,50.0,7.0,57.0,20.0,24.0,31.0,52.0,127.0,4.0,188.0,72.66,0.24,0.3,0.28,64.99,0.18,0.32,0.29,95.77,2.82,81.96,18.04,67.55,30.32,382,382,376,376,382,382,382,381,381,381,382,382,382,381,382,382,382,382,382,382,376,382,382,382,376,376,376,95.74,95.74,94.24,94.24,95.74,95.74,95.74,95.49,95.49,95.49,95.74,95.74,95.74,95.49,95.74,95.74,95.74,95.74,95.74,95.74,94.24,95.74,95.74,95.74,94.24,94.24,94.24,0.0,0.0,-0.25,-0.25,0.0,0.0,0.0,-0.25,-0.25,-0.25,0.0,0.0,0.0,-0.25,0.0,0.0,0.0,0.0,0.0,0.0,-0.25,0.0,0.0,0.0,-0.25,-0.25,-0.25,0.1,0.03,0.05,0.17,0.28,0.79,2.19,0.45,0.37,0.91,0.25,0.41,0.27,0.32,0.96,2.11,0.52,0.5,2.38,0.11,0.67,0.12,0.34,0.85,1.96,0.42,0.48,1,1,1,1,1,1,73.82,62.59,70.66,56.21,0.26,0.08,0.24,0.06,0.3,0.32,0.39,0.18,0.22,0.77,0.27,0.36,11.9,11.11,33.33,16.51,15.43,25.0,16.16,14.29,20.69,-66.67,-33.33,-55.56,-12.12,11.11,-3.33,-14.71,-8.72,-11.8,26.67,-46.67,-22.22,-15.09,-54.9,-14.63,-20.0,-26.05,-25.38,-33.33,-46.15,-35.23,17.65,-4.0,3.33,-18.75,-6.62,-16.81,382,382,375,343,382,382,375,343,382,382,375,343,382,382,375,343,381,381,381,381,381,381,381,381,381,95.74,95.74,93.98,85.96,95.74,95.74,93.98,85.96,95.74,95.74,93.98,85.96,95.74,95.74,93.98,85.96,95.49,95.49,95.49,95.49,95.49,95.49,95.49,95.49,95.49,0.0,0.0,-0.25,-0.75,0.0,0.0,-0.25,-0.75,0.0,0.0,-0.25,-0.75,0.0,0.0,-0.25,-0.75,-0.25,-0.25,-0.25,-0.25,-0.25,-0.25,-0.25,-0.25,-0.25,2025-2026,9914.0,22224.0,8152.0,40290.0
2026-04-25T00:00:00.000,CA,68328.0,60343.0,7442.0,51678.0,46535.0,4709.0,10930.0,7272.0,3319.0,7192.0,5142.0,1903.0,151.0,6.0,157.0,160.0,28.0,188.0,129.0,36.0,165.0,22.0,2.0,24.0,18.0,3.0,21.0,22.0,10.0,32.0,8.0,3.0,11.0,21.0,21.0,30.0,62.0,134.0,2.0,147.0,8.0,33.0,41.0,42.0,37.0,32.0,74.0,185.0,4.0,230.0,52.0,5.0,57.0,12.0,18.0,28.0,49.0,107.0,3.0,167.0,75.63,0.23,0.28,0.24,65.8,0.22,0.19,0.29,91.16,7.48,80.43,17.83,64.07,34.13,380,380,374,374,380,380,380,379,379,379,380,380,380,380,380,380,380,380,380,380,374,380,380,380,374,374,374,95.24,95.24,93.73,93.73,95.24,95.24,95.24,94.99,94.99,94.99,95.24,95.24,95.24,95.24,95.24,95.24,95.24,95.24,95.24,95.24,93.73,95.24,95.24,95.24,93.73,93.73,93.73,-0.5,-0.5,-0.5,-0.5,-0.5,-0.5,-0.5,-0.5,-0.5,-0.5,-0.5,-0.5,-0.5,-0.25,-0.5,-0.5,-0.5,-0.5,-0.5,-0.5,-0.5,-0.5,-0.5,-0.5,-0.5,-0.5,-0.5,0.38,0.05,0.13,0.12,0.29,0.82,2.34,0.44,0.38,0.38,0.52,0.49,0.25,0.52,0.87,2.79,0.61,0.59,2.48,0.08,0.67,0.07,0.25,0.76,1.85,0.35,0.43,1,1,1,1,1,1,77.12,63.28,70.71,57.34,0.25,0.08,0.3,0.06,0.27,0.38,0.25,0.09,0.21,0.48,0.3,0.3,15.29,14.57,33.33,11.17,11.25,10.71,19.39,17.05,27.78,300.0,50.0,175.0,-27.59,5.0,3.45,6.9,-1.47,3.52,-57.89,106.25,17.14,-6.67,60.87,-8.57,32.14,16.35,18.56,4.0,-28.57,0.0,-40.0,-25.0,-9.68,-5.77,-15.75,-11.17,380,380,373,341,380,380,373,341,380,380,373,341,380,380,373,341,379,379,379,379,379,379,379,379,379,95.24,95.24,93.48,85.46,95.24,95.24,93.48,85.46,95.24,95.24,93.48,85.46,95.24,95.24,93.48,85.46,94.99,94.99,94.99,94.99,94.99,94.99,94.99,94.99,94.99,-0.5,-0.5,-0.5,-0.5,-0.5,-0.5,-0.5,-0.5,-0.5,-0.5,-0.5,-0.5,-0.5,-0.5,-0.5,-0.5,-0.5,-0.5,-0.5,-0.5,-0.5,-0.5,-0.5,-0.5,-0.5,2025-2026,10061.0,22454.0,8319.0,40834.0
2026-05-02T00:00:00.000,CA,68433.0,60457.0,7406.0,51302.0,46228.0,4666.0,11028.0,7336.0,3354.0,7184.0,5158.0,1927.0,133.0,6.0,139.0,156.0,20.0,176.0,73.0,34.0,107.0,17.0,3.0,20.0,16.0,5.0,21.0,6.0,13.0,19.0,2.0,2.0,4.0,31.0,17.0,45.0,65.0,158.0,2.0,164.0,13.0,17.0,30.0,54.0,25.0,26.0,74.0,179.0,3.0,212.0,40.0,6.0,46.0,12.0,15.0,11.0,25.0,63.0,4.0,113.0,74.97,0.2,0.26,0.16,65.14,0.18,0.19,0.17,96.34,2.44,84.43,14.15,55.75,40.71,383,383,377,377,383,383,383,382,382,382,383,382,383,383,383,383,383,383,383,383,377,383,383,383,377,377,377,95.99,95.99,94.49,94.49,95.99,95.99,95.99,95.74,95.74,95.74,95.99,95.74,95.99,95.99,95.99,95.99,95.99,95.99,95.99,95.99,94.49,95.99,95.99,95.99,94.49,94.49,94.49,0.75,0.75,0.75,0.75,0.75,0.75,0.75,0.75,0.75,0.75,0.75,0.5,0.75,0.75,0.75,0.75,0.75,0.75,0.75,0.75,0.75,0.75,0.75,0.75,0.75,0.75,0.75,0.1,0.03,0.05,0.18,0.24,1.23,2.45,0.52,0.42,0.62,0.27,0.36,0.32,0.35,0.71,2.79,0.59,0.55,1.91,0.09,0.54,0.07,0.21,0.3,0.94,0.21,0.29,1,1,1,1,1,1,76.46,63.0,70.31,57.45,0.22,0.08,0.23,0.09,0.26,0.27,0.22,0.15,0.12,0.46,0.08,0.39,14.39,12.78,50.0,11.93,10.26,25.0,17.76,8.22,38.24,-75.0,-33.33,-63.64,47.62,-19.05,50.0,4.84,17.91,11.56,62.5,-48.48,-26.83,28.57,-32.43,-18.75,0.0,-3.24,-7.83,-23.08,20.0,-19.3,0.0,-16.67,-60.71,-48.98,-41.12,-32.34,383,383,376,344,383,383,376,344,383,383,376,344,383,383,376,344,382,382,382,382,382,382,382,382,382,95.99,95.99,94.24,86.22,95.99,95.99,94.24,86.22,95.99,95.99,94.24,86.22,95.99,95.99,94.24,86.22,95.74,95.74,95.74,95.74,95.74,95.74,95.74,95.74,95.74,0.75,0.75,0.75,0.75,0.75,0.75,0.75,0.75,0.75,0.75,0.75,0.75,0.75,0.75,0.75,0.75,0.75,0.75,0.75,0.75,0.75,0.75,0.75,0.75,0.75,2025-2026,10225.0,22666.0,8432.0,41323.0
2026-05-09T00:00:00.000,CA,64937.0,57386.0,6999.0,48532.0,43741.0,4552.0,10277.0,6918.0,3020.0,6860.0,5009.0,1751.0,152.0,4.0,156.0,145.0,21.0,166.0,71.0,20.0,91.0,22.0,3.0,25.0,20.0,6.0,26.0,7.0,7.0,14.0,6.0,2.0,8.0,21.0,23.0,51.0,67.0,162.0,1.0,171.0,7.0,20.0,27.0,44.0,36.0,30.0,55.0,165.0,2.0,194.0,28.0,3.0,31.0,12.0,12.0,16.0,25.0,65.0,1.0,97.0,74.74,0.24,0.26,0.14,66.75,0.24,0.25,0.14,94.74,4.68,85.05,13.92,67.01,31.96,366,366,361,361,366,366,366,366,366,366,366,366,366,366,366,366,366,366,366,366,361,366,366,366,361,361,361,91.73,91.73,90.48,90.48,91.73,91.73,91.73,91.73,91.73,91.73,91.73,91.73,91.73,91.73,91.73,91.73,91.73,91.73,91.73,91.73,90.48,91.73,91.73,91.73,90.48,90.48,90.48,-4.26,-4.26,-4.01,-4.01,-4.26,-4.26,-4.26,-4.01,-4.01,-4.01,-4.26,-4.01,-4.26,-4.26,-4.26,-4.26,-4.26,-4.26,-4.26,-4.26,-4.01,-4.26,-4.26,-4.26,-4.01,-4.01,-4.01,0.29,0.03,0.09,0.12,0.32,1.39,2.53,0.53,0.44,0.33,0.32,0.32,0.26,0.51,0.82,2.07,0.54,0.5,1.33,0.05,0.37,0.07,0.17,0.44,0.94,0.21,0.25,1,1,1,1,1,1,76.22,65.04,72.41,57.98,0.26,0.06,0.32,0.1,0.25,0.3,0.29,0.2,0.12,0.29,0.1,0.23,16.03,14.47,75.0,15.66,13.79,28.57,15.38,9.86,35.0,200.0,0.0,100.0,-32.26,35.29,13.33,3.08,2.53,4.27,-46.15,17.65,-10.0,-18.52,44.0,15.38,-25.68,-7.82,-8.49,-30.0,-50.0,-32.61,0.0,-20.0,45.45,0.0,3.17,-14.16,366,366,360,328,366,366,360,328,366,366,360,328,366,366,360,328,366,366,366,366,366,366,366,366,366,91.73,91.73,90.23,82.21,91.73,91.73,90.23,82.21,91.73,91.73,90.23,82.21,91.73,91.73,90.23,82.21,91.73,91.73,91.73,91.73,91.73,91.73,91.73,91.73,91.73,-4.26,-4.26,-4.01,-4.01,-4.26,-4.26,-4.01,-4.01,-4.26,-4.26,-4.01,-4.01,-4.26,-4.26,-4.01,-4.01,-4.01,-4.01,-4.01,-4.01,-4.01,-4.01,-4.01,-4.01,-4.01,2025-2026,10396.0,22860.0,8529.0,41785.0
2026-05-16T00:00:00.000,CA,67977.0,60071.0,7406.0,51639.0,46468.0,4804.0,10995.0,7338.0,3354.0,7304.0,5214.0,1995.0,133.0,5.0,138.0,115.0,19.0,134.0,50.0,22.0,72.0,18.0,1.0,19.0,18.0,7.0,25.0,8.0,10.0,18.0,4.0,0.0,4.0,21.0,25.0,34.0,66.0,146.0,1.0,151.0,10.0,23.0,33.0,40.0,21.0,31.0,50.0,142.0,2.0,177.0,24.0,3.0,27.0,9.0,9.0,11.0,11.0,40.0,0.0,67.0,75.97,0.2,0.2,0.11,66.43,0.17,0.23,0.16,96.69,2.65,80.23,18.64,59.7,40.3,381,381,376,376,381,381,381,381,381,381,381,381,381,381,381,381,381,381,381,381,376,381,381,381,376,376,376,95.49,95.49,94.24,94.24,95.49,95.49,95.49,95.49,95.49,95.49,95.49,95.49,95.49,95.49,95.49,95.49,95.49,95.49,95.49,95.49,94.24,95.49,95.49,95.49,94.24,94.24,94.24,3.76,3.76,3.76,3.76,3.76,3.76,3.76,3.76,3.76,3.76,3.76,3.76,3.76,3.76,3.76,3.76,3.76,3.76,3.76,3.76,3.76,3.76,3.76,3.76,3.76,3.76,3.76,0.19,0.0,0.05,0.12,0.35,0.93,2.49,0.48,0.39,0.48,0.36,0.39,0.24,0.29,0.85,1.89,0.47,0.46,1.14,0.05,0.32,0.05,0.13,0.3,0.41,0.13,0.17,1,1,1,1,1,1,77.36,64.87,71.05,59.48,0.22,0.07,0.25,0.03,0.19,0.26,0.25,0.21,0.08,0.3,0.11,0.3,13.77,13.53,20.0,18.66,15.65,36.84,25.0,16.0,45.45,-33.33,-100.0,-50.0,0.0,8.7,-33.33,-1.49,-9.88,-11.7,42.86,15.0,22.22,-9.09,-41.67,3.33,-9.09,-13.94,-8.76,-14.29,0.0,-12.9,-25.0,-25.0,-31.25,-56.0,-38.46,-30.93,381,381,375,343,381,381,375,343,381,381,375,343,381,381,375,343,381,381,381,381,381,381,381,381,381,95.49,95.49,93.98,85.96,95.49,95.49,93.98,85.96,95.49,95.49,93.98,85.96,95.49,95.49,93.98,85.96,95.49,95.49,95.49,95.49,95.49,95.49,95.49,95.49,95.49,3.76,3.76,3.76,3.76,3.76,3.76,3.76,3.76,3.76,3.76,3.76,3.76,3.76,3.76,3.76,3.76,3.76,3.76,3.76,3.76,3.76,3.76,3.76,3.76,3.76,2025-2026,10547.0,23037.0,8596.0,42180.0
2026-05-23T00:00:00.000,CA,67664.0,59859.0,7291.0,50782.0,45757.0,4641.0,11043.0,7433.0,3289.0,7217.0,5183.0,1947.0,148.0,4.0,152.0,121.0,17.0,138.0,35.0,17.0,52.0,18.0,1.0,19.0,15.0,6.0,21.0,8.0,9.0,17.0,5.0,1.0,6.0,17.0,36.0,32.0,79.0,164.0,1.0,171.0,5.0,12.0,17.0,39.0,30.0,24.0,39.0,132.0,2.0,151.0,15.0,4.0,19.0,2.0,7.0,5.0,12.0,26.0,0.0,45.0,75.05,0.22,0.2,0.08,65.35,0.17,0.19,0.15,95.91,3.51,87.42,11.26,57.78,42.22,378,378,373,373,378,378,378,378,378,378,378,378,378,378,378,378,378,378,378,378,373,378,378,378,373,373,373,94.74,94.74,93.48,93.48,94.74,94.74,94.74,94.74,94.74,94.74,94.74,94.74,94.74,94.74,94.74,94.74,94.74,94.74,94.74,94.74,93.48,94.74,94.74,94.74,93.48,93.48,93.48,-0.75,-0.75,-0.75,-0.75,-0.75,-0.75,-0.75,-0.75,-0.75,-0.75,-0.75,-0.75,-0.75,-0.75,-0.75,-0.75,-0.75,-0.75,-0.75,-0.75,-0.75,-0.75,-0.75,-0.75,-0.75,-0.75,-0.75,0.24,0.02,0.07,0.1,0.51,0.87,2.98,0.54,0.44,0.24,0.19,0.2,0.23,0.42,0.66,1.47,0.43,0.39,0.72,0.06,0.22,0.01,0.1,0.14,0.45,0.09,0.12,1,1,1,1,1,1,76.44,63.65,69.73,59.2,0.25,0.05,0.24,0.03,0.2,0.23,0.2,0.18,0.06,0.23,0.11,0.27,12.5,12.16,25.0,15.22,12.4,35.29,32.69,22.86,52.94,25.0,,50.0,-19.05,44.0,-5.88,19.7,12.33,13.25,-50.0,-47.83,-48.48,-2.5,42.86,-22.58,-22.0,-7.04,-14.69,-37.5,33.33,-29.63,-77.78,-22.22,-54.55,9.09,-35.0,-32.84,378,378,372,340,378,378,372,340,378,378,372,340,378,378,372,340,378,378,378,378,378,378,378,378,378,94.74,94.74,93.23,85.21,94.74,94.74,93.23,85.21,94.74,94.74,93.23,85.21,94.74,94.74,93.23,85.21,94.74,94.74,94.74,94.74,94.74,94.74,94.74,94.74,94.74,-0.75,-0.75,-0.75,-0.75,-0.75,-0.75,-0.75,-0.75,-0.75,-0.75,-0.75,-0.75,-0.75,-0.75,-0.75,-0.75,-0.75,-0.75,-0.75,-0.75,-0.75,-0.75,-0.75,-0.75,-0.75,2025-2026,10718.0,23188.0,8641.0,42547.0
2026-05-30T00:00:00.000,CA,66263.0,58945.0,6817.0,50807.0,45776.0,4608.0,10671.0,7122.0,3217.0,7099.0,5107.0,1897.0,122.0,2.0,124.0,119.0,20.0,139.0,30.0,14.0,44.0,20.0,2.0,22.0,15.0,6.0,21.0,7.0,4.0,11.0,4.0,5.0,9.0,13.0,17.0,22.0,58.0,110.0,3.0,122.0,11.0,17.0,28.0,34.0,18.0,23.0,34.0,109.0,2.0,139.0,15.0,4.0,19.0,7.0,3.0,6.0,13.0,29.0,0.0,48.0,76.67,0.19,0.21,0.07,66.53,0.21,0.2,0.1,90.16,7.38,78.42,20.14,60.42,39.58,377,377,372,372,377,377,377,377,377,377,377,377,377,377,377,377,377,377,377,377,372,377,377,377,372,372,372,94.49,94.49,93.23,93.23,94.49,94.49,94.49,94.49,94.49,94.49,94.49,94.49,94.49,94.49,94.49,94.49,94.49,94.49,94.49,94.49,93.23,94.49,94.49,94.49,93.23,93.23,93.23,-0.25,-0.25,-0.25,-0.25,-0.25,-0.25,-0.25,-0.25,-0.25,-0.25,-0.25,-0.25,-0.25,-0.25,-0.25,-0.25,-0.25,-0.25,-0.25,-0.25,-0.25,-0.25,-0.25,-0.25,-0.25,-0.25,-0.25,0.19,0.08,0.11,0.08,0.24,0.6,2.19,0.36,0.31,0.52,0.27,0.33,0.2,0.25,0.63,1.28,0.36,0.36,0.72,0.06,0.22,0.04,0.04,0.16,0.49,0.1,0.12,1,1,1,1,1,1,77.66,67.6,71.71,58.97,0.21,0.03,0.28,0.06,0.2,0.29,0.21,0.19,0.05,0.21,0.1,0.12,17.74,16.39,100.0,15.11,12.61,30.0,25.0,23.33,28.57,-20.0,400.0,50.0,-23.53,-52.78,-31.25,-26.58,-32.93,-28.65,120.0,41.67,64.71,-12.82,-40.0,-4.17,-12.82,-17.42,-7.95,0.0,0.0,0.0,250.0,-57.14,20.0,8.33,11.54,6.67,377,377,371,339,377,377,371,339,377,377,371,339,377,377,371,339,377,377,377,377,377,377,377,377,377,94.49,94.49,92.98,84.96,94.49,94.49,92.98,84.96,94.49,94.49,92.98,84.96,94.49,94.49,92.98,84.96,94.49,94.49,94.49,94.49,94.49,94.49,94.49,94.49,94.49,-0.25,-0.25,-0.25,-0.25,-0.25,-0.25,-0.25,-0.25,-0.25,-0.25,-0.25,-0.25,-0.25,-0.25,-0.25,-0.25,-0.25,-0.25,-0.25,-0.25,-0.25,-0.25,-0.25,-0.25,-0.25,2025-2026,10840.0,23327.0,8689.0,42856.0
2026-06-06T00:00:00.000,CA,66493.0,59181.0,6693.0,51143.0,46058.0,4580.0,10744.0,7202.0,3214.0,7109.0,5114.0,1898.0,131.0,8.0,139.0,107.0,14.0,121.0,35.0,16.0,51.0,14.0,3.0,17.0,14.0,5.0,19.0,4.0,4.0,8.0,4.0,1.0,5.0,20.0,26.0,27.0,77.0,150.0,2.0,157.0,9.0,14.0,23.0,28.0,18.0,26.0,41.0,113.0,1.0,137.0,15.0,2.0,17.0,4.0,2.0,4.0,13.0,23.0,1.0,41.0,76.91,0.21,0.18,0.08,66.17,0.16,0.18,0.07,95.54,3.18,82.48,16.79,56.1,41.46,380,380,375,375,380,380,380,380,380,380,380,380,380,380,380,380,380,380,380,380,375,380,380,380,375,375,375,95.24,95.24,93.98,93.98,95.24,95.24,95.24,95.24,95.24,95.24,95.24,95.24,95.24,95.24,95.24,95.24,95.24,95.24,95.24,95.24,93.98,95.24,95.24,95.24,93.98,93.98,93.98,0.75,0.75,0.75,0.75,0.75,0.75,0.75,0.75,0.75,0.75,0.75,0.75,0.75,0.75,0.75,0.75,0.75,0.75,0.75,0.75,0.75,0.75,0.75,0.75,0.75,0.75,0.75,0.19,0.02,0.06,0.12,0.37,0.74,2.9,0.49,0.4,0.43,0.22,0.27,0.17,0.25,0.71,1.55,0.37,0.35,0.72,0.03,0.2,0.02,0.03,0.11,0.49,0.08,0.11,1,1,1,1,1,1,77.83,68.43,71.01,59.05,0.22,0.12,0.19,0.09,0.18,0.21,0.19,0.16,0.06,0.24,0.06,0.12,12.23,10.69,37.5,15.7,13.08,35.71,15.69,11.43,25.0,0.0,-80.0,-44.44,53.85,52.94,22.73,32.76,36.36,28.69,-18.18,-17.65,-17.86,-17.65,0.0,13.04,20.59,3.67,-1.44,0.0,-50.0,-10.53,-42.86,-33.33,-33.33,0.0,-20.69,-14.58,380,380,374,342,380,380,374,342,380,380,374,342,380,380,374,342,380,380,380,380,380,380,380,380,380,95.24,95.24,93.73,85.71,95.24,95.24,93.73,85.71,95.24,95.24,93.73,85.71,95.24,95.24,93.73,85.71,95.24,95.24,95.24,95.24,95.24,95.24,95.24,95.24,95.24,0.75,0.75,0.75,0.75,0.75,0.75,0.75,0.75,0.75,0.75,0.75,0.75,0.75,0.75,0.75,0.75,0.75,0.75,0.75,0.75,0.75,0.75,0.75,0.75,0.75,2025-2026,10997.0,23464.0,8730.0,43191.0
2026-06-13T00:00:00.000,CA,66563.0,59165.0,6765.0,51224.0,46005.0,4631.0,10754.0,7172.0,3230.0,7162.0,5094.0,1935.0,119.0,1.0,120.0,75.0,17.0,92.0,26.0,13.0,39.0,16.0,1.0,17.0,13.0,3.0,16.0,3.0,2.0,5.0,3.0,4.0,7.0,19.0,28.0,25.0,57.0,129.0,2.0,138.0,10.0,14.0,24.0,25.0,27.0,21.0,27.0,100.0,2.0,126.0,10.0,6.0,16.0,2.0,3.0,3.0,8.0,16.0,0.0,32.0,76.96,0.18,0.14,0.06,66.6,0.16,0.15,0.05,93.48,5.07,79.37,19.05,50.0,50.0,381,381,376,376,381,381,381,381,381,381,381,381,381,381,381,381,381,381,381,381,376,381,381,381,376,376,376,95.49,95.49,94.24,94.24,95.49,95.49,95.49,95.49,95.49,95.49,95.49,95.49,95.49,95.49,95.49,95.49,95.49,95.49,95.49,95.49,94.24,95.49,95.49,95.49,94.24,94.24,94.24,0.25,0.25,0.25,0.25,0.25,0.25,0.25,0.25,0.25,0.25,0.25,0.25,0.25,0.25,0.25,0.25,0.25,0.25,0.25,0.25,0.25,0.25,0.25,0.25,0.25,0.25,0.25,0.14,0.06,0.08,0.11,0.39,0.68,2.15,0.42,0.36,0.48,0.22,0.28,0.15,0.38,0.57,1.02,0.33,0.32,0.48,0.09,0.19,0.01,0.04,0.08,0.3,0.05,0.08,1,1,1,1,1,1,77.76,68.46,71.03,59.91,0.2,0.01,0.22,0.03,0.13,0.25,0.18,0.09,0.04,0.19,0.04,0.06,14.17,13.45,100.0,17.39,17.33,17.65,12.82,11.54,15.38,-25.0,300.0,40.0,-5.0,7.69,-7.41,-25.97,-14.0,-12.1,11.11,0.0,4.35,-10.71,50.0,-19.23,-34.15,-11.5,-8.03,-33.33,200.0,-5.88,-50.0,50.0,-25.0,-38.46,-30.43,-21.95,381,381,375,344,381,381,375,344,381,381,375,344,381,381,375,344,381,381,381,381,381,381,381,381,381,95.49,95.49,93.98,86.22,95.49,95.49,93.98,86.22,95.49,95.49,93.98,86.22,95.49,95.49,93.98,86.22,95.49,95.49,95.49,95.49,95.49,95.49,95.49,95.49,95.49,0.25,0.25,0.25,0.5,0.25,0.25,0.25,0.5,0.25,0.25,0.25,0.5,0.25,0.25,0.25,0.5,0.25,0.25,0.25,0.25,0.25,0.25,0.25,0.25,0.25,2025-2026,11135.0,23590.0,8762.0,43487.0
2026-06-20T00:00:00.000,CA,66468.0,59221.0,6737.0,51397.0,46276.0,4645.0,10666.0,7098.0,3229.0,7083.0,5024.0,1919.0,132.0,4.0,136.0,74.0,14.0,88.0,20.0,11.0,31.0,16.0,1.0,17.0,11.0,5.0,16.0,3.0,5.0,8.0,2.0,2.0,4.0,26.0,25.0,27.0,66.0,144.0,1.0,149.0,13.0,9.0,22.0,25.0,26.0,18.0,27.0,96.0,1.0,119.0,12.0,1.0,13.0,2.0,2.0,1.0,8.0,13.0,0.0,26.0,77.33,0.2,0.13,0.05,66.41,0.16,0.15,0.08,96.64,2.68,80.67,18.49,50.0,50.0,380,380,375,375,380,380,380,380,380,380,380,380,380,380,380,380,380,380,380,380,375,380,380,380,375,375,375,95.24,95.24,93.98,93.98,95.24,95.24,95.24,95.24,95.24,95.24,95.24,95.24,95.24,95.24,95.24,95.24,95.24,95.24,95.24,95.24,93.98,95.24,95.24,95.24,93.98,93.98,93.98,-0.25,-0.25,-0.25,-0.25,-0.25,-0.25,-0.25,-0.25,-0.25,-0.25,-0.25,-0.25,-0.25,-0.25,-0.25,-0.25,-0.25,-0.25,-0.25,-0.25,-0.25,-0.25,-0.25,-0.25,-0.25,-0.25,-0.25,0.1,0.03,0.05,0.15,0.35,0.74,2.49,0.47,0.38,0.62,0.14,0.26,0.15,0.37,0.49,1.02,0.32,0.31,0.57,0.02,0.15,0.01,0.03,0.03,0.3,0.04,0.07,1,1,1,1,1,1,78.14,68.95,70.78,59.43,0.22,0.06,0.23,0.03,0.12,0.21,0.15,0.15,0.03,0.16,0.04,0.15,12.5,12.12,25.0,18.18,14.86,35.71,25.81,15.0,45.45,-33.33,-50.0,-42.86,36.84,-10.71,8.0,15.79,11.63,7.97,30.0,-35.71,-8.33,0.0,-3.7,-14.29,0.0,-4.0,-5.56,20.0,-83.33,-18.75,0.0,-33.33,-66.67,0.0,-18.75,-18.75,380,380,374,338,380,380,374,338,380,380,374,338,380,380,374,338,380,380,380,380,380,380,380,380,380,95.24,95.24,93.73,84.71,95.24,95.24,93.73,84.71,95.24,95.24,93.73,84.71,95.24,95.24,93.73,84.71,95.24,95.24,95.24,95.24,95.24,95.24,95.24,95.24,95.24,-0.25,-0.25,-0.25,-1.5,-0.25,-0.25,-0.25,-1.5,-0.25,-0.25,-0.25,-1.5,-0.25,-0.25,-0.25,-1.5,-0.25,-0.25,-0.25,-0.25,-0.25,-0.25,-0.25,-0.25,-0.25,2025-2026,11284.0,23709.0,8788.0,43781.0
2026-06-27T00:00:00.000,CA,66142.0,58893.0,6750.0,50353.0,45318.0,4656.0,10621.0,7039.0,3241.0,6998.0,4932.0,1958.0,109.0,2.0,111.0,57.0,8.0,65.0,16.0,3.0,19.0,9.0,1.0,10.0,8.0,4.0,12.0,2.0,1.0,3.0,2.0,2.0,4.0,18.0,22.0,24.0,58.0,122.0,1.0,127.0,5.0,6.0,11.0,31.0,19.0,12.0,21.0,83.0,2.0,96.0,4.0,0.0,4.0,2.0,3.0,0.0,7.0,12.0,0.0,16.0,76.13,0.17,0.1,0.03,65.89,0.09,0.11,0.03,96.06,3.15,86.46,11.46,75.0,25.0,379,379,374,374,379,379,379,379,379,379,379,379,379,379,379,379,379,379,379,379,374,379,379,379,374,374,374,94.99,94.99,93.73,93.73,94.99,94.99,94.99,94.99,94.99,94.99,94.99,94.99,94.99,94.99,94.99,94.99,94.99,94.99,94.99,94.99,93.73,94.99,94.99,94.99,93.73,93.73,93.73,-0.25,-0.25,-0.25,-0.25,-0.25,-0.25,-0.25,-0.25,-0.25,-0.25,-0.25,-0.25,-0.25,-0.25,-0.25,-0.25,-0.25,-0.25,-0.25,-0.25,-0.25,-0.25,-0.25,-0.25,-0.25,-0.25,-0.25,0.1,0.03,0.05,0.11,0.31,0.66,2.19,0.4,0.33,0.24,0.09,0.13,0.18,0.27,0.33,0.79,0.27,0.25,0.19,0.0,0.05,0.01,0.04,0.0,0.26,0.04,0.04,1,1,1,1,1,1,76.95,68.98,70.07,60.41,0.19,0.03,0.13,0.03,0.1,0.12,0.11,0.12,0.03,0.04,0.03,0.03,9.01,8.26,50.0,18.46,14.04,50.0,15.79,12.5,33.33,0.0,0.0,0.0,-30.77,-12.0,-11.11,-12.12,-15.28,-14.77,-61.54,-33.33,-50.0,24.0,-26.92,-33.33,-22.22,-13.54,-19.33,-66.67,-100.0,-69.23,0.0,50.0,-100.0,-12.5,-7.69,-38.46,379,379,373,341,379,379,373,341,379,379,373,341,379,379,373,341,379,379,379,379,379,379,379,379,379,94.99,94.99,93.48,85.46,94.99,94.99,93.48,85.46,94.99,94.99,93.48,85.46,94.99,94.99,93.48,85.46,94.99,94.99,94.99,94.99,94.99,94.99,94.99,94.99,94.99,-0.25,-0.25,-0.25,0.75,-0.25,-0.25,-0.25,0.75,-0.25,-0.25,-0.25,0.75,-0.25,-0.25,-0.25,0.75,-0.25,-0.25,-0.25,-0.25,-0.25,-0.25,-0.25,-0.25,-0.25,2025-2026,11411.0,23805.0,8804.0,44020.0
2026-07-04T00:00:00.000,CA,68171.0,58820.0,6798.0,50309.0,45281.0,4567.0,10703.0,7113.0,3251.0,7142.0,5053.0,1980.0,123.0,4.0,127.0,70.0,9.0,79.0,15.0,8.0,23.0,13.0,1.0,14.0,8.0,5.0,13.0,1.0,1.0,2.0,5.0,2.0,7.0,31.0,39.0,23.0,61.0,154.0,0.0,161.0,8.0,7.0,15.0,22.0,12.0,23.0,33.0,90.0,2.0,107.0,9.0,0.0,9.0,5.0,4.0,1.0,3.0,13.0,0.0,22.0,73.8,0.19,0.12,0.03,66.73,0.13,0.12,0.02,95.65,4.35,84.11,14.02,59.09,40.91,377,377,372,372,377,377,377,377,377,377,377,377,377,377,377,377,377,377,377,377,372,377,377,377,372,372,372,94.49,94.49,93.23,93.23,94.49,94.49,94.49,94.49,94.49,94.49,94.49,94.49,94.49,94.49,94.49,94.49,94.49,94.49,94.49,94.49,93.23,94.49,94.49,94.49,93.23,93.23,93.23,-0.5,-0.5,-0.5,-0.5,-0.5,-0.5,-0.5,-0.5,-0.5,-0.5,-0.5,-0.5,-0.5,-0.5,-0.5,-0.5,-0.5,-0.5,-0.5,-0.5,-0.5,-0.5,-0.5,-0.5,-0.5,-0.5,-0.5,0.24,0.03,0.08,0.18,0.55,0.63,2.3,0.51,0.41,0.38,0.11,0.18,0.13,0.17,0.63,1.24,0.3,0.28,0.43,0.0,0.11,0.03,0.06,0.03,0.11,0.04,0.06,1,1,1,1,1,1,76.98,67.18,71.04,60.9,0.21,0.06,0.18,0.03,0.12,0.13,0.11,0.15,0.03,0.12,0.01,0.03,11.02,10.57,25.0,16.46,11.43,55.56,8.7,6.67,12.5,150.0,0.0,75.0,72.22,77.27,-4.17,5.17,26.23,26.77,60.0,16.67,36.36,-29.03,-36.84,91.67,57.14,8.43,11.46,125.0,,125.0,150.0,33.33,,-57.14,8.33,37.5,377,377,371,339,377,377,371,339,377,377,371,339,377,377,371,339,377,377,377,377,377,377,377,377,377,94.49,94.49,92.98,84.96,94.49,94.49,92.98,84.96,94.49,94.49,92.98,84.96,94.49,94.49,92.98,84.96,94.49,94.49,94.49,94.49,94.49,94.49,94.49,94.49,94.49,-0.5,-0.5,-0.5,-0.5,-0.5,-0.5,-0.5,-0.5,-0.5,-0.5,-0.5,-0.5,-0.5,-0.5,-0.5,-0.5,-0.5,-0.5,-0.5,-0.5,-0.5,-0.5,-0.5,-0.5,-0.5,2025-2026,11572.0,23912.0,8826.0,44310.0
2026-07-11T00:00:00.000,CA,65233.0,58010.0,6720.0,50291.0,45222.0,4633.0,10479.0,6913.0,3231.0,7035.0,4986.0,1951.0,144.0,5.0,149.0,78.0,5.0,83.0,7.0,3.0,10.0,15.0,1.0,16.0,9.0,1.0,10.0,1.0,1.0,2.0,5.0,2.0,7.0,32.0,25.0,37.0,75.0,169.0,3.0,179.0,9.0,3.0,12.0,17.0,13.0,33.0,21.0,84.0,1.0,97.0,5.0,1.0,6.0,1.0,1.0,1.0,1.0,4.0,0.0,10.0,77.09,0.23,0.13,0.02,67.13,0.15,0.1,0.02,94.41,3.91,86.6,12.37,40.0,60.0,370,370,365,365,370,370,370,370,370,370,371,371,371,371,371,371,371,371,371,370,365,370,370,370,365,365,365,92.73,92.73,91.48,91.48,92.73,92.73,92.73,92.73,92.73,92.73,92.98,92.98,92.98,92.98,92.98,92.98,92.98,92.98,92.98,92.73,91.48,92.73,92.73,92.73,91.48,91.48,91.48,-1.75,-1.75,-1.75,-1.75,-1.75,-1.75,-1.75,-1.75,-1.75,-1.75,-1.5,-1.5,-1.5,-1.5,-1.5,-1.5,-1.5,-1.5,-1.5,-1.75,-1.75,-1.75,-1.75,-1.75,-1.75,-1.75,-1.75,0.24,0.03,0.08,0.19,0.35,1.01,2.83,0.56,0.46,0.43,0.05,0.14,0.1,0.18,0.9,0.79,0.28,0.25,0.24,0.02,0.07,0.01,0.01,0.03,0.04,0.01,0.03,1,1,1,1,1,1,77.96,68.94,72.12,60.38,0.25,0.07,0.22,0.03,0.13,0.07,0.13,0.03,0.01,0.04,0.01,0.03,10.74,10.42,20.0,12.05,11.54,20.0,20.0,14.29,33.33,0.0,0.0,0.0,3.23,-35.9,60.87,22.95,9.74,11.18,12.5,-57.14,-20.0,-22.73,8.33,43.48,-36.36,-6.67,-9.35,-44.44,,-33.33,-80.0,-75.0,0.0,-66.67,-69.23,-54.55,370,370,364,332,370,370,364,332,370,370,364,332,370,370,364,332,370,370,370,370,370,370,370,370,370,92.73,92.73,91.23,83.21,92.73,92.73,91.23,83.21,92.73,92.73,91.23,83.21,92.73,92.73,91.23,83.21,92.73,92.73,92.73,92.73,92.73,92.73,92.73,92.73,92.73,-1.75,-1.75,-1.75,-1.75,-1.75,-1.75,-1.75,-1.75,-1.75,-1.75,-1.75,-1.75,-1.75,-1.75,-1.75,-1.75,-1.75,-1.75,-1.75,-1.75,-1.75,-1.75,-1.75,-1.75,-1.75,2025-2026,11751.0,24009.0,8836.0,44596.0
2026-07-18T00:00:00.000,CA,66092.0,58885.0,6682.0,50845.0,45899.0,4550.0,10569.0,7072.0,3166.0,7107.0,5086.0,1931.0,167.0,6.0,173.0,77.0,4.0,81.0,13.0,4.0,17.0,17.0,1.0,18.0,14.0,0.0,14.0,2.0,1.0,3.0,16.0,4.0,20.0,29.0,25.0,37.0,111.0,202.0,1.0,223.0,5.0,5.0,10.0,16.0,9.0,18.0,27.0,70.0,1.0,81.0,4.0,0.0,4.0,2.0,0.0,1.0,5.0,8.0,0.0,12.0,76.93,0.26,0.12,0.03,67.24,0.17,0.13,0.03,90.58,8.97,86.42,12.35,66.67,33.33,378,378,373,373,378,378,378,378,378,378,378,378,378,378,378,378,378,378,378,378,373,378,378,378,373,373,373,94.74,94.74,93.48,93.48,94.74,94.74,94.74,94.74,94.74,94.74,94.74,94.74,94.74,94.74,94.74,94.74,94.74,94.74,94.74,94.74,93.48,94.74,94.74,94.74,93.48,93.48,93.48,2.01,2.01,2.01,2.01,2.01,2.01,2.01,2.01,2.01,2.01,1.75,1.75,1.75,1.75,1.75,1.75,1.75,1.75,1.75,2.01,2.01,2.01,2.01,2.01,2.01,2.01,2.01,0.76,0.06,0.24,0.17,0.35,1.01,4.19,0.66,0.57,0.24,0.08,0.12,0.09,0.13,0.49,1.02,0.23,0.21,0.19,0.0,0.05,0.01,0.0,0.03,0.19,0.03,0.03,1,1,1,1,1,1,77.95,68.09,71.92,60.99,0.28,0.09,0.24,0.03,0.13,0.06,0.2,0.0,0.02,0.06,0.03,0.03,10.4,10.18,16.67,17.28,18.18,0.0,17.65,15.38,25.0,220.0,100.0,185.71,-9.38,0.0,0.0,48.0,19.53,24.58,-44.44,66.67,-16.67,-5.88,-30.77,-45.45,28.57,-16.67,-16.49,-20.0,-100.0,-33.33,100.0,-100.0,0.0,400.0,100.0,20.0,378,378,372,345,378,378,372,345,378,378,372,345,378,378,372,345,378,378,378,378,378,378,378,378,378,94.74,94.74,93.23,86.47,94.74,94.74,93.23,86.47,94.74,94.74,93.23,86.47,94.74,94.74,93.23,86.47,94.74,94.74,94.74,94.74,94.74,94.74,94.74,94.74,94.74,2.01,2.01,2.01,3.26,2.01,2.01,2.01,3.26,2.01,2.01,2.01,3.26,2.01,2.01,2.01,3.26,2.01,2.01,2.01,2.01,2.01,2.01,2.01,2.01,2.01,2025-2026,11974.0,24090.0,8848.0,44912.0
2026-07-25T00:00:00.000,CA,66708.0,59530.0,6663.0,51219.0,46305.0,4546.0,10748.0,7226.0,3194.0,7171.0,5200.0,1882.0,177.0,8.0,185.0,57.0,2.0,59.0,12.0,6.0,18.0,19.0,3.0,22.0,11.0,0.0,11.0,2.0,2.0,4.0,14.0,2.0,16.0,32.0,38.0,50.0,105.0,225.0,1.0,242.0,2.0,3.0,5.0,16.0,12.0,15.0,30.0,73.0,1.0,79.0,10.0,1.0,11.0,1.0,0.0,2.0,6.0,9.0,0.0,20.0,76.78,0.28,0.09,0.03,66.72,0.2,0.1,0.04,92.98,6.61,92.41,6.33,45.0,55.0,380,380,375,375,380,380,380,380,380,380,380,380,380,380,380,380,380,380,380,380,375,380,380,380,375,375,375,95.24,95.24,93.98,93.98,95.24,95.24,95.24,95.24,95.24,95.24,95.24,95.24,95.24,95.24,95.24,95.24,95.24,95.24,95.24,95.24,93.98,95.24,95.24,95.24,93.98,93.98,93.98,0.5,0.5,0.5,0.5,0.5,0.5,0.5,0.5,0.5,0.5,0.5,0.5,0.5,0.5,0.5,0.5,0.5,0.5,0.5,0.5,0.5,0.5,0.5,0.5,0.5,0.5,0.5,0.67,0.03,0.19,0.19,0.53,1.37,3.96,0.74,0.62,0.1,0.05,0.06,0.09,0.17,0.41,1.13,0.24,0.2,0.48,0.02,0.13,0.01,0.0,0.05,0.23,0.03,0.05,1,1,1,1,1,1,77.78,68.23,71.96,58.92,0.3,0.12,0.26,0.09,0.1,0.03,0.15,0.0,0.02,0.09,0.03,0.06,11.89,10.73,37.5,18.64,19.3,0.0,22.22,16.67,33.33,-12.5,-50.0,-20.0,10.34,52.0,35.14,-5.41,11.39,8.52,-60.0,-40.0,-50.0,0.0,33.33,-16.67,11.11,4.29,-2.47,150.0,,175.0,-50.0,,100.0,20.0,12.5,66.67,380,380,374,347,380,380,374,347,380,380,374,347,380,380,374,347,380,380,380,380,380,380,380,380,380,95.24,95.24,93.73,86.97,95.24,95.24,93.73,86.97,95.24,95.24,93.73,86.97,95.24,95.24,93.73,86.97,95.24,95.24,95.24,95.24,95.24,95.24,95.24,95.24,95.24,0.5,0.5,0.5,0.5,0.5,0.5,0.5,0.5,0.5,0.5,0.5,0.5,0.5,0.5,0.5,0.5,0.5,0.5,0.5,0.5,0.5,0.5,0.5,0.5,0.5,2025-2026,12216.0,24169.0,8868.0,45253.0
2026-08-01T00:00:00.000,CA,66046.0,58846.0,6717.0,51165.0,46240.0,4552.0,10572.0,7055.0,3236.0,7141.0,5104.0,1919.0,242.0,9.0,251.0,56.0,2.0,58.0,5.0,5.0,10.0,19.0,2.0,21.0,7.0,0.0,7.0,1.0,1.0,2.0,17.0,8.0,25.0,47.0,60.0,71.0,147.0,325.0,1.0,351.0,3.0,6.0,9.0,11.0,11.0,19.0,29.0,70.0,0.0,79.0,5.0,0.0,5.0,2.0,0.0,1.0,2.0,5.0,0.0,10.0,77.47,0.38,0.09,0.02,67.55,0.2,0.07,0.02,92.59,7.12,88.61,11.39,50.0,50.0,379,379,373,373,379,379,379,378,378,378,379,379,379,379,379,379,379,379,379,379,373,379,379,379,373,373,373,94.99,94.99,93.48,93.48,94.99,94.99,94.99,94.74,94.74,94.74,94.99,94.99,94.99,94.99,94.99,94.99,94.99,94.99,94.99,94.99,93.48,94.99,94.99,94.99,93.48,93.48,93.48,-0.25,-0.25,-0.5,-0.5,-0.25,-0.25,-0.25,-0.5,-0.5,-0.5,-0.25,-0.25,-0.25,-0.25,-0.25,-0.25,-0.25,-0.25,-0.25,-0.25,-0.5,-0.25,-0.25,-0.25,-0.5,-0.5,-0.5,0.81,0.13,0.3,0.28,0.84,1.94,5.55,1.07,0.9,0.14,0.09,0.11,0.06,0.15,0.52,1.09,0.23,0.2,0.24,0.0,0.06,0.01,0.0,0.03,0.08,0.02,0.03,1,1,1,1,1,1,78.58,67.77,72.35,59.3,0.41,0.13,0.27,0.06,0.1,0.03,0.1,0.0,0.01,0.07,0.01,0.03,8.37,7.85,22.22,12.07,12.5,0.0,20.0,20.0,20.0,21.43,300.0,56.25,46.88,57.89,42.0,40.0,44.44,45.04,50.0,100.0,80.0,-31.25,-8.33,26.67,-3.33,-4.11,0.0,-50.0,-100.0,-54.55,100.0,,-50.0,-66.67,-44.44,-50.0,379,379,372,347,379,379,372,347,379,379,372,347,379,379,372,347,378,378,378,378,378,378,378,378,378,94.99,94.99,93.23,86.97,94.99,94.99,93.23,86.97,94.99,94.99,93.23,86.97,94.99,94.99,93.23,86.97,94.74,94.74,94.74,94.74,94.74,94.74,94.74,94.74,94.74,-0.25,-0.25,-0.5,0.0,-0.25,-0.25,-0.5,0.0,-0.25,-0.25,-0.5,0.0,-0.25,-0.25,-0.5,0.0,-0.5,-0.5,-0.5,-0.5,-0.5,-0.5,-0.5,-0.5,-0.5,2025-2026,12567.0,24248.0,8878.0,45693.0
2026-08-08T00:00:00.000,CA,66311.0,58041.0,7761.0,50407.0,45382.0,4704.0,10476.0,6973.0,3222.0,7123.0,4954.0,2077.0,275.0,8.0,283.0,44.0,0.0,44.0,10.0,5.0,15.0,25.0,3.0,28.0,4.0,0.0,4.0,3.0,2.0,5.0,22.0,5.0,27.0,62.0,62.0,55.0,191.0,370.0,5.0,402.0,3.0,3.0,6.0,10.0,3.0,9.0,22.0,44.0,0.0,50.0,6.0,1.0,7.0,3.0,1.0,0.0,6.0,10.0,0.0,17.0,76.02,0.43,0.07,0.02,67.99,0.27,0.04,0.05,92.04,6.72,88.0,12.0,58.82,41.18,376,376,371,371,376,376,376,376,376,376,376,376,376,376,376,376,376,376,376,376,371,376,376,376,371,371,371,94.24,94.24,92.98,92.98,94.24,94.24,94.24,94.24,94.24,94.24,94.24,94.24,94.24,94.24,94.24,94.24,94.24,94.24,94.24,94.24,92.98,94.24,94.24,94.24,92.98,92.98,92.98,-0.75,-0.75,-0.5,-0.5,-0.75,-0.75,-0.75,-0.5,-0.5,-0.5,-0.75,-0.75,-0.75,-0.75,-0.75,-0.75,-0.75,-0.75,-0.75,-0.75,-0.5,-0.75,-0.75,-0.75,-0.5,-0.5,-0.5,1.05,0.08,0.32,0.37,0.87,1.5,7.2,1.22,1.04,0.14,0.05,0.07,0.06,0.04,0.25,0.83,0.14,0.13,0.29,0.02,0.08,0.02,0.01,0.0,0.23,0.03,0.04,1,1,1,1,1,1,78.19,60.61,71.05,64.46,0.47,0.1,0.36,0.09,0.08,0.0,0.06,0.0,0.02,0.06,0.04,0.06,9.89,9.09,37.5,9.09,9.09,,33.33,30.0,40.0,29.41,-37.5,8.0,31.91,3.33,-22.54,29.93,13.85,14.53,0.0,-50.0,-33.33,-9.09,-72.73,-52.63,-24.14,-37.14,-36.71,20.0,,40.0,50.0,,-100.0,200.0,100.0,70.0,376,376,370,347,376,376,370,347,376,376,370,347,376,376,370,347,376,376,376,376,376,376,376,376,376,94.24,94.24,92.73,86.97,94.24,94.24,92.73,86.97,94.24,94.24,92.73,86.97,94.24,94.24,92.73,86.97,94.24,94.24,94.24,94.24,94.24,94.24,94.24,94.24,94.24,-0.75,-0.75,-0.5,0.0,-0.75,-0.75,-0.5,0.0,-0.75,-0.75,-0.5,0.0,-0.75,-0.75,-0.5,0.0,-0.5,-0.5,-0.5,-0.5,-0.5,-0.5,-0.5,-0.5,-0.5,2025-2026,12969.0,24298.0,8895.0,46162.0
2026-08-15T00:00:00.000,CA,67474.0,59184.0,7762.0,51318.0,46275.0,4657.0,10604.0,7026.0,3223.0,7215.0,5042.0,2074.0,286.0,19.0,305.0,51.0,6.0,57.0,6.0,5.0,11.0,33.0,3.0,36.0,4.0,1.0,5.0,2.0,4.0,6.0,32.0,8.0,40.0,68.0,55.0,61.0,190.0,374.0,2.0,416.0,5.0,5.0,10.0,12.0,6.0,13.0,27.0,58.0,1.0,69.0,2.0,1.0,3.0,2.0,1.0,2.0,1.0,6.0,0.0,9.0,76.06,0.45,0.08,0.02,68.04,0.34,0.05,0.06,89.9,9.62,84.06,14.49,66.67,33.33,377,377,372,372,377,377,377,377,377,377,377,377,377,377,377,377,377,377,377,377,372,377,377,377,372,372,372,94.49,94.49,93.23,93.23,94.49,94.49,94.49,94.49,94.49,94.49,94.49,94.49,94.49,94.49,94.49,94.49,94.49,94.49,94.49,94.49,93.23,94.49,94.49,94.49,93.23,93.23,93.23,0.25,0.25,0.25,0.25,0.25,0.25,0.25,0.25,0.25,0.25,0.25,0.25,0.25,0.25,0.25,0.25,0.25,0.25,0.25,0.25,0.25,0.25,0.25,0.25,0.25,0.25,0.25,1.53,0.13,0.47,0.4,0.77,1.67,7.17,1.23,1.07,0.24,0.08,0.12,0.07,0.08,0.36,1.02,0.19,0.18,0.1,0.02,0.04,0.01,0.01,0.05,0.04,0.02,0.02,1,1,1,1,1,1,78.19,60.0,71.76,64.35,0.48,0.24,0.47,0.09,0.09,0.08,0.06,0.03,0.01,0.06,0.03,0.12,11.8,11.54,15.79,8.77,7.84,16.67,54.55,33.33,80.0,45.45,60.0,48.15,9.68,-11.29,10.91,-0.52,1.08,3.48,66.67,66.67,66.67,20.0,100.0,44.44,22.73,31.82,38.0,-66.67,0.0,-57.14,-33.33,0.0,,-83.33,-40.0,-47.06,377,377,371,348,377,377,371,348,377,377,371,348,377,377,371,348,377,377,377,377,377,377,377,377,377,94.49,94.49,92.98,87.22,94.49,94.49,92.98,87.22,94.49,94.49,92.98,87.22,94.49,94.49,92.98,87.22,94.49,94.49,94.49,94.49,94.49,94.49,94.49,94.49,94.49,0.25,0.25,0.25,0.25,0.25,0.25,0.25,0.25,0.25,0.25,0.25,0.25,0.25,0.25,0.25,0.25,0.25,0.25,0.25,0.25,0.25,0.25,0.25,0.25,0.25,2025-2026,13385.0,24367.0,8904.0,46656.0
2026-08-22T00:00:00.000,CA,67295.0,58929.0,7775.0,51432.0,46329.0,4712.0,10631.0,7073.0,3245.0,7257.0,5094.0,2081.0,324.0,17.0,341.0,51.0,5.0,56.0,12.0,4.0,16.0,29.0,5.0,34.0,6.0,0.0,6.0,2.0,0.0,2.0,33.0,21.0,54.0,91.0,69.0,110.0,215.0,485.0,7.0,546.0,7.0,3.0,10.0,16.0,12.0,14.0,32.0,74.0,1.0,85.0,2.0,0.0,2.0,1.0,1.0,1.0,7.0,10.0,1.0,13.0,76.43,0.51,0.08,0.02,68.26,0.32,0.06,0.02,88.83,9.89,87.06,11.76,76.92,15.38,376,376,371,371,376,376,376,376,376,376,376,375,376,376,376,376,376,376,376,376,371,376,376,376,371,371,371,94.24,94.24,92.98,92.98,94.24,94.24,94.24,94.24,94.24,94.24,94.24,93.98,94.24,94.24,94.24,94.24,94.24,94.24,94.24,94.24,92.98,94.24,94.24,94.24,92.98,92.98,92.98,-0.25,-0.25,-0.25,-0.25,-0.25,-0.25,-0.25,-0.25,-0.25,-0.25,-0.25,-0.5,-0.25,-0.25,-0.25,-0.25,-0.25,-0.25,-0.25,-0.25,-0.25,-0.25,-0.25,-0.25,-0.25,-0.25,-0.25,1.57,0.33,0.64,0.54,0.97,3.0,8.11,1.6,1.41,0.33,0.05,0.12,0.09,0.17,0.38,1.21,0.24,0.22,0.1,0.0,0.02,0.01,0.01,0.03,0.26,0.03,0.03,1,1,1,1,1,1,78.62,60.6,72.02,64.13,0.55,0.22,0.41,0.15,0.09,0.06,0.08,0.0,0.02,0.05,0.03,0.0,9.97,8.95,29.41,10.71,11.76,0.0,12.5,16.67,0.0,3.13,162.5,35.0,33.82,25.45,80.33,13.16,29.68,31.25,40.0,-40.0,0.0,33.33,100.0,7.69,18.52,27.59,23.19,0.0,-100.0,-33.33,-50.0,0.0,-50.0,600.0,66.67,44.44,376,376,370,347,376,376,370,347,376,376,370,347,376,376,370,347,376,376,376,376,376,376,376,376,376,94.24,94.24,92.73,86.97,94.24,94.24,92.73,86.97,94.24,94.24,92.73,86.97,94.24,94.24,92.73,86.97,94.24,94.24,94.24,94.24,94.24,94.24,94.24,94.24,94.24,-0.25,-0.25,-0.25,-0.25,-0.25,-0.25,-0.25,-0.25,-0.25,-0.25,-0.25,-0.25,-0.25,-0.25,-0.25,-0.25,-0.25,-0.25,-0.25,-0.25,-0.25,-0.25,-0.25,-0.25,-0.25,2025-2026,13931.0,24452.0,8917.0,47300.0
2026-08-29T00:00:00.000,CA,67038.0,58720.0,7780.0,51621.0,46386.0,4800.0,10598.0,7054.0,3231.0,7281.0,5106.0,2089.0,457.0,25.0,482.0,77.0,4.0,81.0,7.0,2.0,9.0,42.0,4.0,46.0,13.0,0.0,13.0,3.0,1.0,4.0,47.0,27.0,74.0,123.0,102.0,136.0,315.0,676.0,5.0,755.0,6.0,6.0,12.0,20.0,15.0,22.0,49.0,106.0,0.0,118.0,13.0,3.0,16.0,1.0,3.0,1.0,1.0,6.0,0.0,22.0,77.0,0.72,0.12,0.01,68.7,0.43,0.12,0.04,89.54,9.8,89.83,10.17,27.27,72.73,373,373,368,368,373,373,373,373,373,373,373,373,373,373,373,373,373,373,373,373,368,373,373,373,368,368,368,93.48,93.48,92.23,92.23,93.48,93.48,93.48,93.48,93.48,93.48,93.48,93.48,93.48,93.48,93.48,93.48,93.48,93.48,93.48,93.48,92.23,93.48,93.48,93.48,92.23,92.23,92.23,-0.75,-0.75,-0.75,-0.75,-0.75,-0.75,-0.75,-0.75,-0.75,-0.75,-0.75,-0.5,-0.75,-0.75,-0.75,-0.75,-0.75,-0.75,-0.75,-0.75,-0.75,-0.75,-0.75,-0.75,-0.75,-0.75,-0.75,2.24,0.43,0.88,0.73,1.43,3.71,11.88,2.22,1.94,0.29,0.09,0.14,0.12,0.21,0.6,1.85,0.35,0.3,0.62,0.05,0.19,0.01,0.04,0.03,0.04,0.02,0.06,1,1,1,1,1,1,79.0,61.7,72.38,64.65,0.78,0.32,0.6,0.12,0.13,0.05,0.18,0.0,0.01,0.03,0.04,0.03,9.54,9.19,16.0,16.05,16.88,0.0,44.44,42.86,50.0,42.42,28.57,37.04,35.16,47.83,23.64,46.51,39.38,38.28,-14.29,100.0,20.0,25.0,25.0,57.14,53.13,43.24,38.82,550.0,,700.0,0.0,200.0,0.0,-85.71,-40.0,69.23,373,373,367,344,373,373,367,344,373,373,367,344,373,373,367,344,373,373,373,373,373,373,373,373,373,93.48,93.48,91.98,86.22,93.48,93.48,91.98,86.22,93.48,93.48,91.98,86.22,93.48,93.48,91.98,86.22,93.48,93.48,93.48,93.48,93.48,93.48,93.48,93.48,93.48,-0.75,-0.75,-0.75,-0.75,-0.75,-0.75,-0.75,-0.75,-0.75,-0.75,-0.75,-0.75,-0.75,-0.75,-0.75,-0.75,-0.75,-0.75,-0.75,-0.75,-0.75,-0.75,-0.75,-0.75,-0.75,2025-2026,14686.0,24570.0,8939.0,48195.0
2026-09-05T00:00:00.000,CA,66257.0,57825.0,7910.0,50883.0,45624.0,4891.0,10394.0,6798.0,3270.0,7218.0,4992.0,2122.0,502.0,35.0,537.0,95.0,4.0,99.0,6.0,6.0,12.0,44.0,7.0,51.0,13.0,0.0,13.0,2.0,3.0,5.0,49.0,33.0,82.0,129.0,115.0,145.0,318.0,707.0,0.0,789.0,8.0,5.0,13.0,19.0,24.0,36.0,59.0,138.0,0.0,151.0,8.0,0.0,8.0,1.0,1.0,0.0,3.0,5.0,0.0,13.0,76.8,0.81,0.15,0.02,69.44,0.49,0.13,0.05,89.61,10.39,91.39,8.61,38.46,61.54,362,362,357,357,362,362,362,362,362,362,362,360,362,362,362,362,362,362,362,362,357,362,362,362,357,357,357,90.73,90.73,89.47,89.47,90.73,90.73,90.73,90.73,90.73,90.73,90.73,90.23,90.73,90.73,90.73,90.73,90.73,90.73,90.73,90.73,89.47,90.73,90.73,90.73,89.47,89.47,89.47,-2.76,-2.76,-2.76,-2.76,-2.76,-2.76,-2.76,-2.76,-2.76,-2.76,-2.76,-3.26,-2.76,-2.76,-2.76,-2.76,-2.76,-2.76,-2.76,-2.76,-2.76,-2.76,-2.76,-2.76,-2.76,-2.76,-2.76,2.34,0.52,0.97,0.76,1.61,3.96,12.0,2.33,2.03,0.38,0.08,0.15,0.11,0.34,0.98,2.23,0.45,0.39,0.38,0.0,0.09,0.01,0.01,0.0,0.11,0.02,0.03,1,1,1,1,1,1,78.9,61.83,73.43,64.89,0.87,0.44,0.65,0.21,0.16,0.05,0.19,0.0,0.01,0.08,0.03,0.09,9.5,8.76,20.0,13.13,13.68,0.0,41.67,33.33,50.0,4.26,22.22,10.81,4.88,12.75,6.62,0.95,4.59,4.5,33.33,-16.67,8.33,-5.0,60.0,63.64,20.41,30.19,27.97,-38.46,-100.0,-50.0,0.0,-66.67,-100.0,200.0,-16.67,-40.91,362,362,356,334,362,362,356,334,362,362,356,334,362,362,356,334,362,362,362,362,362,362,362,362,362,90.73,90.73,89.22,83.71,90.73,90.73,89.22,83.71,90.73,90.73,89.22,83.71,90.73,90.73,89.22,83.71,90.73,90.73,90.73,90.73,90.73,90.73,90.73,90.73,90.73,-2.76,-2.76,-2.76,-2.51,-2.76,-2.76,-2.76,-2.51,-2.76,-2.76,-2.76,-2.51,-2.76,-2.76,-2.76,-2.51,-2.76,-2.76,-2.76,-2.76,-2.76,-2.76,-2.76,-2.76,-2.76,2025-2026,15475.0,24721.0,8952.0,49148.0
2026-09-12T00:00:00.000,CA,65202.0,56975.0,7775.0,50597.0,45443.0,4779.0,10371.0,6850.0,3246.0,7327.0,5128.0,2120.0,630.0,43.0,673.0,165.0,11.0,176.0,12.0,3.0,15.0,57.0,8.0,65.0,24.0,1.0,25.0,2.0,1.0,3.0,55.0,26.0,81.0,163.0,134.0,165.0,406.0,868.0,6.0,955.0,10.0,9.0,19.0,44.0,37.0,59.0,74.0,214.0,1.0,234.0,9.0,1.0,10.0,4.0,0.0,3.0,5.0,12.0,0.0,22.0,77.6,1.03,0.27,0.02,70.65,0.63,0.24,0.03,90.89,8.48,91.45,8.12,54.55,45.45,355,355,351,351,355,355,355,356,356,356,356,355,356,356,356,356,356,356,356,355,351,355,355,355,351,351,351,88.97,88.97,87.97,87.97,88.97,88.97,88.97,89.22,89.22,89.22,89.22,88.97,89.22,89.22,89.22,89.22,89.22,89.22,89.22,88.97,87.97,88.97,88.97,88.97,87.97,87.97,87.97,-1.75,-1.75,-1.5,-1.5,-1.75,-1.75,-1.75,-1.5,-1.5,-1.5,-1.5,-1.25,-1.5,-1.5,-1.5,-1.5,-1.5,-1.5,-1.5,-1.75,-1.5,-1.75,-1.75,-1.75,-1.5,-1.5,-1.5,2.62,0.41,0.96,0.96,1.88,4.51,15.32,2.86,2.46,0.48,0.14,0.22,0.26,0.52,1.61,2.79,0.7,0.6,0.43,0.02,0.12,0.02,0.0,0.08,0.19,0.04,0.06,1,0,1,0,1,0,79.76,61.47,74.86,65.31,1.11,0.55,0.83,0.25,0.29,0.14,0.35,0.03,0.02,0.04,0.03,0.03,9.66,9.05,18.6,14.2,14.55,9.09,20.0,16.67,33.33,12.24,-21.21,-1.22,26.36,16.52,13.79,27.67,22.77,21.04,25.0,80.0,46.15,131.58,54.17,63.89,25.42,55.07,54.97,12.5,,25.0,300.0,-100.0,,66.67,140.0,69.23,355,355,350,327,354,355,350,327,355,355,350,327,355,355,350,327,355,354,355,355,355,355,355,355,355,88.97,88.97,87.72,81.95,88.72,88.97,87.72,81.95,88.97,88.97,87.72,81.95,88.97,88.97,87.72,81.95,88.97,88.72,88.97,88.97,88.97,88.97,88.97,88.97,88.97,-1.75,-1.75,-1.5,-1.75,-2.01,-1.75,-1.5,-1.75,-1.75,-1.75,-1.5,-1.75,-1.75,-1.75,-1.5,-1.75,-1.75,-2.01,-1.75,-1.75,-1.75,-1.75,-1.75,-1.75,-1.75,2025-2026,16430.0,24955.0,8974.0,50359.0
2026-09-19T00:00:00.000,CA,66178.0,57726.0,7890.0,51473.0,46072.0,4869.0,10491.0,6913.0,3281.0,7347.0,5108.0,2171.0,776.0,37.0,813.0,205.0,17.0,222.0,7.0,5.0,12.0,69.0,13.0,82.0,31.0,5.0,36.0,2.0,1.0,3.0,45.0,25.0,70.0,194.0,153.0,178.0,468.0,993.0,0.0,1063.0,17.0,21.0,38.0,49.0,58.0,84.0,115.0,306.0,3.0,347.0,6.0,0.0,6.0,2.0,2.0,4.0,4.0,12.0,0.0,18.0,77.78,1.23,0.34,0.02,70.03,0.78,0.34,0.03,93.41,6.59,88.18,10.95,66.67,33.33,353,353,348,348,353,353,353,353,353,353,353,353,353,353,353,353,353,353,353,353,348,353,353,353,348,348,348,88.47,88.47,87.22,87.22,88.47,88.47,88.47,88.47,88.47,88.47,88.47,88.47,88.47,88.47,88.47,88.47,88.47,88.47,88.47,88.47,87.22,88.47,88.47,88.47,87.22,87.22,87.22,-0.5,-0.5,-0.75,-0.75,-0.5,-0.5,-0.5,-0.75,-0.75,-0.75,-0.75,-0.5,-0.75,-0.75,-0.75,-0.75,-0.75,-0.75,-0.75,-0.5,-0.75,-0.5,-0.5,-0.5,-0.75,-0.75,-0.75,2.15,0.39,0.83,1.14,2.15,4.86,17.65,3.27,2.74,0.81,0.33,0.45,0.29,0.81,2.29,4.34,1.01,0.89,0.29,0.0,0.07,0.01,0.03,0.11,0.15,0.04,0.05,1,0,1,0,1,0,79.81,61.71,73.89,66.17,1.34,0.47,1.0,0.4,0.36,0.22,0.45,0.15,0.01,0.06,0.03,0.03,10.09,8.89,35.14,16.22,15.12,29.41,25.0,28.57,20.0,-18.18,-3.85,-13.58,19.02,14.18,7.88,15.27,14.4,11.31,70.0,133.33,100.0,11.36,56.76,42.37,55.41,42.99,48.29,-33.33,-100.0,-40.0,-50.0,,33.33,-20.0,0.0,-18.18,353,353,347,324,353,353,347,324,353,353,347,324,353,353,347,324,353,353,353,353,353,353,353,353,353,88.47,88.47,86.97,81.2,88.47,88.47,86.97,81.2,88.47,88.47,86.97,81.2,88.47,88.47,86.97,81.2,88.47,88.47,88.47,88.47,88.47,88.47,88.47,88.47,88.47,-0.5,-0.5,-0.75,-0.75,-0.25,-0.5,-0.75,-0.75,-0.5,-0.5,-0.75,-0.75,-0.5,-0.5,-0.75,-0.75,-0.5,-0.25,-0.5,-0.5,-0.5,-0.5,-0.5,-0.5,-0.5,2025-2026,17493.0,25302.0,8992.0,51787.0
2026-09-26T00:00:00.000,CA,61297.0,53438.0,7451.0,47920.0,43019.0,4493.0,9904.0,6478.0,3134.0,6772.0,4671.0,2031.0,776.0,33.0,809.0,229.0,16.0,245.0,6.0,3.0,9.0,90.0,10.0,100.0,33.0,6.0,39.0,1.0,0.0,1.0,46.0,27.0,73.0,163.0,143.0,200.0,435.0,941.0,3.0,1017.0,22.0,27.0,49.0,50.0,63.0,89.0,133.0,335.0,2.0,386.0,11.0,0.0,11.0,0.0,2.0,3.0,4.0,9.0,0.0,20.0,78.18,1.32,0.4,0.01,68.38,1.01,0.39,0.01,92.53,7.18,86.79,12.69,45.0,55.0,322,322,316,316,322,322,322,321,321,321,322,322,322,322,321,322,322,322,322,322,316,322,322,322,316,316,316,80.7,80.7,79.2,79.2,80.7,80.7,80.7,80.45,80.45,80.45,80.7,80.7,80.7,80.7,80.45,80.7,80.7,80.7,80.7,80.7,79.2,80.7,80.7,80.7,79.2,79.2,79.2,-7.77,-7.77,-8.02,-8.02,-7.77,-7.77,-7.77,-8.02,-8.02,-8.02,-7.77,-7.77,-7.77,-7.77,-8.02,-7.77,-7.77,-7.77,-7.77,-7.77,-8.02,-7.77,-7.77,-7.77,-8.02,-8.02,-8.02,2.19,0.43,0.86,0.96,2.01,5.46,16.41,3.1,2.62,1.05,0.43,0.58,0.3,0.88,2.43,5.02,1.1,0.99,0.52,0.0,0.13,0.0,0.03,0.08,0.15,0.03,0.05,1,0,1,0,1,0,80.5,60.3,72.11,64.81,1.45,0.44,1.39,0.32,0.43,0.21,0.51,0.19,0.01,0.04,0.02,0.0,12.36,11.6,30.3,15.92,14.41,37.5,11.11,16.67,0.0,2.22,8.0,4.29,-15.98,-6.54,12.36,-7.05,-5.24,-4.33,29.41,28.57,28.95,2.04,8.62,5.95,15.65,9.48,11.24,83.33,,83.33,-100.0,0.0,-25.0,0.0,-25.0,11.11,322,322,315,292,322,322,315,292,322,322,315,292,322,322,315,292,321,321,321,321,321,321,321,321,321,80.7,80.7,78.95,73.18,80.7,80.7,78.95,73.18,80.7,80.7,78.95,73.18,80.7,80.7,78.95,73.18,80.45,80.45,80.45,80.45,80.45,80.45,80.45,80.45,80.45,-7.77,-7.77,-8.02,-8.02,-7.77,-7.77,-8.02,-8.02,-7.77,-7.77,-8.02,-8.02,-7.77,-7.77,-8.02,-8.02,-8.02,-8.02,-8.02,-8.02,-8.02,-8.02,-8.02,-8.02,-8.02,2025-2026,18510.0,25688.0,9012.0,53210.0
